-- phpMyAdmin SQL Dump
-- version 3.5.1
-- http://www.phpmyadmin.net
--
-- Host: localhost
-- Generation Time: Aug 29, 2012 at 07:41 AM
-- Server version: 5.1.36-community-log
-- PHP Version: 5.3.0

SET SQL_MODE="NO_AUTO_VALUE_ON_ZERO";
SET time_zone = "+00:00";


/*!40101 SET @OLD_CHARACTER_SET_CLIENT=@@CHARACTER_SET_CLIENT */;
/*!40101 SET @OLD_CHARACTER_SET_RESULTS=@@CHARACTER_SET_RESULTS */;
/*!40101 SET @OLD_COLLATION_CONNECTION=@@COLLATION_CONNECTION */;
/*!40101 SET NAMES utf8 */;

--
-- Database: `eleclerc`
--

-- --------------------------------------------------------

--
-- Table structure for table `comment`
--

CREATE TABLE IF NOT EXISTS `comment` (
  `com_id` int(11) NOT NULL AUTO_INCREMENT,
  `com_id_user` int(11) DEFAULT '0',
  `com_comments` longtext CHARACTER SET latin1 NOT NULL,
  `com_id_section` int(11) NOT NULL,
  PRIMARY KEY (`com_id`),
  KEY `index2` (`com_id_section`),
  KEY `com_id_section` (`com_id_section`),
  KEY `sec_id` (`com_id_section`),
  KEY `com_id_user` (`com_id_user`)
) ENGINE=InnoDB  DEFAULT CHARSET=utf8 AUTO_INCREMENT=18 ;

--
-- Dumping data for table `comment`
--

INSERT INTO `comment` (`com_id`, `com_id_user`, `com_comments`, `com_id_section`) VALUES
(17, 1, 'test', 9);

-- --------------------------------------------------------

--
-- Table structure for table `configuration`
--

CREATE TABLE IF NOT EXISTS `configuration` (
  `conf_id` int(11) NOT NULL AUTO_INCREMENT,
  `conf_tipo` varchar(45) CHARACTER SET latin1 NOT NULL,
  `conf_description` varchar(100) COLLATE latin1_general_ci NOT NULL,
  `conf_value` varchar(150) COLLATE latin1_general_ci DEFAULT NULL,
  PRIMARY KEY (`conf_id`)
) ENGINE=InnoDB  DEFAULT CHARSET=latin1 COLLATE=latin1_general_ci AUTO_INCREMENT=13 ;

--
-- Dumping data for table `configuration`
--

INSERT INTO `configuration` (`conf_id`, `conf_tipo`, `conf_description`, `conf_value`) VALUES
(1, 'JFrame', 'setIconImage', './images/logo12.jpg'),
(2, 'Email', 'smtpserver', 'auth.ptasp.com'),
(3, 'Email', 'port', '25'),
(4, 'Email', 'user', 'ep108651w@fafedis.pt'),
(5, 'Email', 'password', 'leclerc'),
(6, 'Email', 'auth', 'true'),
(7, 'Email', 'from', 'ep108651w@fafedis.pt'),
(8, 'Email', 'to', 'ricain59@gmail.com'),
(11, 'Email', 'charset', 'ISO-8859-1'),
(12, 'Email', 'imagesug', 'http://dl.dropbox.com/u/24467236/logo01.gif');

-- --------------------------------------------------------

--
-- Table structure for table `family`
--

CREATE TABLE IF NOT EXISTS `family` (
  `fam_id` int(11) NOT NULL,
  `fam_description` varchar(80) NOT NULL,
  PRIMARY KEY (`fam_id`)
) ENGINE=InnoDB DEFAULT CHARSET=utf8;

--
-- Dumping data for table `family`
--

INSERT INTO `family` (`fam_id`, `fam_description`) VALUES
(0, 'Loja'),
(1, 'PGC'),
(4, 'BAZAR'),
(5, 'PRODUTOSFRESCOS'),
(6, 'TEXTIL/CALCADO'),
(11, 'MERCEARIA'),
(12, 'BEBIDAS'),
(13, 'D.P.H'),
(41, 'BAZAR LIGEIRO PERMANENTE'),
(42, 'BAZAR LIGEIRO SASONAL'),
(43, 'BAZAR PESADO'),
(44, 'CULTURAL'),
(51, 'TALHO'),
(52, 'AVES'),
(53, 'CHARCUTARIA'),
(54, 'CREMARIA'),
(55, 'CONGELADOS'),
(56, 'FRUTASELEGUMES'),
(57, 'PADARIAPASTELARIA'),
(58, 'PEIXARIA'),
(61, 'TEXTILPERMANENTE'),
(62, 'TEXTILSAZONAL'),
(63, 'PUERICULTURA'),
(64, 'CALCADO'),
(111, 'MERCEARIASALGADA'),
(112, 'MERCEARIADOCE'),
(121, 'BEBIDASNAOALCOOLICAS'),
(122, 'BEBIDASALCOOLICAS'),
(123, 'VASILHAME'),
(124, 'CONJNATAL'),
(131, 'DROGARIA'),
(132, 'PERFUMARIA'),
(133, 'HIGIENE'),
(134, 'PARAFARMACIA'),
(411, 'BRICOLAGE'),
(412, 'AUTO/CYCLO'),
(413, 'MENAGE'),
(414, 'ANIMAIS'),
(421, 'BAGAGENS/SACOSDESPORTO'),
(422, 'ARLIVRE/CAMPISMO'),
(423, 'DESPORTO/CYCLOS'),
(424, 'BRINQUEDOS'),
(425, 'PAPELARIA'),
(426, 'JARDIM'),
(431, 'GRANDEDOMESTICO'),
(432, 'PEQUENOSDOMESTICOS'),
(433, 'S.A.V.'),
(434, 'FOTO/CINE/SOM'),
(441, 'LIVROS'),
(442, 'MUSICACDS'),
(443, 'FILMESDVD/VIDEO'),
(444, 'INFORMATICA'),
(445, 'BILHETEIRA'),
(511, 'TALHOL.S.'),
(512, 'TALHOATENDIMENTO'),
(521, 'AVESL.S.'),
(522, 'AVESATENDIMENTO'),
(531, 'CHARCUTARIAL.S.'),
(532, 'CHARCUTARIAATENDIMENTO'),
(541, 'QUEIJARIAATENDIMENTO'),
(542, 'CREMARIAL.S.'),
(551, 'CONGELADOSDOCE'),
(552, 'CONGELADOSSALGADOS'),
(561, 'FRUTAS'),
(562, 'LEGUMES'),
(563, 'LEGUMESEMBALADOS/SOPAS'),
(564, 'SUMOSFRESCOS'),
(565, 'LEGUMESSECOSECORTIDOS'),
(566, 'FRUTOSSECOS'),
(567, 'FLORESEPLANTAS'),
(569, 'CONSIMIVEISEEMBALFRUTAS.LEG.'),
(571, 'PADARIAATENDIMENTO'),
(572, 'PADARIAL.S.'),
(573, 'CROISSANTARIAATENDIMENTO'),
(574, 'CROISSANTARIAL.S'),
(575, 'PASTELARIAATENDIMENTO'),
(576, 'PASTELARIAL.S.'),
(581, 'PEIXARIAFRESCA'),
(582, 'PEIXARIACONGELADA'),
(583, 'BACALHAU'),
(611, 'BEBE0/24MESES'),
(612, 'CRIANÇA2/8ANOS'),
(613, 'JUNIOR8/16ANOS'),
(614, 'SENHORA'),
(615, 'HOMEM'),
(616, 'TEXTILLAR'),
(617, 'RETROSARIA'),
(621, 'BEBE0/24MESES'),
(622, 'CRIANÇA2/8ANOS'),
(623, 'JUNIOR6-16ANOS'),
(624, 'SENHORA'),
(625, 'HOMEM'),
(626, 'RETROSARIA/ACESSORIOSDEMODA'),
(631, 'PUERICULTURA'),
(641, 'CALCADO'),
(111100, 'ARROZ'),
(111102, 'VINAGRES'),
(111104, 'OLEO'),
(111106, 'AZEITE'),
(111108, 'LEGUMESSECOS'),
(111110, 'LEGUMESENLATADOS'),
(111112, 'LEGUMESEMVINAGREEOLEO'),
(111114, 'CONDIMENTOSEMOLHOS'),
(111116, 'SAL'),
(111118, 'ESPECIARIAS'),
(111120, 'MASSAS'),
(111122, 'SOPASECALDOS'),
(111124, 'FARINHAS'),
(111126, 'PURES/FECULAS'),
(111128, 'CONSERVASDEPEIXE'),
(111130, 'CONSERVASDECARNE'),
(111132, 'COZINHADOS'),
(112140, 'ACUCAR'),
(112142, 'CAFES'),
(112144, 'CHAS'),
(112146, 'ALIMENTOSPARABEBE'),
(112148, 'LEITE'),
(112150, 'ACHOCOLATADO'),
(112152, 'CEREAIS'),
(112154, 'DIETETICO'),
(112156, 'TOSTAS'),
(112158, 'PAOEAFINS'),
(112160, 'PASTELARIAINDUSTRIAL'),
(112162, 'BOLACHAS'),
(112164, 'SOBREMESAS'),
(112166, 'CHOCOLATES'),
(112168, 'AMENDOAS'),
(112170, 'CONFEITARIA'),
(112172, 'DOCES'),
(112174, 'FRUTASEMCALDA'),
(112176, 'FRUTOSSECOSECRISTALIZADOS'),
(112178, 'APERITIVOS'),
(121200, 'REFRIGERANTESC/GAS'),
(121205, 'REFRIGERANTESS/GAS'),
(121210, 'SUMOSENECTARES'),
(121220, 'AGUAS'),
(122230, 'CERVEJAECIDRA'),
(122235, 'VINHOS'),
(122240, 'CHAMPANHEEESPUMANTES'),
(122245, 'APERITIVO'),
(122250, 'DIGESTIVOS,LICORESEAGUARDAN'),
(123299, 'VASILHAME'),
(124201, 'CONJNATAL'),
(131300, 'LAVAGEM'),
(132310, 'PERFUMARIA'),
(133320, 'HIGIENE'),
(134330, 'PARAFARMACIA'),
(411400, 'FERRAMENTAS'),
(411401, 'QUINQUILHARIA'),
(411402, 'HIDRAULICA/AQUECIMENTO'),
(411403, 'ELECTRICIDADE'),
(411404, 'MADEIRAEDERIVADOS'),
(411405, 'CONSTRUCAO'),
(411406, 'PINTURA/FITAS/COLAS/VEDANTES'),
(411407, 'REVESTIMENTOSP/CHAOEPAREDES'),
(412410, 'CYCLO/MOTORIZADAS'),
(412411, 'AUTO'),
(413414, 'UTENSILIOSPARACOZINHAR'),
(413415, 'ACESSORIOSEUTENSILIOSDECOZ'),
(413416, 'ACESSORIOSDEMESA'),
(413417, 'ACESSORIOSDEMENAGE'),
(413418, 'ACESSORIOSDEGARRAFEIRA'),
(413419, 'TALHERES'),
(413420, 'PLASTICODEMENAGE'),
(413421, 'RECIPIENTES/CONSERVACAO'),
(413422, 'EMBALAGENS'),
(413423, 'RECIPIENTESDEVIDRO'),
(413424, 'LOICA'),
(413425, 'PRESENTES'),
(413426, 'DESCARTAVEISEARTIGOSP/FESTA'),
(413427, 'LIMPEZA'),
(413428, 'ACESSORIOSP/ROUPA'),
(413429, 'ARTIGOSP/CASADEBANHO'),
(413430, 'MOBILIARIO'),
(414433, 'ALIMENTACAO'),
(414434, 'ACESSORIOSP/ANIMAIS'),
(421440, 'SACOSDESPORTO'),
(421441, 'BAGAGENS'),
(422444, 'MOBILIARIO'),
(422445, 'JOGOSDEJARDIM'),
(422446, 'MATERIALCAMPISMO'),
(422447, 'PISCINASEACESSORIOS'),
(422448, 'REBOQUEEACESSORIOS'),
(423451, 'BICICLETAS'),
(423452, 'DESPORTO/PESCA/CACA'),
(424455, 'JOGOS/ACESS.DEVERAOECARNAV'),
(424456, 'BRINQUEDOSSECHEPLEURSPERM.'),
(424457, 'BRINQUEDOSDENATAL'),
(425460, 'CORRESPONDENCIA'),
(425461, 'ECRITURE'),
(425462, 'DESENHO'),
(425463, 'ADESIVOS'),
(425464, 'ACESSORIOS'),
(425465, 'PAPEL'),
(425466, 'ARQUIVOS'),
(425467, 'MOCHILAS'),
(425468, 'MOLDURASEALBUNSFOTOS'),
(425469, 'PAPELFANTASIA'),
(426472, 'FERRAMENTAS'),
(426473, 'REGA'),
(426474, 'VEDACOES/PROTECCOES'),
(426475, 'VASOSEACESSORIOS'),
(426476, 'SEMENTES/VEGETAIS/PLANTAS'),
(426477, 'PRODUTOSFITOSANITARIOS'),
(426478, 'TERRAEDERIVADOS'),
(426479, 'ELEMENTOSDEDECORACAOEXTERIO'),
(431700, 'MAQUINALAVARROUPA'),
(431701, 'MAQUINASECARAROUPA'),
(431702, 'MAQUINALAVARLOICA'),
(431703, 'FRIGORIFICOS'),
(431704, 'CONGELADORES'),
(431705, 'FOGOES'),
(431706, 'ENCASTRAVEIS'),
(431707, 'EXAUSTORES'),
(431708, 'AQUECIMENTO/ARCONDICIONADO'),
(432720, 'PEQU.DOMESTICOCOZINHA'),
(432721, 'PEQU.DOMESTICOHIG.BELEZA'),
(432722, 'PEQU.DOMESTICOCASA'),
(432723, 'VENTOINHAS/AQUEC./DESUMIFI'),
(432724, 'ACESSORIOSPEQU.DOMESTICO'),
(433730, 'ENTREGAS'),
(433731, 'REPARACOES'),
(433732, 'ALUGUER'),
(434740, 'FOTO/OPTICA'),
(434741, 'TELEVISAO/VIDEO'),
(434742, 'HIFI/PEQUENOSOM'),
(434743, 'SUPORTESMAGNETICOS'),
(434744, 'TELECOMUNICAOES'),
(434745, 'ACESSORIOSTV-HIFI/ANTENAS/AR'),
(434746, 'EQUIPAMENTOESCRITORIO'),
(434747, 'INSTRUMENTOSMUSICAIS'),
(441750, 'LIVROSDEBOLSO'),
(441751, 'LIVROSBANDADESENHADA'),
(441752, 'LIVROSLITERATURA'),
(441753, 'LIVROSTECNICOS'),
(441754, 'HISTORIA'),
(441755, 'DICTIONARIOSEENCICLOPEDIAS'),
(441756, 'LIVROSAPOIOESCOLAR'),
(441757, 'LIVROSINFANTIS/JUVENIS'),
(441758, 'FERIADOLIVRO'),
(441759, 'POSTERS/POSTAIS'),
(442762, 'CD'),
(442763, 'CASSETESGRAVADAS'),
(442764, 'DVDMUSICA'),
(443767, 'FILMES/DVD'),
(443768, 'FILMESVIDEO'),
(444770, 'INFORMATICAMATERIAL'),
(444771, 'COMUNICACOES/NUMERIQUE'),
(444772, 'SOFTWARES'),
(444773, 'INFORMATICAACESSORIOS/CONSUMI'),
(444774, 'LIVROSINFORMATICA'),
(444775, 'JOGOSECONSOLASVIDEO'),
(445790, 'BILHETEIRA'),
(511500, 'TALHOL.S.'),
(511501, 'CONSUMIVEIS/EMBALAGENSTALHOL'),
(512503, 'TALHOATENDIMENTO'),
(512504, 'CONSUMIVEIS/EMBALAGENSTALHOA'),
(521506, 'AVESL.S.'),
(521507, 'CONSUMIVEISEMBALAGENSLSAVES'),
(522509, 'AVESATENDIMENTO'),
(522510, 'CONSUMIVEIS/EMBAL.ATEND.AVES'),
(531512, 'CHARCUTARIAL.S.'),
(531513, 'CONSUMIVEIS/EMBALAG.CHARC.LS'),
(532515, 'CHARCUTARIAATENDIMENTO'),
(532516, 'CHARCUTARIAEMBALADAP/L.S.'),
(532517, 'CHURRASCARIA'),
(532518, 'CONSUMIVEIS/EMBALAG.CHARCUT.'),
(541520, 'QUEIJARIAATENDIMENTO'),
(541521, 'CONSUMIVEIS/EMBALAG.QUEIJARIA'),
(542523, 'LEITE'),
(542524, 'IOGURTES'),
(542525, 'SOBREMESAS'),
(542526, 'MANTEIGAS'),
(542527, 'MARGARINAS'),
(542528, 'NATASECHANTILLY'),
(542529, 'SUMOSFRESCOS'),
(542530, 'QUEIJARIA'),
(542531, 'OVOS'),
(551533, 'GELADOS'),
(551534, 'SOBREMESAS'),
(551535, 'FRUTAS/POLPA/SUMOSCONGELADOS'),
(552537, 'PEIXEEMARISCOS'),
(552538, 'CARNECONGELADA'),
(552539, 'BATATASELEGUMESCONGELADOS'),
(552540, 'PREPARACOESCOZINHADAS'),
(552541, 'MASSAS/PAOCONGELADOS'),
(552542, 'SACOSP/CONGELADOS'),
(552543, 'CONSUMIVEISEEMBALAGENSCONG.'),
(561544, 'FRUTAS'),
(561545, 'FRUTOSEXOTICOS'),
(561546, 'FRUTOSEMBALADOS'),
(562548, 'LEGUMES'),
(562549, 'LEGUMESEMBALADOS'),
(563551, 'LEGUMESCOZIDOS/SOPAS'),
(564553, 'SUMOSFRESCOS'),
(565555, 'LEGUMESSECOSECORTIDOS'),
(566557, 'FRUTOSSECOS'),
(567559, 'FLORES'),
(567560, 'PLANTAS'),
(569561, 'CONSIMIVEISEEMBAL.FRUTAS.LE'),
(571563, 'PADARIAATENDIMENTO'),
(571564, 'CONSUMIVEISEEMBAL.PAD.ATEND'),
(572566, 'PADARIAL.S.'),
(572567, 'CONSUMIVEISEEMBAL.PAD.L.S.'),
(573569, 'CROISSANTARIAATENDIMENTO'),
(573570, 'CONSUMIVEISCROISSANT.ATEND.'),
(574572, 'CROISSANTARIAL.S.'),
(574573, 'CONSUMIVEISCROISSANT.L.S.'),
(575575, 'PASTELARIADOCE'),
(575576, 'PASTELARIASALGADA'),
(575577, 'CONSUMIVEISPASTELARIAATEND.'),
(576575, 'PASTELARIA'),
(576579, 'PASTELARIADOCE'),
(576580, 'PASTELARIASALGADA'),
(576581, 'PASTELARIAINDUSTRIAL'),
(576582, 'CONSUMIVEISPASTELARIAL.S.'),
(581584, 'PEIXARIAFRESCAATENDIMENTO'),
(581585, 'PEIXARIAL.S'),
(581586, 'CONSUMIVEISPEIXARIAFRESCA'),
(582588, 'PEIXARIACONGELADA'),
(582589, 'CONSUMIVEISPEXARIACONGEL.'),
(583591, 'BACALHAUL.S.'),
(583592, 'BACALHAUATENDIMENTO'),
(583593, 'CONSUMIVEISBACALHAU'),
(611600, 'BEBE0/24MESES'),
(612601, 'CRIANÇA2/8ANOS'),
(613602, 'JUNIOR8/16ANOS'),
(614603, 'SENHORA'),
(615604, 'HOMEM'),
(616605, 'TEXTILLAR'),
(617606, 'RETROSARIA'),
(621610, 'BEBE0/24MESESMENINO'),
(621611, 'BEBE0/24MESESMENINA'),
(622612, 'CRIANÇA2/8ANOSMENINO'),
(622613, 'CRIANÇA2/8ANOSMENINA'),
(623614, 'JUNIOR6-16ANOSRAPAZ'),
(623615, 'JUNIOR6-16ANOSRAPARIGA'),
(624616, 'SENHORA'),
(625617, 'HOMEM'),
(626618, 'RETROSARIA/ACESSORIOSDEMODA'),
(631620, 'PUERICULTURA'),
(641630, 'CALCADO');

-- --------------------------------------------------------

--
-- Table structure for table `menumain`
--

CREATE TABLE IF NOT EXISTS `menumain` (
  `menu_id` int(11) NOT NULL AUTO_INCREMENT,
  `menu_number` int(11) NOT NULL,
  `menu_description` varchar(45) NOT NULL,
  PRIMARY KEY (`menu_id`),
  UNIQUE KEY `menu_num_UNIQUE` (`menu_number`),
  UNIQUE KEY `menu_description_UNIQUE` (`menu_description`),
  KEY `menu_num` (`menu_number`)
) ENGINE=InnoDB  DEFAULT CHARSET=utf8 AUTO_INCREMENT=13 ;

--
-- Dumping data for table `menumain`
--

INSERT INTO `menumain` (`menu_id`, `menu_number`, `menu_description`) VALUES
(1, 10, 'Ficheiro'),
(2, 11, 'Sugestão'),
(3, 20, 'Quebras'),
(4, 21, 'Importar Quebras'),
(5, 30, 'Administração'),
(6, 31, 'Utilizadores'),
(7, 12, 'Ver Sugestão'),
(8, 22, 'Ver Quebras'),
(9, 40, 'Resultados'),
(10, 41, 'Importar Vendas'),
(11, 42, 'Ver Vendas'),
(12, 43, 'Inserir Objetivos');

-- --------------------------------------------------------

--
-- Table structure for table `objetivos`
--

CREATE TABLE IF NOT EXISTS `objetivos` (
  `obj_id` int(11) NOT NULL AUTO_INCREMENT,
  `obj_fam_id` int(11) NOT NULL,
  `obj_date` date DEFAULT NULL,
  `obj_type` varchar(1) NOT NULL,
  `obj_value` decimal(12,3) NOT NULL DEFAULT '0.000',
  PRIMARY KEY (`obj_id`),
  KEY `obj_fam_id` (`obj_fam_id`)
) ENGINE=InnoDB  DEFAULT CHARSET=utf8 AUTO_INCREMENT=5 ;

--
-- Dumping data for table `objetivos`
--

INSERT INTO `objetivos` (`obj_id`, `obj_fam_id`, `obj_date`, `obj_type`, `obj_value`) VALUES
(3, 11, '2012-08-01', 'M', '15.000'),
(4, 11, '2012-08-02', 'D', '10.000');

-- --------------------------------------------------------

--
-- Table structure for table `quebras`
--

CREATE TABLE IF NOT EXISTS `quebras` (
  `que_id` int(11) NOT NULL AUTO_INCREMENT,
  `que_fam_id` int(11) NOT NULL,
  `que_tq_id` int(11) NOT NULL,
  `que_quantity` decimal(12,3) NOT NULL,
  `que_valor` decimal(12,3) NOT NULL,
  `que_date` date NOT NULL,
  PRIMARY KEY (`que_id`),
  KEY `que_fam_id` (`que_fam_id`,`que_tq_id`),
  KEY `que_tq_id` (`que_tq_id`)
) ENGINE=InnoDB  DEFAULT CHARSET=utf8 AUTO_INCREMENT=554 ;

--
-- Dumping data for table `quebras`
--

INSERT INTO `quebras` (`que_id`, `que_fam_id`, `que_tq_id`, `que_quantity`, `que_valor`, `que_date`) VALUES
(105, 112140, 4, '2.000', '2.450', '2012-08-02'),
(106, 112166, 4, '2.000', '2.300', '2012-08-02'),
(107, 112, 4, '4.000', '4.760', '2012-08-02'),
(108, 11, 4, '4.000', '4.760', '2012-08-02'),
(109, 121200, 4, '1.000', '0.740', '2012-08-02'),
(110, 121205, 4, '1.000', '1.060', '2012-08-02'),
(111, 121220, 4, '2.000', '0.720', '2012-08-02'),
(112, 121, 4, '4.000', '2.520', '2012-08-02'),
(113, 12, 4, '4.000', '2.520', '2012-08-02'),
(114, 131300, 4, '3.000', '11.760', '2012-08-02'),
(115, 131, 4, '3.000', '11.760', '2012-08-02'),
(116, 132310, 4, '20.000', '125.910', '2012-08-02'),
(117, 132, 4, '20.000', '125.910', '2012-08-02'),
(118, 133320, 4, '1.000', '2.820', '2012-08-02'),
(119, 133, 4, '1.000', '2.820', '2012-08-02'),
(120, 134330, 4, '1.000', '2.460', '2012-08-02'),
(121, 134, 4, '1.000', '2.460', '2012-08-02'),
(122, 13, 4, '25.000', '142.950', '2012-08-02'),
(123, 1, 4, '33.000', '150.240', '2012-08-02'),
(124, 411400, 4, '2.000', '8.580', '2012-08-02'),
(125, 411401, 4, '4.000', '15.560', '2012-08-02'),
(126, 411403, 4, '4.000', '3.010', '2012-08-02'),
(127, 411406, 4, '5.000', '16.260', '2012-08-02'),
(128, 411, 4, '15.000', '43.420', '2012-08-02'),
(129, 412411, 4, '3.000', '6.230', '2012-08-02'),
(130, 412, 4, '3.000', '6.230', '2012-08-02'),
(131, 413421, 4, '1.000', '1.420', '2012-08-02'),
(132, 413427, 4, '1.000', '0.360', '2012-08-02'),
(133, 413, 4, '2.000', '1.790', '2012-08-02'),
(134, 41, 4, '20.000', '51.450', '2012-08-02'),
(135, 423452, 4, '2.000', '7.800', '2012-08-02'),
(136, 423, 4, '2.000', '7.800', '2012-08-02'),
(137, 424456, 4, '1.000', '0.350', '2012-08-02'),
(138, 424457, 4, '3.000', '9.190', '2012-08-02'),
(139, 424, 4, '4.000', '9.540', '2012-08-02'),
(140, 425461, 4, '1.000', '0.230', '2012-08-02'),
(141, 425464, 4, '3.000', '0.820', '2012-08-02'),
(142, 425, 4, '4.000', '1.050', '2012-08-02'),
(143, 426473, 4, '1.000', '1.700', '2012-08-02'),
(144, 426, 4, '1.000', '1.700', '2012-08-02'),
(145, 42, 4, '11.000', '20.100', '2012-08-02'),
(146, 444775, 4, '1.000', '15.640', '2012-08-02'),
(147, 444, 4, '1.000', '15.640', '2012-08-02'),
(148, 44, 4, '1.000', '15.640', '2012-08-02'),
(149, 4, 4, '32.000', '87.200', '2012-08-02'),
(150, 614603, 4, '1.000', '4.130', '2012-08-02'),
(151, 614, 4, '1.000', '4.130', '2012-08-02'),
(152, 61, 4, '1.000', '4.130', '2012-08-02'),
(153, 626618, 4, '2.000', '11.250', '2012-08-02'),
(154, 626, 4, '2.000', '11.250', '2012-08-02'),
(155, 62, 4, '2.000', '11.250', '2012-08-02'),
(156, 6, 4, '3.000', '15.380', '2012-08-02'),
(157, 542523, 10, '12.000', '5.900', '2012-08-03'),
(158, 542524, 10, '24.000', '26.820', '2012-08-03'),
(159, 542525, 10, '2.000', '0.960', '2012-08-03'),
(160, 542526, 10, '4.000', '6.920', '2012-08-03'),
(161, 542528, 10, '125.000', '126.440', '2012-08-03'),
(162, 542530, 10, '36.496', '65.120', '2012-08-03'),
(163, 542531, 10, '3.000', '3.000', '2012-08-03'),
(164, 542, 10, '206.496', '235.170', '2012-08-03'),
(165, 54, 10, '206.496', '235.170', '2012-08-03'),
(166, 5, 10, '206.496', '235.170', '2012-08-03'),
(187, 614603, 4, '1.000', '1.910', '2012-08-08'),
(188, 614603, 10, '1.000', '0.420', '2012-08-08'),
(189, 614, 4, '1.000', '1.910', '2012-08-08'),
(190, 614, 10, '1.000', '0.420', '2012-08-08'),
(191, 61, 4, '1.000', '1.910', '2012-08-08'),
(192, 61, 10, '1.000', '0.420', '2012-08-08'),
(193, 624616, 5, '9.000', '58.420', '2012-08-08'),
(194, 624, 5, '9.000', '58.420', '2012-08-08'),
(195, 625617, 5, '1.000', '11.450', '2012-08-08'),
(196, 625617, 10, '1.000', '4.530', '2012-08-08'),
(197, 625, 5, '1.000', '11.450', '2012-08-08'),
(198, 625, 10, '1.000', '4.530', '2012-08-08'),
(199, 62, 5, '11.000', '78.340', '2012-08-08'),
(200, 62, 10, '1.000', '4.530', '2012-08-08'),
(201, 631620, 5, '1.000', '1.560', '2012-08-08'),
(202, 631620, 10, '1.000', '8.660', '2012-08-08'),
(203, 631, 5, '1.000', '1.560', '2012-08-08'),
(204, 631, 10, '1.000', '8.660', '2012-08-08'),
(205, 63, 5, '1.000', '1.560', '2012-08-08'),
(206, 63, 10, '1.000', '8.660', '2012-08-08'),
(207, 641630, 5, '7.000', '41.890', '2012-08-08'),
(208, 641630, 10, '6.000', '53.100', '2012-08-08'),
(209, 641, 5, '7.000', '41.890', '2012-08-08'),
(210, 641, 10, '6.000', '53.100', '2012-08-08'),
(211, 64, 5, '7.000', '41.890', '2012-08-08'),
(212, 64, 10, '6.000', '53.100', '2012-08-08'),
(213, 6, 4, '1.000', '1.910', '2012-08-08'),
(214, 6, 5, '19.000', '121.790', '2012-08-08'),
(215, 6, 10, '9.000', '66.720', '2012-08-08'),
(216, 434744, 9, '18.000', '360.000', '2012-08-09'),
(217, 434, 9, '18.000', '360.000', '2012-08-09'),
(218, 43, 9, '18.000', '360.000', '2012-08-09'),
(219, 4, 9, '18.000', '360.000', '2012-08-09'),
(220, 111116, 10, '4.000', '4.680', '2012-08-10'),
(221, 111, 10, '4.000', '4.680', '2012-08-10'),
(222, 11, 10, '4.000', '4.680', '2012-08-10'),
(223, 1, 10, '4.000', '4.680', '2012-08-10'),
(224, 541520, 10, '5.000', '4.120', '2012-08-10'),
(225, 541, 10, '5.000', '4.120', '2012-08-10'),
(226, 542523, 10, '38.000', '30.470', '2012-08-10'),
(227, 542524, 10, '53.000', '80.340', '2012-08-10'),
(228, 542525, 10, '27.000', '20.300', '2012-08-10'),
(229, 542526, 10, '1.000', '1.270', '2012-08-10'),
(230, 542528, 10, '42.000', '60.600', '2012-08-10'),
(231, 542529, 10, '1.000', '1.200', '2012-08-10'),
(232, 542530, 10, '54.959', '78.950', '2012-08-10'),
(233, 542531, 10, '3.000', '3.140', '2012-08-10'),
(234, 542, 10, '219.959', '276.300', '2012-08-10'),
(235, 54, 10, '224.959', '280.420', '2012-08-10'),
(236, 551533, 10, '35.000', '119.080', '2012-08-10'),
(237, 551, 10, '35.000', '119.080', '2012-08-10'),
(238, 552541, 10, '4.000', '3.550', '2012-08-10'),
(239, 552, 10, '4.000', '3.550', '2012-08-10'),
(240, 55, 10, '39.000', '122.630', '2012-08-10'),
(241, 561544, 10, '101.350', '58.420', '2012-08-10'),
(242, 561545, 10, '128.891', '82.100', '2012-08-10'),
(243, 561546, 10, '3.000', '4.050', '2012-08-10'),
(244, 561, 10, '233.241', '144.580', '2012-08-10'),
(245, 562548, 10, '79.250', '54.580', '2012-08-10'),
(246, 562549, 10, '57.000', '63.900', '2012-08-10'),
(247, 562, 10, '136.250', '118.480', '2012-08-10'),
(248, 567560, 10, '12.000', '10.560', '2012-08-10'),
(249, 567, 10, '12.000', '10.560', '2012-08-10'),
(250, 56, 10, '381.491', '273.630', '2012-08-10'),
(251, 581584, 10, '20.930', '80.530', '2012-08-10'),
(252, 581, 10, '20.930', '80.530', '2012-08-10'),
(253, 58, 10, '20.930', '80.530', '2012-08-10'),
(254, 5, 10, '666.380', '757.220', '2012-08-10'),
(255, 511500, 10, '54.654', '206.470', '2012-08-12'),
(256, 511, 10, '54.654', '206.470', '2012-08-12'),
(257, 51, 10, '54.654', '206.470', '2012-08-12'),
(258, 521506, 10, '47.426', '129.850', '2012-08-12'),
(259, 521, 5, '47.426', '129.850', '2012-08-12'),
(260, 52, 10, '47.426', '129.850', '2012-08-12'),
(261, 531512, 10, '102.000', '150.990', '2012-08-12'),
(262, 531, 10, '102.000', '150.990', '2012-08-12'),
(263, 532515, 10, '0.367', '2.930', '2012-08-12'),
(264, 532517, 10, '12.959', '23.450', '2012-08-12'),
(265, 532, 10, '13.326', '26.390', '2012-08-12'),
(266, 53, 10, '115.326', '177.380', '2012-08-12'),
(267, 541520, 10, '16.082', '68.180', '2012-08-12'),
(268, 541, 10, '16.082', '68.180', '2012-08-12'),
(269, 54, 10, '16.082', '68.180', '2012-08-12'),
(270, 5, 10, '233.488', '581.900', '2012-08-12'),
(271, 111100, 5, '3.000', '2.070', '2012-08-13'),
(272, 111120, 5, '7.607', '2.320', '2012-08-13'),
(273, 111, 5, '10.607', '4.390', '2012-08-13'),
(274, 112140, 5, '2.000', '1.840', '2012-08-13'),
(275, 112146, 5, '1.000', '2.050', '2012-08-13'),
(276, 112150, 5, '1.000', '1.060', '2012-08-13'),
(277, 112156, 5, '5.000', '4.320', '2012-08-13'),
(278, 112160, 5, '3.000', '3.090', '2012-08-13'),
(279, 112164, 5, '3.000', '5.110', '2012-08-13'),
(280, 112166, 5, '1.000', '0.480', '2012-08-13'),
(281, 112170, 5, '7.000', '12.620', '2012-08-13'),
(282, 112172, 5, '1.000', '0.450', '2012-08-13'),
(283, 112178, 5, '5.000', '2.040', '2012-08-13'),
(284, 112, 5, '29.000', '33.100', '2012-08-13'),
(285, 11, 5, '39.607', '37.490', '2012-08-13'),
(286, 131300, 5, '1.000', '17.040', '2012-08-13'),
(287, 131, 5, '1.000', '17.040', '2012-08-13'),
(288, 132310, 5, '5.000', '14.220', '2012-08-13'),
(289, 132, 5, '5.000', '14.220', '2012-08-13'),
(290, 133320, 5, '2.000', '2.820', '2012-08-13'),
(291, 133, 5, '2.000', '2.820', '2012-08-13'),
(292, 13, 5, '8.000', '34.090', '2012-08-13'),
(293, 1, 5, '47.607', '71.580', '2012-08-13'),
(294, 411406, 10, '1.000', '2.860', '2012-08-13'),
(295, 411, 10, '1.000', '2.860', '2012-08-13'),
(296, 413427, 10, '1.000', '1.960', '2012-08-13'),
(297, 413, 10, '1.000', '1.960', '2012-08-13'),
(298, 41, 10, '2.000', '4.830', '2012-08-13'),
(299, 4, 10, '2.000', '4.830', '2012-08-13'),
(300, 542524, 5, '30.000', '52.900', '2012-08-13'),
(301, 542525, 5, '8.000', '6.430', '2012-08-13'),
(302, 542527, 5, '50.000', '113.050', '2012-08-13'),
(303, 542, 5, '88.000', '172.390', '2012-08-13'),
(304, 54, 5, '88.000', '172.390', '2012-08-13'),
(305, 572566, 5, '16.000', '6.820', '2012-08-13'),
(306, 572, 5, '16.000', '6.820', '2012-08-13'),
(307, 57, 5, '16.000', '6.820', '2012-08-13'),
(308, 5, 5, '104.000', '179.220', '2012-08-13'),
(309, 111100, 5, '12.000', '9.320', '2012-08-14'),
(310, 111108, 5, '3.000', '2.220', '2012-08-14'),
(311, 111116, 5, '1.000', '0.120', '2012-08-14'),
(312, 111120, 5, '14.000', '10.080', '2012-08-14'),
(313, 111124, 5, '2.000', '0.940', '2012-08-14'),
(314, 111128, 5, '1.000', '0.840', '2012-08-14'),
(315, 111130, 5, '12.000', '14.070', '2012-08-14'),
(316, 111132, 5, '1.000', '0.450', '2012-08-14'),
(317, 111, 5, '46.000', '38.070', '2012-08-14'),
(318, 112140, 5, '1.000', '0.870', '2012-08-14'),
(319, 112142, 5, '5.000', '7.940', '2012-08-14'),
(320, 112146, 5, '8.000', '10.070', '2012-08-14'),
(321, 112152, 5, '9.000', '17.280', '2012-08-14'),
(322, 112156, 5, '26.000', '18.600', '2012-08-14'),
(323, 112158, 5, '5.000', '3.970', '2012-08-14'),
(324, 112160, 5, '41.000', '48.990', '2012-08-14'),
(325, 112164, 5, '1.000', '1.560', '2012-08-14'),
(326, 112166, 5, '21.000', '15.780', '2012-08-14'),
(327, 112170, 5, '110.000', '63.860', '2012-08-14'),
(328, 112178, 5, '51.000', '49.970', '2012-08-14'),
(329, 112, 5, '278.000', '238.940', '2012-08-14'),
(330, 11, 5, '324.000', '277.020', '2012-08-14'),
(331, 131300, 5, '1.000', '1.560', '2012-08-14'),
(332, 131, 5, '1.000', '1.560', '2012-08-14'),
(333, 132310, 5, '13.000', '42.840', '2012-08-14'),
(334, 132, 5, '13.000', '42.840', '2012-08-14'),
(335, 133320, 5, '40.000', '39.620', '2012-08-14'),
(336, 133, 5, '40.000', '39.620', '2012-08-14'),
(337, 13, 5, '54.000', '84.030', '2012-08-14'),
(338, 1, 5, '378.000', '361.050', '2012-08-14'),
(339, 412411, 5, '1.000', '1.540', '2012-08-14'),
(340, 412, 5, '1.000', '1.540', '2012-08-14'),
(341, 413422, 5, '1.000', '0.610', '2012-08-14'),
(342, 413424, 5, '4.000', '2.200', '2012-08-14'),
(343, 413, 5, '5.000', '2.810', '2012-08-14'),
(344, 41, 5, '6.000', '4.350', '2012-08-14'),
(345, 4, 5, '6.000', '4.350', '2012-08-14'),
(346, 531512, 5, '6.000', '4.470', '2012-08-14'),
(347, 531, 5, '6.000', '4.470', '2012-08-14'),
(348, 53, 5, '6.000', '4.470', '2012-08-14'),
(349, 542523, 5, '7.000', '5.460', '2012-08-14'),
(350, 542524, 5, '134.000', '197.290', '2012-08-14'),
(351, 542525, 5, '51.000', '37.590', '2012-08-14'),
(352, 542527, 5, '1.000', '1.460', '2012-08-14'),
(353, 542528, 5, '24.000', '21.280', '2012-08-14'),
(354, 542529, 5, '2.000', '2.330', '2012-08-14'),
(355, 542530, 5, '14.000', '30.490', '2012-08-14'),
(356, 542, 5, '233.000', '295.930', '2012-08-14'),
(357, 54, 5, '233.000', '295.930', '2012-08-14'),
(358, 551533, 5, '23.000', '44.970', '2012-08-14'),
(359, 551534, 5, '8.000', '15.100', '2012-08-14'),
(360, 551, 5, '31.000', '60.080', '2012-08-14'),
(361, 552537, 5, '18.000', '40.630', '2012-08-14'),
(362, 552538, 5, '2.000', '7.060', '2012-08-14'),
(363, 552539, 5, '10.000', '8.640', '2012-08-14'),
(364, 552540, 5, '47.000', '79.750', '2012-08-14'),
(365, 552, 5, '77.000', '136.080', '2012-08-14'),
(366, 55, 5, '108.000', '196.170', '2012-08-14'),
(367, 566557, 5, '1.000', '1.100', '2012-08-14'),
(368, 566, 5, '1.000', '1.100', '2012-08-14'),
(369, 56, 5, '1.000', '1.100', '2012-08-14'),
(370, 572566, 5, '203.599', '58.860', '2012-08-14'),
(371, 572, 5, '203.599', '58.860', '2012-08-14'),
(372, 57, 5, '203.599', '58.860', '2012-08-14'),
(373, 5, 5, '551.599', '556.540', '2012-08-14'),
(374, 111100, 5, '13.000', '10.070', '2012-08-16'),
(375, 111102, 5, '1.000', '0.310', '2012-08-16'),
(376, 111120, 5, '8.000', '5.140', '2012-08-16'),
(377, 111, 5, '22.000', '15.540', '2012-08-16'),
(378, 112140, 5, '6.000', '6.850', '2012-08-16'),
(379, 112142, 5, '3.000', '4.660', '2012-08-16'),
(380, 112160, 5, '12.000', '16.940', '2012-08-16'),
(381, 112162, 5, '1.000', '1.120', '2012-08-16'),
(382, 112166, 5, '1.000', '0.910', '2012-08-16'),
(383, 112170, 5, '5.000', '4.190', '2012-08-16'),
(384, 112178, 5, '3.000', '2.040', '2012-08-16'),
(385, 112, 5, '31.000', '36.740', '2012-08-16'),
(386, 11, 5, '53.000', '52.280', '2012-08-16'),
(387, 121205, 5, '43.000', '43.220', '2012-08-16'),
(388, 121210, 5, '1.000', '1.160', '2012-08-16'),
(389, 121, 5, '44.000', '44.380', '2012-08-16'),
(390, 12, 5, '44.000', '44.380', '2012-08-16'),
(391, 131300, 5, '10.000', '38.010', '2012-08-16'),
(392, 131, 5, '10.000', '38.010', '2012-08-16'),
(393, 132310, 5, '3.000', '6.340', '2012-08-16'),
(394, 132, 5, '3.000', '6.340', '2012-08-16'),
(395, 133320, 5, '1.000', '0.550', '2012-08-16'),
(396, 133, 5, '1.000', '0.550', '2012-08-16'),
(397, 134330, 5, '1.000', '3.520', '2012-08-16'),
(398, 134, 5, '1.000', '3.520', '2012-08-16'),
(399, 13, 5, '15.000', '48.430', '2012-08-16'),
(400, 1, 5, '112.000', '145.110', '2012-08-16'),
(401, 424457, 5, '1.000', '11.190', '2012-08-16'),
(402, 424, 5, '1.000', '11.190', '2012-08-16'),
(403, 42, 5, '1.000', '11.190', '2012-08-16'),
(404, 4, 5, '1.000', '11.190', '2012-08-16'),
(405, 531512, 5, '10.000', '8.520', '2012-08-16'),
(406, 531, 5, '10.000', '8.520', '2012-08-16'),
(407, 53, 5, '10.000', '8.520', '2012-08-16'),
(408, 542524, 5, '30.000', '42.820', '2012-08-16'),
(409, 542525, 5, '8.000', '7.640', '2012-08-16'),
(410, 542527, 5, '1.000', '0.970', '2012-08-16'),
(411, 542530, 5, '4.000', '3.920', '2012-08-16'),
(412, 542, 5, '43.000', '55.350', '2012-08-16'),
(413, 54, 5, '43.000', '55.350', '2012-08-16'),
(414, 552537, 5, '2.000', '3.760', '2012-08-16'),
(415, 552, 5, '2.000', '3.760', '2012-08-16'),
(416, 55, 5, '2.000', '3.760', '2012-08-16'),
(417, 5, 5, '55.000', '67.640', '2012-08-16'),
(418, 111100, 5, '1.000', '0.670', '2012-08-17'),
(419, 111110, 5, '2.000', '3.200', '2012-08-17'),
(420, 111120, 5, '1.000', '0.300', '2012-08-17'),
(421, 111132, 5, '2.000', '2.270', '2012-08-17'),
(422, 111, 5, '6.000', '6.460', '2012-08-17'),
(423, 112160, 5, '1.000', '1.470', '2012-08-17'),
(424, 112, 5, '1.000', '1.470', '2012-08-17'),
(425, 11, 5, '7.000', '7.930', '2012-08-17'),
(426, 1, 5, '7.000', '7.930', '2012-08-17'),
(427, 542524, 5, '3.000', '8.290', '2012-08-17'),
(428, 542, 5, '3.000', '8.290', '2012-08-17'),
(429, 54, 5, '3.000', '8.290', '2012-08-17'),
(430, 5, 5, '3.000', '8.290', '2012-08-17'),
(431, 111116, 10, '4.000', '4.680', '2012-08-20'),
(432, 111, 10, '4.000', '4.680', '2012-08-20'),
(433, 11, 10, '4.000', '4.680', '2012-08-20'),
(434, 1, 10, '4.000', '4.680', '2012-08-20'),
(435, 541520, 10, '5.000', '4.120', '2012-08-20'),
(436, 541, 10, '5.000', '4.120', '2012-08-20'),
(437, 542523, 10, '38.000', '30.470', '2012-08-20'),
(438, 542524, 10, '53.000', '81.230', '2012-08-20'),
(439, 542525, 10, '27.000', '20.300', '2012-08-20'),
(440, 542526, 10, '1.000', '1.180', '2012-08-20'),
(441, 542528, 10, '42.000', '60.600', '2012-08-20'),
(442, 542529, 10, '1.000', '1.180', '2012-08-20'),
(443, 542530, 10, '54.959', '78.830', '2012-08-20'),
(444, 542531, 10, '3.000', '3.140', '2012-08-20'),
(445, 542, 10, '219.959', '276.960', '2012-08-20'),
(446, 54, 10, '224.959', '281.080', '2012-08-20'),
(447, 551533, 10, '35.000', '119.080', '2012-08-20'),
(448, 551, 10, '35.000', '119.080', '2012-08-20'),
(449, 552541, 10, '4.000', '3.620', '2012-08-20'),
(450, 552, 10, '4.000', '3.620', '2012-08-20'),
(451, 55, 10, '39.000', '122.700', '2012-08-20'),
(452, 561544, 10, '277.950', '145.700', '2012-08-20'),
(453, 561545, 10, '477.063', '358.960', '2012-08-20'),
(454, 561546, 10, '19.000', '16.990', '2012-08-20'),
(455, 561, 10, '774.013', '521.660', '2012-08-20'),
(456, 562548, 10, '157.500', '128.750', '2012-08-20'),
(457, 562549, 10, '140.800', '160.310', '2012-08-20'),
(458, 562, 10, '298.300', '289.060', '2012-08-20'),
(459, 565555, 10, '1.000', '0.490', '2012-08-20'),
(460, 565, 10, '1.000', '0.490', '2012-08-20'),
(461, 567560, 10, '25.000', '22.000', '2012-08-20'),
(462, 567, 10, '25.000', '22.000', '2012-08-20'),
(463, 56, 10, '1098.313', '833.210', '2012-08-20'),
(464, 581584, 10, '83.180', '271.190', '2012-08-20'),
(465, 581, 10, '83.180', '271.190', '2012-08-20'),
(466, 582588, 10, '0.485', '2.620', '2012-08-20'),
(467, 582, 10, '0.485', '2.620', '2012-08-20'),
(468, 58, 10, '83.665', '273.820', '2012-08-20'),
(469, 5, 10, '1445.937', '1510.820', '2012-08-20'),
(470, 542523, 10, '2.000', '2.120', '2012-08-21'),
(471, 542524, 10, '45.000', '73.380', '2012-08-21'),
(472, 542525, 10, '13.000', '4.310', '2012-08-21'),
(473, 542526, 10, '3.000', '4.990', '2012-08-21'),
(474, 542527, 10, '63.000', '113.560', '2012-08-21'),
(475, 542528, 10, '12.000', '17.310', '2012-08-21'),
(476, 542529, 10, '3.000', '3.840', '2012-08-21'),
(477, 542530, 10, '15.000', '18.830', '2012-08-21'),
(478, 542, 10, '156.000', '238.380', '2012-08-21'),
(479, 54, 10, '156.000', '238.380', '2012-08-21'),
(480, 552540, 10, '1.000', '1.380', '2012-08-21'),
(481, 552, 10, '1.000', '1.380', '2012-08-21'),
(482, 55, 10, '1.000', '1.380', '2012-08-21'),
(483, 5, 10, '157.000', '239.760', '2012-08-21'),
(484, 111100, 5, '1.000', '0.970', '2012-08-23'),
(485, 111108, 5, '1.000', '1.090', '2012-08-23'),
(486, 111116, 5, '2.000', '0.240', '2012-08-23'),
(487, 111120, 5, '2.000', '1.400', '2012-08-23'),
(488, 111, 5, '6.000', '3.710', '2012-08-23'),
(489, 112140, 5, '5.000', '4.500', '2012-08-23'),
(490, 112142, 5, '2.000', '2.210', '2012-08-23'),
(491, 112146, 5, '23.000', '42.280', '2012-08-23'),
(492, 112152, 5, '1.000', '1.250', '2012-08-23'),
(493, 112158, 5, '8.000', '9.300', '2012-08-23'),
(494, 112160, 5, '6.000', '3.990', '2012-08-23'),
(495, 112162, 5, '103.000', '160.910', '2012-08-23'),
(496, 112164, 5, '1.000', '1.710', '2012-08-23'),
(497, 112166, 5, '1.000', '1.850', '2012-08-23'),
(498, 112170, 5, '5.000', '5.960', '2012-08-23'),
(499, 112174, 5, '10.000', '16.260', '2012-08-23'),
(500, 112178, 5, '1.000', '0.760', '2012-08-23'),
(501, 112, 5, '166.000', '251.020', '2012-08-23'),
(502, 11, 5, '172.000', '254.730', '2012-08-23'),
(503, 132310, 5, '5.000', '4.940', '2012-08-23'),
(504, 132, 5, '5.000', '4.940', '2012-08-23'),
(505, 133320, 5, '1.000', '9.140', '2012-08-23'),
(506, 133, 5, '1.000', '9.140', '2012-08-23'),
(507, 13, 5, '6.000', '14.090', '2012-08-23'),
(508, 1, 5, '178.000', '268.820', '2012-08-23'),
(509, 423452, 5, '2.000', '32.180', '2012-08-23'),
(510, 423, 5, '2.000', '32.180', '2012-08-23'),
(511, 42, 5, '2.000', '32.180', '2012-08-23'),
(512, 4, 5, '2.000', '32.180', '2012-08-23'),
(513, 542523, 5, '6.000', '6.870', '2012-08-23'),
(514, 542524, 5, '40.000', '67.620', '2012-08-23'),
(515, 542525, 5, '62.000', '48.810', '2012-08-23'),
(516, 542527, 5, '1.000', '1.460', '2012-08-23'),
(517, 542530, 5, '20.317', '37.480', '2012-08-23'),
(518, 542, 5, '129.317', '162.240', '2012-08-23'),
(519, 54, 5, '129.317', '162.240', '2012-08-23'),
(520, 572566, 5, '45.500', '12.040', '2012-08-23'),
(521, 572, 5, '45.500', '12.040', '2012-08-23'),
(522, 57, 5, '45.500', '12.040', '2012-08-23'),
(523, 5, 5, '174.817', '174.290', '2012-08-23'),
(524, 111100, 5, '1.000', '0.790', '2012-08-24'),
(525, 111, 5, '1.000', '0.790', '2012-08-24'),
(526, 112146, 5, '4.000', '14.750', '2012-08-24'),
(527, 112158, 5, '14.000', '6.830', '2012-08-24'),
(528, 112160, 5, '2.000', '1.530', '2012-08-24'),
(529, 112, 5, '20.000', '23.120', '2012-08-24'),
(530, 11, 5, '21.000', '23.920', '2012-08-24'),
(531, 122235, 9, '4.000', '126.760', '2012-08-24'),
(532, 122245, 9, '2.000', '115.900', '2012-08-24'),
(533, 122, 9, '6.000', '242.660', '2012-08-24'),
(534, 12, 9, '6.000', '242.660', '2012-08-24'),
(535, 131300, 5, '1.000', '0.500', '2012-08-24'),
(536, 131, 5, '1.000', '0.500', '2012-08-24'),
(537, 13, 5, '1.000', '0.500', '2012-08-24'),
(538, 1, 5, '22.000', '24.420', '2012-08-24'),
(539, 1, 9, '6.000', '242.660', '2012-08-24'),
(540, 511500, 10, '303.396', '687.060', '2012-08-24'),
(541, 511, 10, '303.396', '687.060', '2012-08-24'),
(542, 51, 10, '303.396', '687.060', '2012-08-24'),
(543, 521506, 10, '212.344', '526.450', '2012-08-24'),
(544, 521, 10, '212.344', '526.450', '2012-08-24'),
(545, 52, 10, '212.344', '526.450', '2012-08-24'),
(546, 542524, 5, '13.000', '15.330', '2012-08-24'),
(547, 542525, 5, '10.000', '9.130', '2012-08-24'),
(548, 542530, 5, '2.000', '2.280', '2012-08-24'),
(549, 542531, 5, '2.000', '3.040', '2012-08-24'),
(550, 542, 5, '27.000', '29.790', '2012-08-24'),
(551, 54, 5, '27.000', '29.790', '2012-08-24'),
(552, 5, 5, '27.000', '29.790', '2012-08-24'),
(553, 5, 10, '515.740', '1213.510', '2012-08-24');

-- --------------------------------------------------------

--
-- Table structure for table `section`
--

CREATE TABLE IF NOT EXISTS `section` (
  `sec_id` int(11) NOT NULL AUTO_INCREMENT,
  `sec_description` varchar(45) NOT NULL,
  PRIMARY KEY (`sec_id`)
) ENGINE=InnoDB  DEFAULT CHARSET=utf8 AUTO_INCREMENT=16 ;

--
-- Dumping data for table `section`
--

INSERT INTO `section` (`sec_id`, `sec_description`) VALUES
(1, 'Mercearia'),
(2, 'Bebidas'),
(3, 'Dph'),
(4, 'Peixaria'),
(5, 'Charcutaria'),
(6, 'Talho'),
(7, 'Padaria/Pastelaria'),
(8, 'Caixas'),
(9, 'Administrativos'),
(10, 'Chefes'),
(11, 'Bazar Ligeiro'),
(12, 'Bazar Pesado'),
(13, 'Cremaria'),
(14, 'Frutas/Legumes'),
(15, ' Não Identifcado');

-- --------------------------------------------------------

--
-- Table structure for table `softversion`
--

CREATE TABLE IF NOT EXISTS `softversion` (
  `vers_id` int(11) NOT NULL AUTO_INCREMENT,
  `vers_num` varchar(3) NOT NULL,
  `vers_log` varchar(200) NOT NULL,
  PRIMARY KEY (`vers_id`)
) ENGINE=InnoDB  DEFAULT CHARSET=utf8 AUTO_INCREMENT=11 ;

--
-- Dumping data for table `softversion`
--

INSERT INTO `softversion` (`vers_id`, `vers_num`, `vers_log`) VALUES
(1, '1.0', 'Versão inicial com a submissão de comentários.'),
(2, '1.1', 'Mail implementado na parte da submissão de sugestão'),
(3, '1.2', 'Resolvi o problema de poder trabalhar em casa'),
(4, '1.3', 'Importação das quebras finalizadas com rollback implementado, menu sugestão no menu principal, personalização do menu'),
(5, '1.4', 'Permissão de utilizadores a 100%'),
(6, '1.5', 'criação de user ok'),
(7, '1.6', 'ver sugestão'),
(8, '1.7', 'Visualizar quebras feito'),
(9, '1.8', 'Inserção vendas feito.'),
(10, '1.9', 'visualizar objetivos para inserção');

-- --------------------------------------------------------

--
-- Table structure for table `tipo_quebras`
--

CREATE TABLE IF NOT EXISTS `tipo_quebras` (
  `tq_id` int(11) NOT NULL,
  `tq_description` varchar(45) NOT NULL,
  PRIMARY KEY (`tq_id`)
) ENGINE=InnoDB DEFAULT CHARSET=utf8;

--
-- Dumping data for table `tipo_quebras`
--

INSERT INTO `tipo_quebras` (`tq_id`, `tq_description`) VALUES
(0, 'Todo Tipo'),
(1, 'Partido Transporte'),
(2, 'Fora Validade'),
(3, 'Retorno Fornecedor'),
(4, 'Roubo Constatado'),
(5, 'Donativos Coop Fafe'),
(6, 'Donativos JD Montelongo'),
(7, 'Demarco Promo'),
(8, 'Revenda a outra loja'),
(9, 'Requisição Interna'),
(10, 'Sinistro'),
(11, 'Donativos Lar de Revelhe'),
(12, 'Outros Donativos'),
(13, 'Diversos Saidas'),
(14, 'Transferido Inter Secção');

-- --------------------------------------------------------

--
-- Table structure for table `userauth`
--

CREATE TABLE IF NOT EXISTS `userauth` (
  `usa_id` int(11) NOT NULL AUTO_INCREMENT,
  `usa_usr_id` int(11) NOT NULL,
  `usa_menu_id` int(11) NOT NULL,
  PRIMARY KEY (`usa_id`),
  KEY `usa_usr_id` (`usa_usr_id`,`usa_menu_id`),
  KEY `usa_menu_id` (`usa_menu_id`)
) ENGINE=InnoDB  DEFAULT CHARSET=utf8 AUTO_INCREMENT=143 ;

--
-- Dumping data for table `userauth`
--

INSERT INTO `userauth` (`usa_id`, `usa_usr_id`, `usa_menu_id`) VALUES
(122, 1, 1),
(123, 1, 2),
(125, 1, 3),
(126, 1, 4),
(128, 1, 5),
(129, 1, 6),
(124, 1, 7),
(127, 1, 8),
(130, 1, 9),
(131, 1, 10),
(132, 1, 11),
(133, 1, 12),
(37, 2, 1),
(38, 2, 2),
(139, 3, 1),
(140, 3, 2),
(141, 3, 3),
(142, 3, 8);

-- --------------------------------------------------------

--
-- Table structure for table `users`
--

CREATE TABLE IF NOT EXISTS `users` (
  `usr_id` int(11) NOT NULL AUTO_INCREMENT,
  `usr_login` varchar(45) NOT NULL,
  `usr_password` varchar(45) NOT NULL,
  `usr_section` int(11) NOT NULL,
  `usr_enable` int(11) NOT NULL,
  PRIMARY KEY (`usr_id`),
  UNIQUE KEY `usr_login_UNIQUE` (`usr_login`),
  KEY `usr_section` (`usr_section`)
) ENGINE=InnoDB  DEFAULT CHARSET=utf8 AUTO_INCREMENT=4 ;

--
-- Dumping data for table `users`
--

INSERT INTO `users` (`usr_id`, `usr_login`, `usr_password`, `usr_section`, `usr_enable`) VALUES
(1, 'ricardo', '300182', 9, 1),
(2, 'anónimo', '300182', 15, 1),
(3, 'chefes', 'fafedis', 15, 1);

-- --------------------------------------------------------

--
-- Stand-in structure for view `user_authorization_menu`
--
CREATE TABLE IF NOT EXISTS `user_authorization_menu` (
`usa_id` int(11)
,`usa_usr_id` int(11)
,`usa_menu_id` int(11)
,`menu_id` int(11)
,`menu_number` int(11)
,`menu_description` varchar(45)
,`usr_id` int(11)
,`usr_login` varchar(45)
,`usr_password` varchar(45)
,`usr_section` int(11)
,`usr_enable` int(11)
);
-- --------------------------------------------------------

--
-- Stand-in structure for view `user_section`
--
CREATE TABLE IF NOT EXISTS `user_section` (
`usr_id` int(11)
,`usr_login` varchar(45)
,`usr_section` int(11)
,`sec_description` varchar(45)
);
-- --------------------------------------------------------

--
-- Stand-in structure for view `user_section_comment`
--
CREATE TABLE IF NOT EXISTS `user_section_comment` (
`com_id` int(11)
,`com_id_user` int(11)
,`com_comments` longtext
,`com_id_section` int(11)
,`usr_id` int(11)
,`usr_login` varchar(45)
,`usr_password` varchar(45)
,`usr_section` int(11)
,`usr_enable` int(11)
,`sec_id` int(11)
,`sec_description` varchar(45)
);
-- --------------------------------------------------------

--
-- Table structure for table `various`
--

CREATE TABLE IF NOT EXISTS `various` (
  `var_id` int(11) NOT NULL AUTO_INCREMENT,
  `var_obj_type` varchar(45) NOT NULL,
  `var_description` varchar(45) NOT NULL,
  PRIMARY KEY (`var_id`)
) ENGINE=InnoDB  DEFAULT CHARSET=utf8 AUTO_INCREMENT=3 ;

--
-- Dumping data for table `various`
--

INSERT INTO `various` (`var_id`, `var_obj_type`, `var_description`) VALUES
(1, 'M', 'Mensal'),
(2, 'D', 'Diario');

-- --------------------------------------------------------

--
-- Table structure for table `vendas`
--

CREATE TABLE IF NOT EXISTS `vendas` (
  `ve_id` int(11) NOT NULL AUTO_INCREMENT,
  `ve_fam_id` int(11) NOT NULL,
  `ve_valor` decimal(12,3) NOT NULL,
  `ve_date` date NOT NULL,
  PRIMARY KEY (`ve_id`),
  KEY `ve_fam_id` (`ve_fam_id`)
) ENGINE=InnoDB  DEFAULT CHARSET=utf8 AUTO_INCREMENT=7575 ;

--
-- Dumping data for table `vendas`
--

INSERT INTO `vendas` (`ve_id`, `ve_fam_id`, `ve_valor`, `ve_date`) VALUES
(1, 111100, '517.140', '2012-08-14'),
(2, 111102, '43.290', '2012-08-14'),
(3, 111104, '248.870', '2012-08-14'),
(4, 111106, '1761.520', '2012-08-14'),
(5, 111108, '68.260', '2012-08-14'),
(6, 111110, '236.730', '2012-08-14'),
(7, 111112, '40.150', '2012-08-14'),
(8, 111114, '331.400', '2012-08-14'),
(9, 111116, '41.150', '2012-08-14'),
(10, 111118, '129.230', '2012-08-14'),
(11, 111120, '255.540', '2012-08-14'),
(12, 111122, '103.900', '2012-08-14'),
(13, 111124, '47.090', '2012-08-14'),
(14, 111126, '20.280', '2012-08-14'),
(15, 111128, '380.530', '2012-08-14'),
(16, 111130, '129.880', '2012-08-14'),
(17, 111132, '51.580', '2012-08-14'),
(18, 111, '4406.540', '2012-08-14'),
(19, 112140, '195.230', '2012-08-14'),
(20, 112142, '1301.040', '2012-08-14'),
(21, 112144, '81.270', '2012-08-14'),
(22, 112146, '586.050', '2012-08-14'),
(23, 112148, '12.670', '2012-08-14'),
(24, 112150, '74.110', '2012-08-14'),
(25, 112152, '402.720', '2012-08-14'),
(26, 112154, '16.500', '2012-08-14'),
(27, 112156, '73.520', '2012-08-14'),
(28, 112158, '257.620', '2012-08-14'),
(29, 112160, '678.620', '2012-08-14'),
(30, 112162, '863.080', '2012-08-14'),
(31, 112164, '130.000', '2012-08-14'),
(32, 112166, '353.660', '2012-08-14'),
(33, 112168, '1.980', '2012-08-14'),
(34, 112170, '399.810', '2012-08-14'),
(35, 112172, '289.160', '2012-08-14'),
(36, 112174, '26.370', '2012-08-14'),
(37, 112176, '3.250', '2012-08-14'),
(38, 112178, '519.780', '2012-08-14'),
(39, 112, '6266.440', '2012-08-14'),
(40, 11, '10672.980', '2012-08-14'),
(41, 121200, '814.440', '2012-08-14'),
(42, 121205, '524.010', '2012-08-14'),
(43, 121210, '272.670', '2012-08-14'),
(44, 121220, '501.080', '2012-08-14'),
(45, 121, '2112.200', '2012-08-14'),
(46, 122230, '1298.250', '2012-08-14'),
(47, 122235, '4055.750', '2012-08-14'),
(48, 122240, '443.980', '2012-08-14'),
(49, 122245, '3131.100', '2012-08-14'),
(50, 122250, '1782.610', '2012-08-14'),
(51, 122, '10711.690', '2012-08-14'),
(52, 124201, '60.880', '2012-08-14'),
(53, 124, '60.880', '2012-08-14'),
(54, 12, '12884.770', '2012-08-14'),
(55, 131300, '1561.280', '2012-08-14'),
(56, 131, '1561.280', '2012-08-14'),
(57, 132310, '2252.480', '2012-08-14'),
(58, 132, '2252.480', '2012-08-14'),
(59, 133320, '1405.360', '2012-08-14'),
(60, 133, '1405.360', '2012-08-14'),
(61, 134330, '141.140', '2012-08-14'),
(62, 134, '141.140', '2012-08-14'),
(63, 13, '5360.260', '2012-08-14'),
(64, 1, '28918.010', '2012-08-14'),
(65, 411400, '421.910', '2012-08-14'),
(66, 411401, '134.000', '2012-08-14'),
(67, 411402, '27.100', '2012-08-14'),
(68, 411403, '319.560', '2012-08-14'),
(69, 411406, '183.200', '2012-08-14'),
(70, 411, '1085.770', '2012-08-14'),
(71, 412410, '11.960', '2012-08-14'),
(72, 412411, '518.010', '2012-08-14'),
(73, 412, '529.970', '2012-08-14'),
(74, 413414, '251.270', '2012-08-14'),
(75, 413415, '40.510', '2012-08-14'),
(76, 413416, '41.760', '2012-08-14'),
(77, 413417, '29.450', '2012-08-14'),
(78, 413419, '75.730', '2012-08-14'),
(79, 413420, '36.260', '2012-08-14'),
(80, 413421, '48.700', '2012-08-14'),
(81, 413422, '101.480', '2012-08-14'),
(82, 413423, '212.650', '2012-08-14'),
(83, 413424, '136.990', '2012-08-14'),
(84, 413425, '81.210', '2012-08-14'),
(85, 413426, '122.860', '2012-08-14'),
(86, 413427, '78.960', '2012-08-14'),
(87, 413428, '101.660', '2012-08-14'),
(88, 413429, '69.090', '2012-08-14'),
(89, 413430, '339.000', '2012-08-14'),
(90, 413, '1767.580', '2012-08-14'),
(91, 414433, '797.290', '2012-08-14'),
(92, 414434, '143.190', '2012-08-14'),
(93, 414, '940.480', '2012-08-14'),
(94, 41, '4323.800', '2012-08-14'),
(95, 421441, '19.900', '2012-08-14'),
(96, 421, '19.900', '2012-08-14'),
(97, 422444, '138.160', '2012-08-14'),
(98, 422446, '169.830', '2012-08-14'),
(99, 422447, '71.700', '2012-08-14'),
(100, 422, '379.690', '2012-08-14'),
(101, 423451, '89.000', '2012-08-14'),
(102, 423452, '37.550', '2012-08-14'),
(103, 423, '126.550', '2012-08-14'),
(104, 424455, '27.520', '2012-08-14'),
(105, 424456, '85.770', '2012-08-14'),
(106, 424457, '160.660', '2012-08-14'),
(107, 424, '273.950', '2012-08-14'),
(108, 425460, '6.790', '2012-08-14'),
(109, 425461, '26.010', '2012-08-14'),
(110, 425462, '4.260', '2012-08-14'),
(111, 425463, '0.990', '2012-08-14'),
(112, 425464, '14.510', '2012-08-14'),
(113, 425465, '43.990', '2012-08-14'),
(114, 425466, '23.170', '2012-08-14'),
(115, 425467, '44.840', '2012-08-14'),
(116, 425468, '3.040', '2012-08-14'),
(117, 425469, '0.900', '2012-08-14'),
(118, 425, '168.500', '2012-08-14'),
(119, 426472, '19.000', '2012-08-14'),
(120, 426473, '55.790', '2012-08-14'),
(121, 426474, '7.400', '2012-08-14'),
(122, 426476, '14.890', '2012-08-14'),
(123, 426477, '2.790', '2012-08-14'),
(124, 426478, '21.210', '2012-08-14'),
(125, 426479, '83.900', '2012-08-14'),
(126, 426, '204.980', '2012-08-14'),
(127, 42, '1173.570', '2012-08-14'),
(128, 431701, '199.000', '2012-08-14'),
(129, 431, '199.000', '2012-08-14'),
(130, 432720, '1053.540', '2012-08-14'),
(131, 432721, '70.600', '2012-08-14'),
(132, 432722, '49.880', '2012-08-14'),
(133, 432724, '18.630', '2012-08-14'),
(134, 432, '1192.650', '2012-08-14'),
(135, 434740, '212.910', '2012-08-14'),
(136, 434741, '1684.000', '2012-08-14'),
(137, 434742, '54.980', '2012-08-14'),
(138, 434743, '4.990', '2012-08-14'),
(139, 434745, '441.070', '2012-08-14'),
(140, 434, '2397.950', '2012-08-14'),
(141, 43, '3789.600', '2012-08-14'),
(142, 441750, '11.900', '2012-08-14'),
(143, 441751, '5.900', '2012-08-14'),
(144, 441752, '51.550', '2012-08-14'),
(145, 441753, '42.000', '2012-08-14'),
(146, 441755, '17.900', '2012-08-14'),
(147, 441756, '5.500', '2012-08-14'),
(148, 441757, '2.990', '2012-08-14'),
(149, 441758, '26.500', '2012-08-14'),
(150, 441, '164.240', '2012-08-14'),
(151, 442762, '118.560', '2012-08-14'),
(152, 442, '118.560', '2012-08-14'),
(153, 443767, '16.980', '2012-08-14'),
(154, 443, '16.980', '2012-08-14'),
(155, 444770, '163.780', '2012-08-14'),
(156, 444773, '203.100', '2012-08-14'),
(157, 444775, '506.860', '2012-08-14'),
(158, 444, '873.740', '2012-08-14'),
(159, 44, '1173.520', '2012-08-14'),
(160, 4, '10460.490', '2012-08-14'),
(161, 511500, '966.210', '2012-08-14'),
(162, 511, '966.210', '2012-08-14'),
(163, 512503, '1618.040', '2012-08-14'),
(164, 512, '1618.040', '2012-08-14'),
(165, 51, '2584.250', '2012-08-14'),
(166, 521506, '885.370', '2012-08-14'),
(167, 521, '885.370', '2012-08-14'),
(168, 522509, '245.220', '2012-08-14'),
(169, 522, '245.220', '2012-08-14'),
(170, 52, '1130.590', '2012-08-14'),
(171, 531512, '1090.900', '2012-08-14'),
(172, 531, '1090.900', '2012-08-14'),
(173, 532515, '1951.060', '2012-08-14'),
(174, 532517, '117.480', '2012-08-14'),
(175, 532, '2068.540', '2012-08-14'),
(176, 53, '3159.440', '2012-08-14'),
(177, 541520, '644.580', '2012-08-14'),
(178, 541, '644.580', '2012-08-14'),
(179, 542523, '1229.800', '2012-08-14'),
(180, 542524, '1203.260', '2012-08-14'),
(181, 542525, '263.960', '2012-08-14'),
(182, 542526, '116.360', '2012-08-14'),
(183, 542527, '184.490', '2012-08-14'),
(184, 542528, '84.530', '2012-08-14'),
(185, 542529, '38.400', '2012-08-14'),
(186, 542530, '918.460', '2012-08-14'),
(187, 542531, '215.380', '2012-08-14'),
(188, 542, '4254.640', '2012-08-14'),
(189, 54, '4899.220', '2012-08-14'),
(190, 551533, '294.320', '2012-08-14'),
(191, 551534, '17.220', '2012-08-14'),
(192, 551535, '9.470', '2012-08-14'),
(193, 551, '321.010', '2012-08-14'),
(194, 552537, '340.160', '2012-08-14'),
(195, 552538, '117.620', '2012-08-14'),
(196, 552539, '443.340', '2012-08-14'),
(197, 552540, '646.370', '2012-08-14'),
(198, 552541, '3.690', '2012-08-14'),
(199, 552542, '13.890', '2012-08-14'),
(200, 552, '1565.070', '2012-08-14'),
(201, 55, '1886.080', '2012-08-14'),
(202, 561544, '624.080', '2012-08-14'),
(203, 561545, '105.750', '2012-08-14'),
(204, 561546, '4.580', '2012-08-14'),
(205, 561, '734.410', '2012-08-14'),
(206, 562548, '545.200', '2012-08-14'),
(207, 562549, '92.590', '2012-08-14'),
(208, 562, '637.790', '2012-08-14'),
(209, 565555, '47.860', '2012-08-14'),
(210, 565, '47.860', '2012-08-14'),
(211, 566557, '130.590', '2012-08-14'),
(212, 566, '130.590', '2012-08-14'),
(213, 567560, '2.580', '2012-08-14'),
(214, 567, '2.580', '2012-08-14'),
(215, 56, '1553.230', '2012-08-14'),
(216, 571563, '182.490', '2012-08-14'),
(217, 571, '182.490', '2012-08-14'),
(218, 572566, '546.710', '2012-08-14'),
(219, 572, '546.710', '2012-08-14'),
(220, 574572, '22.990', '2012-08-14'),
(221, 574, '22.990', '2012-08-14'),
(222, 575575, '77.740', '2012-08-14'),
(223, 575576, '7.700', '2012-08-14'),
(224, 575, '85.440', '2012-08-14'),
(225, 576579, '1004.150', '2012-08-14'),
(226, 576581, '17.430', '2012-08-14'),
(227, 576, '1021.580', '2012-08-14'),
(228, 57, '1859.210', '2012-08-14'),
(229, 581584, '727.570', '2012-08-14'),
(230, 581, '727.570', '2012-08-14'),
(231, 582588, '623.200', '2012-08-14'),
(232, 582, '623.200', '2012-08-14'),
(233, 583591, '37.810', '2012-08-14'),
(234, 583592, '643.720', '2012-08-14'),
(235, 583, '681.530', '2012-08-14'),
(236, 58, '2032.300', '2012-08-14'),
(237, 5, '19104.320', '2012-08-14'),
(238, 611600, '39.340', '2012-08-14'),
(239, 611, '39.340', '2012-08-14'),
(240, 612601, '109.960', '2012-08-14'),
(241, 612, '109.960', '2012-08-14'),
(242, 613602, '23.700', '2012-08-14'),
(243, 613, '23.700', '2012-08-14'),
(244, 614603, '127.250', '2012-08-14'),
(245, 614, '127.250', '2012-08-14'),
(246, 615604, '69.770', '2012-08-14'),
(247, 615, '69.770', '2012-08-14'),
(248, 616605, '338.930', '2012-08-14'),
(249, 616, '338.930', '2012-08-14'),
(250, 61, '708.950', '2012-08-14'),
(251, 621610, '53.820', '2012-08-14'),
(252, 621611, '34.200', '2012-08-14'),
(253, 621, '88.020', '2012-08-14'),
(254, 622612, '244.180', '2012-08-14'),
(255, 622613, '146.270', '2012-08-14'),
(256, 622, '390.450', '2012-08-14'),
(257, 623614, '49.680', '2012-08-14'),
(258, 623615, '100.350', '2012-08-14'),
(259, 623, '150.030', '2012-08-14'),
(260, 624616, '210.190', '2012-08-14'),
(261, 624, '210.190', '2012-08-14'),
(262, 625617, '59.120', '2012-08-14'),
(263, 625, '59.120', '2012-08-14'),
(264, 626618, '86.400', '2012-08-14'),
(265, 626, '86.400', '2012-08-14'),
(266, 62, '984.210', '2012-08-14'),
(267, 631620, '279.480', '2012-08-14'),
(268, 631, '279.480', '2012-08-14'),
(269, 63, '279.480', '2012-08-14'),
(270, 641630, '590.040', '2012-08-14'),
(271, 641, '590.040', '2012-08-14'),
(272, 64, '590.040', '2012-08-14'),
(273, 6, '2562.680', '2012-08-14'),
(275, 111100, '412.240', '2012-08-01'),
(276, 111102, '55.130', '2012-08-01'),
(277, 111104, '122.980', '2012-08-01'),
(278, 111106, '271.000', '2012-08-01'),
(279, 111108, '34.750', '2012-08-01'),
(280, 111110, '135.130', '2012-08-01'),
(281, 111112, '16.370', '2012-08-01'),
(282, 111114, '323.450', '2012-08-01'),
(283, 111116, '31.110', '2012-08-01'),
(284, 111118, '89.130', '2012-08-01'),
(285, 111120, '219.320', '2012-08-01'),
(286, 111122, '97.680', '2012-08-01'),
(287, 111124, '43.280', '2012-08-01'),
(288, 111126, '22.450', '2012-08-01'),
(289, 111128, '291.180', '2012-08-01'),
(290, 111130, '107.930', '2012-08-01'),
(291, 111132, '87.100', '2012-08-01'),
(292, 111, '2360.230', '2012-08-01'),
(293, 112140, '141.520', '2012-08-01'),
(294, 112142, '985.110', '2012-08-01'),
(295, 112144, '62.260', '2012-08-01'),
(296, 112146, '448.400', '2012-08-01'),
(297, 112148, '28.920', '2012-08-01'),
(298, 112150, '64.960', '2012-08-01'),
(299, 112152, '282.560', '2012-08-01'),
(300, 112154, '24.990', '2012-08-01'),
(301, 112156, '53.990', '2012-08-01'),
(302, 112158, '163.010', '2012-08-01'),
(303, 112160, '486.420', '2012-08-01'),
(304, 112162, '688.600', '2012-08-01'),
(305, 112164, '63.090', '2012-08-01'),
(306, 112166, '300.740', '2012-08-01'),
(307, 112170, '265.110', '2012-08-01'),
(308, 112172, '153.460', '2012-08-01'),
(309, 112174, '31.500', '2012-08-01'),
(310, 112176, '0.970', '2012-08-01'),
(311, 112178, '299.430', '2012-08-01'),
(312, 112, '4545.040', '2012-08-01'),
(313, 11, '6905.270', '2012-08-01'),
(314, 121200, '566.940', '2012-08-01'),
(315, 121205, '389.310', '2012-08-01'),
(316, 121210, '232.410', '2012-08-01'),
(317, 121220, '365.930', '2012-08-01'),
(318, 121, '1554.590', '2012-08-01'),
(319, 122230, '859.890', '2012-08-01'),
(320, 122235, '1495.620', '2012-08-01'),
(321, 122240, '233.520', '2012-08-01'),
(322, 122245, '1121.670', '2012-08-01'),
(323, 122250, '903.270', '2012-08-01'),
(324, 122, '4613.970', '2012-08-01'),
(325, 12, '6168.560', '2012-08-01'),
(326, 131300, '1581.080', '2012-08-01'),
(327, 131, '1581.080', '2012-08-01'),
(328, 132310, '2148.710', '2012-08-01'),
(329, 132, '2148.710', '2012-08-01'),
(330, 133320, '872.950', '2012-08-01'),
(331, 133, '872.950', '2012-08-01'),
(332, 134330, '113.440', '2012-08-01'),
(333, 134, '113.440', '2012-08-01'),
(334, 13, '4716.180', '2012-08-01'),
(335, 1, '17790.010', '2012-08-01'),
(336, 411400, '78.410', '2012-08-01'),
(337, 411401, '131.460', '2012-08-01'),
(338, 411402, '16.050', '2012-08-01'),
(339, 411403, '224.620', '2012-08-01'),
(340, 411406, '162.230', '2012-08-01'),
(341, 411, '612.770', '2012-08-01'),
(342, 412410, '29.680', '2012-08-01'),
(343, 412411, '477.900', '2012-08-01'),
(344, 412, '507.580', '2012-08-01'),
(345, 413414, '148.700', '2012-08-01'),
(346, 413415, '34.090', '2012-08-01'),
(347, 413416, '35.460', '2012-08-01'),
(348, 413417, '6.430', '2012-08-01'),
(349, 413419, '9.250', '2012-08-01'),
(350, 413420, '122.350', '2012-08-01'),
(351, 413421, '7.970', '2012-08-01'),
(352, 413422, '103.770', '2012-08-01'),
(353, 413423, '94.640', '2012-08-01'),
(354, 413424, '105.760', '2012-08-01'),
(355, 413425, '32.600', '2012-08-01'),
(356, 413426, '55.090', '2012-08-01'),
(357, 413427, '86.260', '2012-08-01'),
(358, 413428, '21.930', '2012-08-01'),
(359, 413429, '25.090', '2012-08-01'),
(360, 413, '889.390', '2012-08-01'),
(361, 414433, '550.230', '2012-08-01'),
(362, 414434, '22.580', '2012-08-01'),
(363, 414, '572.810', '2012-08-01'),
(364, 41, '2582.550', '2012-08-01'),
(365, 421441, '35.900', '2012-08-01'),
(366, 421, '35.900', '2012-08-01'),
(367, 422444, '1053.220', '2012-08-01'),
(368, 422446, '133.300', '2012-08-01'),
(369, 422447, '493.630', '2012-08-01'),
(370, 422, '1680.150', '2012-08-01'),
(371, 423452, '228.250', '2012-08-01'),
(372, 423, '228.250', '2012-08-01'),
(373, 424455, '35.370', '2012-08-01'),
(374, 424456, '29.500', '2012-08-01'),
(375, 424457, '114.410', '2012-08-01'),
(376, 424, '179.280', '2012-08-01'),
(377, 425460, '4.190', '2012-08-01'),
(378, 425461, '18.100', '2012-08-01'),
(379, 425462, '5.150', '2012-08-01'),
(380, 425463, '2.290', '2012-08-01'),
(381, 425464, '17.430', '2012-08-01'),
(382, 425465, '6.530', '2012-08-01'),
(383, 425466, '8.410', '2012-08-01'),
(384, 425467, '38.670', '2012-08-01'),
(385, 425469, '1.380', '2012-08-01'),
(386, 425, '102.150', '2012-08-01'),
(387, 426472, '20.490', '2012-08-01'),
(388, 426473, '34.110', '2012-08-01'),
(389, 426477, '20.980', '2012-08-01'),
(390, 426478, '6.560', '2012-08-01'),
(391, 426479, '3.000', '2012-08-01'),
(392, 426, '85.140', '2012-08-01'),
(393, 42, '2310.870', '2012-08-01'),
(394, 431700, '468.000', '2012-08-01'),
(395, 431703, '398.000', '2012-08-01'),
(396, 431704, '209.000', '2012-08-01'),
(397, 431706, '39.900', '2012-08-01'),
(398, 431, '1114.900', '2012-08-01'),
(399, 432720, '441.290', '2012-08-01'),
(400, 432721, '142.590', '2012-08-01'),
(401, 432722, '301.670', '2012-08-01'),
(402, 432724, '9.000', '2012-08-01'),
(403, 432, '894.550', '2012-08-01'),
(404, 434740, '94.250', '2012-08-01'),
(405, 434741, '1125.000', '2012-08-01'),
(406, 434742, '34.990', '2012-08-01'),
(407, 434744, '49.990', '2012-08-01'),
(408, 434745, '615.680', '2012-08-01'),
(409, 434746, '11.900', '2012-08-01'),
(410, 434, '1931.810', '2012-08-01'),
(411, 43, '3941.260', '2012-08-01'),
(412, 441750, '7.500', '2012-08-01'),
(413, 441751, '5.900', '2012-08-01'),
(414, 441752, '22.900', '2012-08-01'),
(415, 441753, '7.990', '2012-08-01'),
(416, 441756, '12.090', '2012-08-01'),
(417, 441757, '30.490', '2012-08-01'),
(418, 441758, '5.950', '2012-08-01'),
(419, 441, '92.820', '2012-08-01'),
(420, 442762, '32.460', '2012-08-01'),
(421, 442, '32.460', '2012-08-01'),
(422, 443768, '7.990', '2012-08-01'),
(423, 443, '7.990', '2012-08-01'),
(424, 444770, '392.980', '2012-08-01'),
(425, 444773, '185.290', '2012-08-01'),
(426, 444775, '543.770', '2012-08-01'),
(427, 444, '1122.040', '2012-08-01'),
(428, 44, '1255.310', '2012-08-01'),
(429, 4, '10089.990', '2012-08-01'),
(430, 511500, '732.830', '2012-08-01'),
(431, 511, '732.830', '2012-08-01'),
(432, 512503, '865.890', '2012-08-01'),
(433, 512, '865.890', '2012-08-01'),
(434, 51, '1598.720', '2012-08-01'),
(435, 521506, '567.780', '2012-08-01'),
(436, 521, '567.780', '2012-08-01'),
(437, 522509, '111.920', '2012-08-01'),
(438, 522, '111.920', '2012-08-01'),
(439, 52, '679.700', '2012-08-01'),
(440, 531512, '679.070', '2012-08-01'),
(441, 531, '679.070', '2012-08-01'),
(442, 532515, '716.210', '2012-08-01'),
(443, 532517, '92.260', '2012-08-01'),
(444, 532, '808.470', '2012-08-01'),
(445, 53, '1487.540', '2012-08-01'),
(446, 541520, '397.320', '2012-08-01'),
(447, 541, '397.320', '2012-08-01'),
(448, 542523, '894.900', '2012-08-01'),
(449, 542524, '967.400', '2012-08-01'),
(450, 542525, '309.050', '2012-08-01'),
(451, 542526, '95.640', '2012-08-01'),
(452, 542527, '85.080', '2012-08-01'),
(453, 542528, '39.650', '2012-08-01'),
(454, 542529, '31.840', '2012-08-01'),
(455, 542530, '563.750', '2012-08-01'),
(456, 542531, '124.660', '2012-08-01'),
(457, 542, '3111.970', '2012-08-01'),
(458, 54, '3509.290', '2012-08-01'),
(459, 551533, '290.560', '2012-08-01'),
(460, 551534, '1.290', '2012-08-01'),
(461, 551, '291.850', '2012-08-01'),
(462, 552537, '189.000', '2012-08-01'),
(463, 552538, '93.440', '2012-08-01'),
(464, 552539, '129.370', '2012-08-01'),
(465, 552540, '262.060', '2012-08-01'),
(466, 552541, '13.640', '2012-08-01'),
(467, 552542, '12.170', '2012-08-01'),
(468, 552, '699.680', '2012-08-01'),
(469, 55, '991.530', '2012-08-01'),
(470, 561544, '578.850', '2012-08-01'),
(471, 561545, '215.420', '2012-08-01'),
(472, 561546, '16.900', '2012-08-01'),
(473, 561, '811.170', '2012-08-01'),
(474, 562548, '370.420', '2012-08-01'),
(475, 562549, '100.620', '2012-08-01'),
(476, 562, '471.040', '2012-08-01'),
(477, 565555, '61.830', '2012-08-01'),
(478, 565, '61.830', '2012-08-01'),
(479, 566557, '41.110', '2012-08-01'),
(480, 566, '41.110', '2012-08-01'),
(481, 56, '1385.150', '2012-08-01'),
(482, 571563, '97.610', '2012-08-01'),
(483, 571, '97.610', '2012-08-01'),
(484, 572566, '363.580', '2012-08-01'),
(485, 572, '363.580', '2012-08-01'),
(486, 574572, '10.290', '2012-08-01'),
(487, 574, '10.290', '2012-08-01'),
(488, 575575, '38.810', '2012-08-01'),
(489, 575576, '3.300', '2012-08-01'),
(490, 575, '42.110', '2012-08-01'),
(491, 576579, '542.120', '2012-08-01'),
(492, 576581, '6.680', '2012-08-01'),
(493, 576, '548.800', '2012-08-01'),
(494, 57, '1062.390', '2012-08-01'),
(495, 581584, '1244.240', '2012-08-01'),
(496, 581, '1244.240', '2012-08-01'),
(497, 582588, '459.700', '2012-08-01'),
(498, 582, '459.700', '2012-08-01'),
(499, 583591, '21.890', '2012-08-01'),
(500, 583592, '427.600', '2012-08-01'),
(501, 583, '449.490', '2012-08-01'),
(502, 58, '2153.430', '2012-08-01'),
(503, 5, '12867.750', '2012-08-01'),
(504, 611600, '1.000', '2012-08-01'),
(505, 611, '1.000', '2012-08-01'),
(506, 612601, '34.900', '2012-08-01'),
(507, 612, '34.900', '2012-08-01'),
(508, 613602, '14.870', '2012-08-01'),
(509, 613, '14.870', '2012-08-01'),
(510, 614603, '29.870', '2012-08-01'),
(511, 614, '29.870', '2012-08-01'),
(512, 615604, '72.860', '2012-08-01'),
(513, 615, '72.860', '2012-08-01'),
(514, 616605, '162.450', '2012-08-01'),
(515, 616, '162.450', '2012-08-01'),
(516, 61, '315.950', '2012-08-01'),
(517, 621610, '34.610', '2012-08-01'),
(518, 621611, '33.070', '2012-08-01'),
(519, 621, '67.680', '2012-08-01'),
(520, 622612, '80.410', '2012-08-01'),
(521, 622613, '85.920', '2012-08-01'),
(522, 622, '166.330', '2012-08-01'),
(523, 623614, '18.980', '2012-08-01'),
(524, 623615, '33.470', '2012-08-01'),
(525, 623, '52.450', '2012-08-01'),
(526, 624616, '95.330', '2012-08-01'),
(527, 624, '95.330', '2012-08-01'),
(528, 625617, '37.960', '2012-08-01'),
(529, 625, '37.960', '2012-08-01'),
(530, 626618, '56.190', '2012-08-01'),
(531, 626, '56.190', '2012-08-01'),
(532, 62, '475.940', '2012-08-01'),
(533, 631620, '561.630', '2012-08-01'),
(534, 631, '561.630', '2012-08-01'),
(535, 63, '561.630', '2012-08-01'),
(536, 641630, '316.960', '2012-08-01'),
(537, 641, '316.960', '2012-08-01'),
(538, 64, '316.960', '2012-08-01'),
(539, 6, '1670.480', '2012-08-01'),
(541, 111100, '390.050', '2012-08-02'),
(542, 111102, '55.080', '2012-08-02'),
(543, 111104, '172.500', '2012-08-02'),
(544, 111106, '313.000', '2012-08-02'),
(545, 111108, '36.840', '2012-08-02'),
(546, 111110, '134.540', '2012-08-02'),
(547, 111112, '21.650', '2012-08-02'),
(548, 111114, '236.610', '2012-08-02'),
(549, 111116, '19.500', '2012-08-02'),
(550, 111118, '72.150', '2012-08-02'),
(551, 111120, '187.550', '2012-08-02'),
(552, 111122, '73.030', '2012-08-02'),
(553, 111124, '52.870', '2012-08-02'),
(554, 111126, '20.020', '2012-08-02'),
(555, 111128, '254.710', '2012-08-02'),
(556, 111130, '99.350', '2012-08-02'),
(557, 111132, '72.340', '2012-08-02'),
(558, 111, '2211.790', '2012-08-02'),
(559, 112140, '252.890', '2012-08-02'),
(560, 112142, '829.450', '2012-08-02'),
(561, 112144, '76.890', '2012-08-02'),
(562, 112146, '388.870', '2012-08-02'),
(563, 112148, '23.960', '2012-08-02'),
(564, 112150, '52.870', '2012-08-02'),
(565, 112152, '239.570', '2012-08-02'),
(566, 112154, '25.240', '2012-08-02'),
(567, 112156, '70.910', '2012-08-02'),
(568, 112158, '221.770', '2012-08-02'),
(569, 112160, '507.390', '2012-08-02'),
(570, 112162, '662.860', '2012-08-02'),
(571, 112164, '104.800', '2012-08-02'),
(572, 112166, '257.950', '2012-08-02'),
(573, 112170, '214.860', '2012-08-02'),
(574, 112172, '140.740', '2012-08-02'),
(575, 112174, '25.480', '2012-08-02'),
(576, 112178, '336.670', '2012-08-02'),
(577, 112, '4433.170', '2012-08-02'),
(578, 11, '6644.960', '2012-08-02'),
(579, 121200, '622.800', '2012-08-02'),
(580, 121205, '393.230', '2012-08-02'),
(581, 121210, '264.620', '2012-08-02'),
(582, 121220, '411.300', '2012-08-02'),
(583, 121, '1691.950', '2012-08-02'),
(584, 122230, '847.120', '2012-08-02'),
(585, 122235, '1589.710', '2012-08-02'),
(586, 122240, '133.540', '2012-08-02'),
(587, 122245, '1239.180', '2012-08-02'),
(588, 122250, '916.350', '2012-08-02'),
(589, 122, '4725.900', '2012-08-02'),
(590, 124201, '16.980', '2012-08-02'),
(591, 124, '16.980', '2012-08-02'),
(592, 12, '6434.830', '2012-08-02'),
(593, 131300, '1877.320', '2012-08-02'),
(594, 131, '1877.320', '2012-08-02'),
(595, 132310, '2208.930', '2012-08-02'),
(596, 132, '2208.930', '2012-08-02'),
(597, 133320, '897.250', '2012-08-02'),
(598, 133, '897.250', '2012-08-02'),
(599, 134330, '93.310', '2012-08-02'),
(600, 134, '93.310', '2012-08-02'),
(601, 13, '5076.810', '2012-08-02'),
(602, 1, '18156.600', '2012-08-02'),
(603, 411400, '204.420', '2012-08-02'),
(604, 411401, '104.400', '2012-08-02'),
(605, 411402, '1.150', '2012-08-02'),
(606, 411403, '189.350', '2012-08-02'),
(607, 411405, '13.890', '2012-08-02'),
(608, 411406, '305.960', '2012-08-02'),
(609, 411, '819.170', '2012-08-02'),
(610, 412410, '15.960', '2012-08-02'),
(611, 412411, '371.640', '2012-08-02'),
(612, 412, '387.600', '2012-08-02'),
(613, 413414, '131.660', '2012-08-02'),
(614, 413415, '67.290', '2012-08-02'),
(615, 413416, '20.640', '2012-08-02'),
(616, 413417, '29.410', '2012-08-02'),
(617, 413419, '71.270', '2012-08-02'),
(618, 413420, '101.020', '2012-08-02'),
(619, 413421, '33.850', '2012-08-02'),
(620, 413422, '103.590', '2012-08-02'),
(621, 413423, '48.900', '2012-08-02'),
(622, 413424, '154.650', '2012-08-02'),
(623, 413425, '5.950', '2012-08-02'),
(624, 413426, '47.690', '2012-08-02'),
(625, 413427, '60.910', '2012-08-02'),
(626, 413428, '23.660', '2012-08-02'),
(627, 413429, '44.410', '2012-08-02'),
(628, 413, '944.900', '2012-08-02'),
(629, 414433, '456.250', '2012-08-02'),
(630, 414434, '82.800', '2012-08-02'),
(631, 414, '539.050', '2012-08-02'),
(632, 41, '2690.720', '2012-08-02'),
(633, 421441, '29.900', '2012-08-02'),
(634, 421, '29.900', '2012-08-02'),
(635, 422444, '431.440', '2012-08-02'),
(636, 422446, '186.010', '2012-08-02'),
(637, 422447, '606.580', '2012-08-02'),
(638, 422, '1224.030', '2012-08-02'),
(639, 423452, '63.390', '2012-08-02'),
(640, 423, '63.390', '2012-08-02'),
(641, 424455, '24.120', '2012-08-02'),
(642, 424456, '15.500', '2012-08-02'),
(643, 424457, '63.330', '2012-08-02'),
(644, 424, '102.950', '2012-08-02'),
(645, 425460, '9.690', '2012-08-02'),
(646, 425461, '9.980', '2012-08-02'),
(647, 425462, '3.540', '2012-08-02'),
(648, 425463, '1.690', '2012-08-02'),
(649, 425464, '1.990', '2012-08-02'),
(650, 425465, '11.970', '2012-08-02'),
(651, 425466, '2.070', '2012-08-02'),
(652, 425467, '27.390', '2012-08-02'),
(653, 425468, '24.600', '2012-08-02'),
(654, 425469, '0.450', '2012-08-02'),
(655, 425, '93.370', '2012-08-02'),
(656, 426472, '16.900', '2012-08-02'),
(657, 426473, '36.460', '2012-08-02'),
(658, 426475, '6.900', '2012-08-02'),
(659, 426477, '10.900', '2012-08-02'),
(660, 426478, '19.900', '2012-08-02'),
(661, 426, '91.060', '2012-08-02'),
(662, 42, '1604.700', '2012-08-02'),
(663, 431700, '199.000', '2012-08-02'),
(664, 431703, '369.000', '2012-08-02'),
(665, 431706, '238.900', '2012-08-02'),
(666, 431707, '158.990', '2012-08-02'),
(667, 431, '965.890', '2012-08-02'),
(668, 432720, '255.290', '2012-08-02'),
(669, 432721, '224.190', '2012-08-02'),
(670, 432722, '279.770', '2012-08-02'),
(671, 432724, '9.980', '2012-08-02'),
(672, 432, '769.230', '2012-08-02'),
(673, 434740, '89.390', '2012-08-02'),
(674, 434741, '806.900', '2012-08-02'),
(675, 434742, '49.810', '2012-08-02'),
(676, 434743, '19.990', '2012-08-02'),
(677, 434745, '516.880', '2012-08-02'),
(678, 434, '1482.970', '2012-08-02'),
(679, 43, '3218.090', '2012-08-02'),
(680, 441750, '12.000', '2012-08-02'),
(681, 441753, '7.000', '2012-08-02'),
(682, 441756, '15.700', '2012-08-02'),
(683, 441757, '68.120', '2012-08-02'),
(684, 441, '102.820', '2012-08-02'),
(685, 442762, '94.690', '2012-08-02'),
(686, 442, '94.690', '2012-08-02'),
(687, 444770, '137.680', '2012-08-02'),
(688, 444773, '167.590', '2012-08-02'),
(689, 444775, '151.910', '2012-08-02'),
(690, 444, '457.180', '2012-08-02'),
(691, 44, '654.690', '2012-08-02'),
(692, 4, '8168.200', '2012-08-02'),
(693, 511500, '911.780', '2012-08-02'),
(694, 511, '911.780', '2012-08-02'),
(695, 512503, '613.860', '2012-08-02'),
(696, 512, '613.860', '2012-08-02'),
(697, 51, '1525.640', '2012-08-02'),
(698, 521506, '453.360', '2012-08-02'),
(699, 521, '453.360', '2012-08-02'),
(700, 522509, '100.880', '2012-08-02'),
(701, 522, '100.880', '2012-08-02'),
(702, 52, '554.240', '2012-08-02'),
(703, 531512, '836.810', '2012-08-02'),
(704, 531, '836.810', '2012-08-02'),
(705, 532515, '681.220', '2012-08-02'),
(706, 532516, '5.340', '2012-08-02'),
(707, 532517, '60.270', '2012-08-02'),
(708, 532, '746.830', '2012-08-02'),
(709, 53, '1583.640', '2012-08-02'),
(710, 541520, '460.650', '2012-08-02'),
(711, 541, '460.650', '2012-08-02'),
(712, 542523, '1000.090', '2012-08-02'),
(713, 542524, '1096.940', '2012-08-02'),
(714, 542525, '268.640', '2012-08-02'),
(715, 542526, '94.350', '2012-08-02'),
(716, 542527, '133.700', '2012-08-02'),
(717, 542528, '48.070', '2012-08-02'),
(718, 542529, '39.950', '2012-08-02'),
(719, 542530, '645.480', '2012-08-02'),
(720, 542531, '124.860', '2012-08-02'),
(721, 542, '3452.080', '2012-08-02'),
(722, 54, '3912.730', '2012-08-02'),
(723, 551533, '356.160', '2012-08-02'),
(724, 551534, '10.040', '2012-08-02'),
(725, 551535, '9.580', '2012-08-02'),
(726, 551, '375.780', '2012-08-02'),
(727, 552537, '138.320', '2012-08-02'),
(728, 552538, '74.220', '2012-08-02'),
(729, 552539, '163.240', '2012-08-02'),
(730, 552540, '282.420', '2012-08-02'),
(731, 552541, '11.070', '2012-08-02'),
(732, 552542, '14.640', '2012-08-02'),
(733, 552, '683.910', '2012-08-02'),
(734, 55, '1059.690', '2012-08-02'),
(735, 561544, '604.300', '2012-08-02'),
(736, 561545, '127.170', '2012-08-02'),
(737, 561546, '11.830', '2012-08-02'),
(738, 561, '743.300', '2012-08-02'),
(739, 562548, '448.420', '2012-08-02'),
(740, 562549, '94.440', '2012-08-02'),
(741, 562, '542.860', '2012-08-02'),
(742, 565555, '67.650', '2012-08-02'),
(743, 565, '67.650', '2012-08-02'),
(744, 566557, '85.470', '2012-08-02'),
(745, 566, '85.470', '2012-08-02'),
(746, 56, '1439.280', '2012-08-02'),
(747, 571563, '191.950', '2012-08-02'),
(748, 571, '191.950', '2012-08-02'),
(749, 572566, '386.330', '2012-08-02'),
(750, 572, '386.330', '2012-08-02'),
(751, 574572, '8.880', '2012-08-02'),
(752, 574, '8.880', '2012-08-02'),
(753, 575575, '57.990', '2012-08-02'),
(754, 575576, '4.200', '2012-08-02'),
(755, 575, '62.190', '2012-08-02'),
(756, 576579, '456.840', '2012-08-02'),
(757, 576581, '9.570', '2012-08-02'),
(758, 576, '466.410', '2012-08-02'),
(759, 57, '1115.760', '2012-08-02'),
(760, 581584, '942.770', '2012-08-02'),
(761, 581, '942.770', '2012-08-02'),
(762, 582588, '322.520', '2012-08-02'),
(763, 582, '322.520', '2012-08-02'),
(764, 583591, '11.940', '2012-08-02'),
(765, 583592, '809.980', '2012-08-02'),
(766, 583, '821.920', '2012-08-02'),
(767, 58, '2087.210', '2012-08-02'),
(768, 5, '13278.190', '2012-08-02'),
(769, 611600, '16.190', '2012-08-02'),
(770, 611, '16.190', '2012-08-02'),
(771, 612601, '25.890', '2012-08-02'),
(772, 612, '25.890', '2012-08-02'),
(773, 613602, '20.700', '2012-08-02'),
(774, 613, '20.700', '2012-08-02'),
(775, 614603, '57.230', '2012-08-02'),
(776, 614, '57.230', '2012-08-02'),
(777, 615604, '35.960', '2012-08-02'),
(778, 615, '35.960', '2012-08-02'),
(779, 616605, '149.050', '2012-08-02'),
(780, 616, '149.050', '2012-08-02'),
(781, 617606, '15.390', '2012-08-02'),
(782, 617, '15.390', '2012-08-02'),
(783, 61, '320.410', '2012-08-02'),
(784, 621610, '11.080', '2012-08-02'),
(785, 621611, '43.350', '2012-08-02'),
(786, 621, '54.430', '2012-08-02'),
(787, 622612, '106.410', '2012-08-02'),
(788, 622613, '108.140', '2012-08-02'),
(789, 622, '214.550', '2012-08-02'),
(790, 623614, '67.610', '2012-08-02'),
(791, 623615, '58.440', '2012-08-02'),
(792, 623, '126.050', '2012-08-02'),
(793, 624616, '124.710', '2012-08-02'),
(794, 624, '124.710', '2012-08-02'),
(795, 625617, '51.450', '2012-08-02'),
(796, 625, '51.450', '2012-08-02'),
(797, 626618, '39.690', '2012-08-02'),
(798, 626, '39.690', '2012-08-02'),
(799, 62, '610.880', '2012-08-02'),
(800, 631620, '327.190', '2012-08-02'),
(801, 631, '327.190', '2012-08-02'),
(802, 63, '327.190', '2012-08-02'),
(803, 641630, '342.800', '2012-08-02'),
(804, 641, '342.800', '2012-08-02'),
(805, 64, '342.800', '2012-08-02'),
(806, 6, '1601.280', '2012-08-02'),
(808, 111100, '849.730', '2012-08-03'),
(809, 111102, '48.660', '2012-08-03'),
(810, 111104, '281.820', '2012-08-03'),
(811, 111106, '320.450', '2012-08-03'),
(812, 111108, '43.470', '2012-08-03'),
(813, 111110, '173.910', '2012-08-03'),
(814, 111112, '30.350', '2012-08-03'),
(815, 111114, '347.220', '2012-08-03'),
(816, 111116, '26.710', '2012-08-03'),
(817, 111118, '80.980', '2012-08-03'),
(818, 111120, '244.260', '2012-08-03'),
(819, 111122, '48.150', '2012-08-03'),
(820, 111124, '60.920', '2012-08-03'),
(821, 111126, '17.930', '2012-08-03'),
(822, 111128, '296.840', '2012-08-03'),
(823, 111130, '56.350', '2012-08-03'),
(824, 111132, '68.350', '2012-08-03'),
(825, 111, '2996.100', '2012-08-03'),
(826, 112140, '160.470', '2012-08-03'),
(827, 112142, '1114.260', '2012-08-03'),
(828, 112144, '73.280', '2012-08-03'),
(829, 112146, '542.520', '2012-08-03'),
(830, 112148, '39.620', '2012-08-03'),
(831, 112150, '64.670', '2012-08-03'),
(832, 112152, '275.910', '2012-08-03'),
(833, 112154, '19.400', '2012-08-03'),
(834, 112156, '46.030', '2012-08-03'),
(835, 112158, '228.410', '2012-08-03'),
(836, 112160, '497.260', '2012-08-03'),
(837, 112162, '704.510', '2012-08-03'),
(838, 112164, '121.690', '2012-08-03'),
(839, 112166, '266.830', '2012-08-03'),
(840, 112170, '270.350', '2012-08-03'),
(841, 112172, '209.850', '2012-08-03'),
(842, 112174, '37.670', '2012-08-03'),
(843, 112178, '353.120', '2012-08-03'),
(844, 112, '5025.850', '2012-08-03'),
(845, 11, '8021.950', '2012-08-03'),
(846, 121200, '818.140', '2012-08-03'),
(847, 121205, '459.570', '2012-08-03'),
(848, 121210, '369.270', '2012-08-03'),
(849, 121220, '471.860', '2012-08-03'),
(850, 121, '2118.840', '2012-08-03'),
(851, 122230, '929.260', '2012-08-03'),
(852, 122235, '2087.170', '2012-08-03'),
(853, 122240, '273.240', '2012-08-03'),
(854, 122245, '1429.600', '2012-08-03'),
(855, 122250, '1216.340', '2012-08-03'),
(856, 122, '5935.610', '2012-08-03'),
(857, 124201, '29.860', '2012-08-03'),
(858, 124, '29.860', '2012-08-03'),
(859, 12, '8084.310', '2012-08-03'),
(860, 131300, '2200.460', '2012-08-03'),
(861, 131, '2200.460', '2012-08-03'),
(862, 132310, '3148.060', '2012-08-03'),
(863, 132, '3148.060', '2012-08-03'),
(864, 133320, '1173.250', '2012-08-03'),
(865, 133, '1173.250', '2012-08-03'),
(866, 134330, '138.860', '2012-08-03'),
(867, 134, '138.860', '2012-08-03'),
(868, 13, '6660.630', '2012-08-03'),
(869, 1, '22766.890', '2012-08-03'),
(870, 411400, '508.140', '2012-08-03'),
(871, 411401, '70.780', '2012-08-03'),
(872, 411402, '5.240', '2012-08-03'),
(873, 411403, '357.940', '2012-08-03'),
(874, 411405, '23.000', '2012-08-03'),
(875, 411406, '200.670', '2012-08-03'),
(876, 411407, '4.990', '2012-08-03'),
(877, 411, '1170.760', '2012-08-03'),
(878, 412410, '19.950', '2012-08-03'),
(879, 412411, '608.610', '2012-08-03'),
(880, 412, '628.560', '2012-08-03'),
(881, 413414, '151.560', '2012-08-03'),
(882, 413415, '70.410', '2012-08-03'),
(883, 413416, '70.020', '2012-08-03'),
(884, 413417, '25.090', '2012-08-03'),
(885, 413419, '82.060', '2012-08-03'),
(886, 413420, '192.310', '2012-08-03'),
(887, 413421, '36.320', '2012-08-03'),
(888, 413422, '126.030', '2012-08-03'),
(889, 413423, '101.890', '2012-08-03'),
(890, 413424, '178.310', '2012-08-03'),
(891, 413425, '14.350', '2012-08-03'),
(892, 413426, '104.870', '2012-08-03'),
(893, 413427, '120.130', '2012-08-03'),
(894, 413428, '71.590', '2012-08-03'),
(895, 413429, '85.170', '2012-08-03'),
(896, 413, '1430.110', '2012-08-03'),
(897, 414433, '512.260', '2012-08-03'),
(898, 414434, '102.470', '2012-08-03'),
(899, 414, '614.730', '2012-08-03'),
(900, 41, '3844.160', '2012-08-03'),
(901, 422444, '1293.440', '2012-08-03'),
(902, 422445, '8.910', '2012-08-03'),
(903, 422446, '278.990', '2012-08-03'),
(904, 422447, '413.890', '2012-08-03'),
(905, 422, '1995.230', '2012-08-03'),
(906, 423452, '64.140', '2012-08-03'),
(907, 423, '64.140', '2012-08-03'),
(908, 424455, '93.460', '2012-08-03'),
(909, 424456, '26.900', '2012-08-03'),
(910, 424457, '88.750', '2012-08-03'),
(911, 424, '209.110', '2012-08-03'),
(912, 425460, '16.000', '2012-08-03'),
(913, 425461, '10.060', '2012-08-03'),
(914, 425462, '1.340', '2012-08-03'),
(915, 425464, '3.770', '2012-08-03'),
(916, 425465, '10.880', '2012-08-03'),
(917, 425466, '0.890', '2012-08-03'),
(918, 425468, '3.720', '2012-08-03'),
(919, 425469, '6.650', '2012-08-03'),
(920, 425, '53.310', '2012-08-03'),
(921, 426472, '17.500', '2012-08-03'),
(922, 426473, '20.220', '2012-08-03'),
(923, 426474, '7.400', '2012-08-03'),
(924, 426475, '21.900', '2012-08-03'),
(925, 426477, '2.790', '2012-08-03'),
(926, 426478, '21.890', '2012-08-03'),
(927, 426479, '73.850', '2012-08-03'),
(928, 426, '165.550', '2012-08-03'),
(929, 42, '2487.340', '2012-08-03'),
(930, 431700, '199.000', '2012-08-03'),
(931, 431703, '199.000', '2012-08-03'),
(932, 431708, '269.000', '2012-08-03'),
(933, 431, '667.000', '2012-08-03'),
(934, 432720, '317.480', '2012-08-03'),
(935, 432721, '113.870', '2012-08-03'),
(936, 432722, '242.770', '2012-08-03'),
(937, 432723, '15.000', '2012-08-03'),
(938, 432724, '11.490', '2012-08-03'),
(939, 432, '700.610', '2012-08-03'),
(940, 434740, '39.340', '2012-08-03'),
(941, 434741, '1704.000', '2012-08-03'),
(942, 434742, '79.790', '2012-08-03'),
(943, 434743, '24.990', '2012-08-03'),
(944, 434745, '471.700', '2012-08-03'),
(945, 434746, '5.990', '2012-08-03'),
(946, 434, '2325.810', '2012-08-03'),
(947, 43, '3693.420', '2012-08-03'),
(948, 441752, '22.650', '2012-08-03'),
(949, 441756, '4.900', '2012-08-03'),
(950, 441757, '40.090', '2012-08-03'),
(951, 441758, '2.000', '2012-08-03'),
(952, 441, '69.640', '2012-08-03'),
(953, 442762, '37.850', '2012-08-03'),
(954, 442, '37.850', '2012-08-03'),
(955, 443767, '16.980', '2012-08-03'),
(956, 443, '16.980', '2012-08-03'),
(957, 444770, '24.990', '2012-08-03'),
(958, 444773, '21.340', '2012-08-03'),
(959, 444775, '233.940', '2012-08-03'),
(960, 444, '280.270', '2012-08-03'),
(961, 44, '404.740', '2012-08-03'),
(962, 4, '10429.660', '2012-08-03'),
(963, 511500, '961.840', '2012-08-03'),
(964, 511, '961.840', '2012-08-03'),
(965, 512503, '1597.420', '2012-08-03'),
(966, 512, '1597.420', '2012-08-03'),
(967, 51, '2559.260', '2012-08-03'),
(968, 521506, '705.370', '2012-08-03'),
(969, 521, '705.370', '2012-08-03'),
(970, 522509, '219.170', '2012-08-03'),
(971, 522, '219.170', '2012-08-03'),
(972, 52, '924.540', '2012-08-03'),
(973, 531512, '830.310', '2012-08-03'),
(974, 531, '830.310', '2012-08-03'),
(975, 532515, '899.080', '2012-08-03'),
(976, 532516, '16.450', '2012-08-03'),
(977, 532517, '141.420', '2012-08-03'),
(978, 532, '1056.950', '2012-08-03'),
(979, 53, '1887.260', '2012-08-03'),
(980, 541520, '570.500', '2012-08-03'),
(981, 541, '570.500', '2012-08-03'),
(982, 542523, '1604.650', '2012-08-03'),
(983, 542524, '1106.000', '2012-08-03'),
(984, 542525, '333.610', '2012-08-03'),
(985, 542526, '90.090', '2012-08-03'),
(986, 542527, '120.360', '2012-08-03'),
(987, 542528, '57.170', '2012-08-03'),
(988, 542529, '55.130', '2012-08-03'),
(989, 542530, '571.380', '2012-08-03'),
(990, 542531, '162.340', '2012-08-03'),
(991, 542, '4100.730', '2012-08-03'),
(992, 54, '4671.230', '2012-08-03'),
(993, 551533, '497.070', '2012-08-03'),
(994, 551534, '1.290', '2012-08-03'),
(995, 551, '498.360', '2012-08-03'),
(996, 552537, '213.360', '2012-08-03'),
(997, 552538, '62.200', '2012-08-03'),
(998, 552539, '407.750', '2012-08-03'),
(999, 552540, '321.270', '2012-08-03'),
(1000, 552541, '7.380', '2012-08-03'),
(1001, 552542, '20.380', '2012-08-03'),
(1002, 552, '1032.340', '2012-08-03'),
(1003, 55, '1530.700', '2012-08-03'),
(1004, 561544, '812.820', '2012-08-03'),
(1005, 561545, '209.790', '2012-08-03'),
(1006, 561, '1022.610', '2012-08-03'),
(1007, 562548, '530.020', '2012-08-03'),
(1008, 562549, '92.290', '2012-08-03'),
(1009, 562, '622.310', '2012-08-03'),
(1010, 565555, '82.750', '2012-08-03'),
(1011, 565, '82.750', '2012-08-03'),
(1012, 566557, '68.190', '2012-08-03'),
(1013, 566, '68.190', '2012-08-03'),
(1014, 56, '1795.860', '2012-08-03'),
(1015, 571563, '51.690', '2012-08-03'),
(1016, 571, '51.690', '2012-08-03'),
(1017, 572566, '593.230', '2012-08-03'),
(1018, 572, '593.230', '2012-08-03'),
(1019, 574572, '13.550', '2012-08-03'),
(1020, 574, '13.550', '2012-08-03'),
(1021, 575575, '74.850', '2012-08-03'),
(1022, 575576, '5.900', '2012-08-03'),
(1023, 575, '80.750', '2012-08-03'),
(1024, 576579, '629.320', '2012-08-03'),
(1025, 576581, '6.730', '2012-08-03'),
(1026, 576, '636.050', '2012-08-03'),
(1027, 57, '1375.270', '2012-08-03'),
(1028, 581584, '1089.640', '2012-08-03'),
(1029, 581, '1089.640', '2012-08-03'),
(1030, 582588, '474.430', '2012-08-03'),
(1031, 582, '474.430', '2012-08-03'),
(1032, 583591, '27.860', '2012-08-03'),
(1033, 583592, '461.320', '2012-08-03'),
(1034, 583, '489.180', '2012-08-03'),
(1035, 58, '2053.250', '2012-08-03'),
(1036, 5, '16797.370', '2012-08-03'),
(1037, 611600, '27.000', '2012-08-03'),
(1038, 611, '27.000', '2012-08-03'),
(1039, 612601, '25.000', '2012-08-03'),
(1040, 612, '25.000', '2012-08-03'),
(1041, 613602, '2.900', '2012-08-03'),
(1042, 613, '2.900', '2012-08-03'),
(1043, 614603, '113.120', '2012-08-03'),
(1044, 614, '113.120', '2012-08-03'),
(1045, 615604, '47.670', '2012-08-03'),
(1046, 615, '47.670', '2012-08-03'),
(1047, 616605, '317.950', '2012-08-03'),
(1048, 616, '317.950', '2012-08-03'),
(1049, 617606, '3.490', '2012-08-03'),
(1050, 617, '3.490', '2012-08-03'),
(1051, 61, '537.130', '2012-08-03'),
(1052, 621610, '33.880', '2012-08-03'),
(1053, 621611, '70.890', '2012-08-03'),
(1054, 621, '104.770', '2012-08-03'),
(1055, 622612, '129.700', '2012-08-03'),
(1056, 622613, '60.860', '2012-08-03'),
(1057, 622, '190.560', '2012-08-03'),
(1058, 623614, '4.720', '2012-08-03'),
(1059, 623615, '23.000', '2012-08-03'),
(1060, 623, '27.720', '2012-08-03'),
(1061, 624616, '109.660', '2012-08-03'),
(1062, 624, '109.660', '2012-08-03'),
(1063, 625617, '131.320', '2012-08-03'),
(1064, 625, '131.320', '2012-08-03'),
(1065, 626618, '65.800', '2012-08-03'),
(1066, 626, '65.800', '2012-08-03'),
(1067, 62, '629.830', '2012-08-03'),
(1068, 631620, '332.630', '2012-08-03'),
(1069, 631, '332.630', '2012-08-03'),
(1070, 63, '332.630', '2012-08-03'),
(1071, 641630, '307.150', '2012-08-03'),
(1072, 641, '307.150', '2012-08-03'),
(1073, 64, '307.150', '2012-08-03'),
(1074, 6, '1806.740', '2012-08-03'),
(1076, 111100, '683.920', '2012-08-04'),
(1077, 111102, '82.890', '2012-08-04'),
(1078, 111104, '358.640', '2012-08-04'),
(1079, 111106, '569.520', '2012-08-04'),
(1080, 111108, '68.560', '2012-08-04'),
(1081, 111110, '288.600', '2012-08-04'),
(1082, 111112, '39.520', '2012-08-04'),
(1083, 111114, '538.890', '2012-08-04'),
(1084, 111116, '44.070', '2012-08-04'),
(1085, 111118, '165.410', '2012-08-04'),
(1086, 111120, '398.200', '2012-08-04'),
(1087, 111122, '186.940', '2012-08-04'),
(1088, 111124, '52.730', '2012-08-04'),
(1089, 111126, '51.360', '2012-08-04'),
(1090, 111128, '468.280', '2012-08-04'),
(1091, 111130, '128.940', '2012-08-04'),
(1092, 111132, '83.330', '2012-08-04'),
(1093, 111, '4209.800', '2012-08-04'),
(1094, 112140, '281.300', '2012-08-04'),
(1095, 112142, '1729.330', '2012-08-04'),
(1096, 112144, '108.070', '2012-08-04'),
(1097, 112146, '729.710', '2012-08-04'),
(1098, 112148, '34.970', '2012-08-04'),
(1099, 112150, '109.340', '2012-08-04'),
(1100, 112152, '471.730', '2012-08-04'),
(1101, 112154, '31.070', '2012-08-04'),
(1102, 112156, '79.100', '2012-08-04'),
(1103, 112158, '332.700', '2012-08-04'),
(1104, 112160, '890.010', '2012-08-04'),
(1105, 112162, '1175.500', '2012-08-04'),
(1106, 112164, '183.210', '2012-08-04'),
(1107, 112166, '357.290', '2012-08-04'),
(1108, 112170, '364.270', '2012-08-04'),
(1109, 112172, '355.540', '2012-08-04'),
(1110, 112174, '57.510', '2012-08-04'),
(1111, 112176, '0.970', '2012-08-04'),
(1112, 112178, '534.380', '2012-08-04'),
(1113, 112, '7826.000', '2012-08-04'),
(1114, 11, '12035.800', '2012-08-04'),
(1115, 121200, '1117.750', '2012-08-04'),
(1116, 121205, '783.510', '2012-08-04'),
(1117, 121210, '455.850', '2012-08-04'),
(1118, 121220, '681.590', '2012-08-04'),
(1119, 121, '3038.700', '2012-08-04'),
(1120, 122230, '1550.610', '2012-08-04'),
(1121, 122235, '3206.780', '2012-08-04'),
(1122, 122240, '661.550', '2012-08-04'),
(1123, 122245, '1584.340', '2012-08-04'),
(1124, 122250, '1314.970', '2012-08-04'),
(1125, 122, '8318.250', '2012-08-04'),
(1126, 124201, '31.910', '2012-08-04'),
(1127, 124, '31.910', '2012-08-04'),
(1128, 12, '11388.860', '2012-08-04'),
(1129, 131300, '3111.780', '2012-08-04'),
(1130, 131, '3111.780', '2012-08-04'),
(1131, 132310, '4130.680', '2012-08-04'),
(1132, 132, '4130.680', '2012-08-04'),
(1133, 133320, '1987.070', '2012-08-04'),
(1134, 133, '1987.070', '2012-08-04'),
(1135, 134330, '155.630', '2012-08-04'),
(1136, 134, '155.630', '2012-08-04'),
(1137, 13, '9385.160', '2012-08-04'),
(1138, 1, '32809.820', '2012-08-04'),
(1139, 411400, '199.140', '2012-08-04'),
(1140, 411401, '192.600', '2012-08-04'),
(1141, 411402, '37.910', '2012-08-04'),
(1142, 411403, '336.670', '2012-08-04'),
(1143, 411405, '4.780', '2012-08-04'),
(1144, 411406, '207.280', '2012-08-04'),
(1145, 411, '978.380', '2012-08-04'),
(1146, 412410, '39.900', '2012-08-04'),
(1147, 412411, '703.250', '2012-08-04'),
(1148, 412, '743.150', '2012-08-04'),
(1149, 413414, '284.680', '2012-08-04'),
(1150, 413415, '63.370', '2012-08-04'),
(1151, 413416, '83.010', '2012-08-04'),
(1152, 413417, '27.010', '2012-08-04'),
(1153, 413419, '50.640', '2012-08-04'),
(1154, 413420, '137.930', '2012-08-04'),
(1155, 413421, '38.430', '2012-08-04'),
(1156, 413422, '145.220', '2012-08-04'),
(1157, 413423, '147.270', '2012-08-04'),
(1158, 413424, '253.970', '2012-08-04'),
(1159, 413425, '3.600', '2012-08-04'),
(1160, 413426, '176.830', '2012-08-04'),
(1161, 413427, '170.800', '2012-08-04'),
(1162, 413428, '61.070', '2012-08-04'),
(1163, 413429, '71.970', '2012-08-04'),
(1164, 413430, '12.930', '2012-08-04'),
(1165, 413, '1728.730', '2012-08-04'),
(1166, 414433, '821.790', '2012-08-04'),
(1167, 414434, '113.420', '2012-08-04'),
(1168, 414, '935.210', '2012-08-04'),
(1169, 41, '4385.470', '2012-08-04'),
(1170, 421440, '4.990', '2012-08-04'),
(1171, 421441, '37.800', '2012-08-04'),
(1172, 421, '42.790', '2012-08-04'),
(1173, 422444, '1054.920', '2012-08-04'),
(1174, 422446, '315.550', '2012-08-04'),
(1175, 422447, '573.560', '2012-08-04'),
(1176, 422, '1944.030', '2012-08-04'),
(1177, 423452, '117.270', '2012-08-04'),
(1178, 423, '117.270', '2012-08-04'),
(1179, 424455, '59.090', '2012-08-04'),
(1180, 424456, '123.930', '2012-08-04'),
(1181, 424457, '40.570', '2012-08-04'),
(1182, 424, '223.590', '2012-08-04'),
(1183, 425460, '19.700', '2012-08-04'),
(1184, 425461, '6.170', '2012-08-04'),
(1185, 425462, '7.040', '2012-08-04'),
(1186, 425463, '5.270', '2012-08-04'),
(1187, 425464, '7.050', '2012-08-04'),
(1188, 425465, '19.580', '2012-08-04'),
(1189, 425466, '5.080', '2012-08-04'),
(1190, 425467, '33.150', '2012-08-04'),
(1191, 425468, '6.120', '2012-08-04'),
(1192, 425469, '3.590', '2012-08-04'),
(1193, 425, '112.750', '2012-08-04'),
(1194, 426472, '51.580', '2012-08-04'),
(1195, 426473, '47.330', '2012-08-04'),
(1196, 426475, '1.800', '2012-08-04'),
(1197, 426477, '41.070', '2012-08-04'),
(1198, 426478, '4.790', '2012-08-04'),
(1199, 426479, '103.890', '2012-08-04'),
(1200, 426, '250.460', '2012-08-04'),
(1201, 42, '2690.890', '2012-08-04'),
(1202, 431700, '279.000', '2012-08-04'),
(1203, 431702, '269.000', '2012-08-04'),
(1204, 431703, '650.000', '2012-08-04'),
(1205, 431704, '299.000', '2012-08-04'),
(1206, 431706, '587.000', '2012-08-04'),
(1207, 431707, '109.000', '2012-08-04'),
(1208, 431, '2193.000', '2012-08-04'),
(1209, 432720, '503.990', '2012-08-04'),
(1210, 432721, '175.670', '2012-08-04'),
(1211, 432722, '352.380', '2012-08-04'),
(1212, 432723, '10.000', '2012-08-04'),
(1213, 432724, '18.360', '2012-08-04'),
(1214, 432, '1060.400', '2012-08-04'),
(1215, 434740, '338.550', '2012-08-04'),
(1216, 434741, '2611.000', '2012-08-04'),
(1217, 434742, '94.960', '2012-08-04'),
(1218, 434743, '24.250', '2012-08-04'),
(1219, 434745, '1139.720', '2012-08-04'),
(1220, 434, '4208.480', '2012-08-04'),
(1221, 43, '7461.880', '2012-08-04'),
(1222, 441750, '6.500', '2012-08-04'),
(1223, 441752, '19.900', '2012-08-04'),
(1224, 441757, '10.900', '2012-08-04'),
(1225, 441758, '2.000', '2012-08-04'),
(1226, 441, '39.300', '2012-08-04'),
(1227, 442762, '138.280', '2012-08-04'),
(1228, 442, '138.280', '2012-08-04'),
(1229, 444770, '751.840', '2012-08-04'),
(1230, 444773, '187.280', '2012-08-04'),
(1231, 444775, '214.850', '2012-08-04'),
(1232, 444, '1153.970', '2012-08-04'),
(1233, 44, '1331.550', '2012-08-04'),
(1234, 4, '15869.790', '2012-08-04'),
(1235, 511500, '1734.430', '2012-08-04'),
(1236, 511, '1734.430', '2012-08-04'),
(1237, 512503, '3661.880', '2012-08-04'),
(1238, 512, '3661.880', '2012-08-04'),
(1239, 51, '5396.310', '2012-08-04'),
(1240, 521506, '806.370', '2012-08-04'),
(1241, 521, '806.370', '2012-08-04'),
(1242, 522509, '403.290', '2012-08-04'),
(1243, 522, '403.290', '2012-08-04'),
(1244, 52, '1209.660', '2012-08-04'),
(1245, 531512, '1240.030', '2012-08-04'),
(1246, 531, '1240.030', '2012-08-04'),
(1247, 532515, '1545.810', '2012-08-04'),
(1248, 532516, '6.510', '2012-08-04'),
(1249, 532517, '184.330', '2012-08-04'),
(1250, 532, '1736.650', '2012-08-04'),
(1251, 53, '2976.680', '2012-08-04'),
(1252, 541520, '893.360', '2012-08-04'),
(1253, 541, '893.360', '2012-08-04'),
(1254, 542523, '1826.800', '2012-08-04'),
(1255, 542524, '1872.820', '2012-08-04'),
(1256, 542525, '577.180', '2012-08-04'),
(1257, 542526, '126.010', '2012-08-04'),
(1258, 542527, '217.150', '2012-08-04'),
(1259, 542528, '105.250', '2012-08-04'),
(1260, 542529, '71.940', '2012-08-04'),
(1261, 542530, '1147.210', '2012-08-04'),
(1262, 542531, '336.420', '2012-08-04'),
(1263, 542, '6280.780', '2012-08-04'),
(1264, 54, '7174.140', '2012-08-04'),
(1265, 551533, '587.760', '2012-08-04'),
(1266, 551534, '14.120', '2012-08-04'),
(1267, 551, '601.880', '2012-08-04'),
(1268, 552537, '349.820', '2012-08-04'),
(1269, 552538, '191.540', '2012-08-04'),
(1270, 552539, '417.750', '2012-08-04'),
(1271, 552540, '607.800', '2012-08-04'),
(1272, 552541, '3.690', '2012-08-04'),
(1273, 552542, '36.480', '2012-08-04'),
(1274, 552, '1607.080', '2012-08-04'),
(1275, 55, '2208.960', '2012-08-04'),
(1276, 561544, '1259.810', '2012-08-04'),
(1277, 561545, '451.590', '2012-08-04'),
(1278, 561, '1711.400', '2012-08-04'),
(1279, 562548, '887.390', '2012-08-04'),
(1280, 562549, '183.950', '2012-08-04'),
(1281, 562, '1071.340', '2012-08-04'),
(1282, 565555, '100.980', '2012-08-04'),
(1283, 565, '100.980', '2012-08-04'),
(1284, 566557, '155.970', '2012-08-04'),
(1285, 566, '155.970', '2012-08-04'),
(1286, 567560, '9.030', '2012-08-04'),
(1287, 567, '9.030', '2012-08-04'),
(1288, 56, '3048.720', '2012-08-04'),
(1289, 571563, '148.400', '2012-08-04'),
(1290, 571, '148.400', '2012-08-04'),
(1291, 572566, '737.660', '2012-08-04'),
(1292, 572, '737.660', '2012-08-04'),
(1293, 574572, '12.880', '2012-08-04'),
(1294, 574, '12.880', '2012-08-04'),
(1295, 575575, '132.700', '2012-08-04'),
(1296, 575576, '6.800', '2012-08-04'),
(1297, 575, '139.500', '2012-08-04'),
(1298, 576579, '1273.060', '2012-08-04'),
(1299, 576581, '4.580', '2012-08-04'),
(1300, 576, '1277.640', '2012-08-04'),
(1301, 57, '2316.080', '2012-08-04'),
(1302, 581584, '923.000', '2012-08-04'),
(1303, 581, '923.000', '2012-08-04'),
(1304, 582588, '724.750', '2012-08-04'),
(1305, 582, '724.750', '2012-08-04'),
(1306, 583591, '85.730', '2012-08-04'),
(1307, 583592, '834.700', '2012-08-04'),
(1308, 583, '920.430', '2012-08-04'),
(1309, 58, '2568.180', '2012-08-04'),
(1310, 5, '26898.730', '2012-08-04'),
(1311, 611600, '25.000', '2012-08-04'),
(1312, 611, '25.000', '2012-08-04'),
(1313, 612601, '12.700', '2012-08-04'),
(1314, 612, '12.700', '2012-08-04'),
(1315, 613602, '22.600', '2012-08-04'),
(1316, 613, '22.600', '2012-08-04'),
(1317, 614603, '98.320', '2012-08-04'),
(1318, 614, '98.320', '2012-08-04'),
(1319, 615604, '53.190', '2012-08-04'),
(1320, 615, '53.190', '2012-08-04'),
(1321, 616605, '301.550', '2012-08-04'),
(1322, 616, '301.550', '2012-08-04'),
(1323, 617606, '12.300', '2012-08-04'),
(1324, 617, '12.300', '2012-08-04'),
(1325, 61, '525.660', '2012-08-04'),
(1326, 621610, '36.900', '2012-08-04'),
(1327, 621611, '7.990', '2012-08-04'),
(1328, 621, '44.890', '2012-08-04'),
(1329, 622612, '49.450', '2012-08-04'),
(1330, 622613, '121.760', '2012-08-04'),
(1331, 622, '171.210', '2012-08-04'),
(1332, 623614, '4.990', '2012-08-04'),
(1333, 623615, '37.960', '2012-08-04'),
(1334, 623, '42.950', '2012-08-04'),
(1335, 624616, '139.440', '2012-08-04'),
(1336, 624, '139.440', '2012-08-04'),
(1337, 625617, '157.890', '2012-08-04'),
(1338, 625, '157.890', '2012-08-04'),
(1339, 626618, '44.600', '2012-08-04'),
(1340, 626, '44.600', '2012-08-04'),
(1341, 62, '600.980', '2012-08-04'),
(1342, 631620, '1130.620', '2012-08-04'),
(1343, 631, '1130.620', '2012-08-04'),
(1344, 63, '1130.620', '2012-08-04'),
(1345, 641630, '704.990', '2012-08-04'),
(1346, 641, '704.990', '2012-08-04'),
(1347, 64, '704.990', '2012-08-04'),
(1348, 6, '2962.250', '2012-08-04'),
(1350, 111100, '581.020', '2012-08-05'),
(1351, 111102, '49.900', '2012-08-05'),
(1352, 111104, '251.630', '2012-08-05'),
(1353, 111106, '502.680', '2012-08-05'),
(1354, 111108, '27.590', '2012-08-05'),
(1355, 111110, '167.780', '2012-08-05'),
(1356, 111112, '33.230', '2012-08-05'),
(1357, 111114, '337.790', '2012-08-05'),
(1358, 111116, '25.370', '2012-08-05'),
(1359, 111118, '78.880', '2012-08-05');
INSERT INTO `vendas` (`ve_id`, `ve_fam_id`, `ve_valor`, `ve_date`) VALUES
(1360, 111120, '245.840', '2012-08-05'),
(1361, 111122, '125.380', '2012-08-05'),
(1362, 111124, '39.920', '2012-08-05'),
(1363, 111126, '32.880', '2012-08-05'),
(1364, 111128, '391.600', '2012-08-05'),
(1365, 111130, '107.530', '2012-08-05'),
(1366, 111132, '87.830', '2012-08-05'),
(1367, 111, '3086.850', '2012-08-05'),
(1368, 112140, '181.350', '2012-08-05'),
(1369, 112142, '1299.060', '2012-08-05'),
(1370, 112144, '150.340', '2012-08-05'),
(1371, 112146, '568.610', '2012-08-05'),
(1372, 112148, '20.470', '2012-08-05'),
(1373, 112150, '75.120', '2012-08-05'),
(1374, 112152, '450.040', '2012-08-05'),
(1375, 112154, '40.130', '2012-08-05'),
(1376, 112156, '54.620', '2012-08-05'),
(1377, 112158, '204.150', '2012-08-05'),
(1378, 112160, '734.870', '2012-08-05'),
(1379, 112162, '986.050', '2012-08-05'),
(1380, 112164, '127.630', '2012-08-05'),
(1381, 112166, '266.440', '2012-08-05'),
(1382, 112170, '358.290', '2012-08-05'),
(1383, 112172, '256.380', '2012-08-05'),
(1384, 112174, '23.780', '2012-08-05'),
(1385, 112176, '3.880', '2012-08-05'),
(1386, 112178, '483.530', '2012-08-05'),
(1387, 112, '6284.740', '2012-08-05'),
(1388, 11, '9371.590', '2012-08-05'),
(1389, 121200, '775.400', '2012-08-05'),
(1390, 121205, '605.910', '2012-08-05'),
(1391, 121210, '307.380', '2012-08-05'),
(1392, 121220, '435.860', '2012-08-05'),
(1393, 121, '2124.550', '2012-08-05'),
(1394, 122230, '831.280', '2012-08-05'),
(1395, 122235, '2582.350', '2012-08-05'),
(1396, 122240, '319.220', '2012-08-05'),
(1397, 122245, '1080.450', '2012-08-05'),
(1398, 122250, '963.920', '2012-08-05'),
(1399, 122, '5777.220', '2012-08-05'),
(1400, 124201, '8.240', '2012-08-05'),
(1401, 124, '8.240', '2012-08-05'),
(1402, 12, '7910.010', '2012-08-05'),
(1403, 131300, '2124.440', '2012-08-05'),
(1404, 131, '2124.440', '2012-08-05'),
(1405, 132310, '3427.040', '2012-08-05'),
(1406, 132, '3427.040', '2012-08-05'),
(1407, 133320, '1535.290', '2012-08-05'),
(1408, 133, '1535.290', '2012-08-05'),
(1409, 134330, '100.510', '2012-08-05'),
(1410, 134, '100.510', '2012-08-05'),
(1411, 13, '7187.280', '2012-08-05'),
(1412, 1, '24468.880', '2012-08-05'),
(1413, 411400, '204.640', '2012-08-05'),
(1414, 411401, '45.660', '2012-08-05'),
(1415, 411402, '23.390', '2012-08-05'),
(1416, 411403, '344.720', '2012-08-05'),
(1417, 411405, '3.500', '2012-08-05'),
(1418, 411406, '102.980', '2012-08-05'),
(1419, 411, '724.890', '2012-08-05'),
(1420, 412410, '16.960', '2012-08-05'),
(1421, 412411, '686.770', '2012-08-05'),
(1422, 412, '703.730', '2012-08-05'),
(1423, 413414, '204.830', '2012-08-05'),
(1424, 413415, '77.210', '2012-08-05'),
(1425, 413416, '47.540', '2012-08-05'),
(1426, 413417, '28.160', '2012-08-05'),
(1427, 413418, '4.900', '2012-08-05'),
(1428, 413419, '43.810', '2012-08-05'),
(1429, 413420, '69.560', '2012-08-05'),
(1430, 413421, '28.990', '2012-08-05'),
(1431, 413422, '140.850', '2012-08-05'),
(1432, 413423, '97.600', '2012-08-05'),
(1433, 413424, '200.760', '2012-08-05'),
(1434, 413425, '9.900', '2012-08-05'),
(1435, 413426, '55.390', '2012-08-05'),
(1436, 413427, '142.380', '2012-08-05'),
(1437, 413428, '71.480', '2012-08-05'),
(1438, 413429, '110.440', '2012-08-05'),
(1439, 413430, '20.850', '2012-08-05'),
(1440, 413, '1354.650', '2012-08-05'),
(1441, 414433, '714.150', '2012-08-05'),
(1442, 414434, '164.330', '2012-08-05'),
(1443, 414, '878.480', '2012-08-05'),
(1444, 41, '3661.750', '2012-08-05'),
(1445, 421441, '178.400', '2012-08-05'),
(1446, 421, '178.400', '2012-08-05'),
(1447, 422444, '497.320', '2012-08-05'),
(1448, 422446, '275.840', '2012-08-05'),
(1449, 422447, '1129.040', '2012-08-05'),
(1450, 422, '1902.200', '2012-08-05'),
(1451, 423452, '12.440', '2012-08-05'),
(1452, 423, '12.440', '2012-08-05'),
(1453, 424455, '34.650', '2012-08-05'),
(1454, 424456, '117.290', '2012-08-05'),
(1455, 424457, '61.990', '2012-08-05'),
(1456, 424, '213.930', '2012-08-05'),
(1457, 425460, '18.400', '2012-08-05'),
(1458, 425461, '11.940', '2012-08-05'),
(1459, 425462, '3.970', '2012-08-05'),
(1460, 425463, '0.990', '2012-08-05'),
(1461, 425464, '3.030', '2012-08-05'),
(1462, 425465, '11.790', '2012-08-05'),
(1463, 425466, '11.630', '2012-08-05'),
(1464, 425467, '84.520', '2012-08-05'),
(1465, 425468, '5.670', '2012-08-05'),
(1466, 425469, '0.690', '2012-08-05'),
(1467, 425, '152.630', '2012-08-05'),
(1468, 426472, '38.800', '2012-08-05'),
(1469, 426473, '80.970', '2012-08-05'),
(1470, 426474, '17.500', '2012-08-05'),
(1471, 426475, '53.750', '2012-08-05'),
(1472, 426476, '12.800', '2012-08-05'),
(1473, 426477, '29.850', '2012-08-05'),
(1474, 426478, '26.460', '2012-08-05'),
(1475, 426479, '23.980', '2012-08-05'),
(1476, 426, '284.110', '2012-08-05'),
(1477, 42, '2743.710', '2012-08-05'),
(1478, 431702, '837.000', '2012-08-05'),
(1479, 431703, '398.000', '2012-08-05'),
(1480, 431706, '79.800', '2012-08-05'),
(1481, 431708, '249.000', '2012-08-05'),
(1482, 431, '1563.800', '2012-08-05'),
(1483, 432720, '675.480', '2012-08-05'),
(1484, 432721, '240.580', '2012-08-05'),
(1485, 432722, '149.780', '2012-08-05'),
(1486, 432724, '21.880', '2012-08-05'),
(1487, 432, '1087.720', '2012-08-05'),
(1488, 434740, '35.640', '2012-08-05'),
(1489, 434741, '3607.000', '2012-08-05'),
(1490, 434742, '67.790', '2012-08-05'),
(1491, 434744, '9.990', '2012-08-05'),
(1492, 434745, '746.390', '2012-08-05'),
(1493, 434, '4466.810', '2012-08-05'),
(1494, 43, '7118.330', '2012-08-05'),
(1495, 441750, '9.400', '2012-08-05'),
(1496, 441752, '37.720', '2012-08-05'),
(1497, 441753, '3.500', '2012-08-05'),
(1498, 441756, '5.500', '2012-08-05'),
(1499, 441757, '16.390', '2012-08-05'),
(1500, 441758, '7.550', '2012-08-05'),
(1501, 441, '80.060', '2012-08-05'),
(1502, 442762, '180.330', '2012-08-05'),
(1503, 442, '180.330', '2012-08-05'),
(1504, 443767, '13.980', '2012-08-05'),
(1505, 443, '13.980', '2012-08-05'),
(1506, 444770, '69.900', '2012-08-05'),
(1507, 444773, '73.760', '2012-08-05'),
(1508, 444775, '140.910', '2012-08-05'),
(1509, 444, '284.570', '2012-08-05'),
(1510, 44, '558.940', '2012-08-05'),
(1511, 4, '14082.730', '2012-08-05'),
(1512, 511500, '784.290', '2012-08-05'),
(1513, 511, '784.290', '2012-08-05'),
(1514, 512503, '2235.850', '2012-08-05'),
(1515, 512, '2235.850', '2012-08-05'),
(1516, 51, '3020.140', '2012-08-05'),
(1517, 521506, '694.840', '2012-08-05'),
(1518, 521, '694.840', '2012-08-05'),
(1519, 522509, '138.890', '2012-08-05'),
(1520, 522, '138.890', '2012-08-05'),
(1521, 52, '833.730', '2012-08-05'),
(1522, 531512, '809.470', '2012-08-05'),
(1523, 531, '809.470', '2012-08-05'),
(1524, 532515, '1320.830', '2012-08-05'),
(1525, 532517, '128.150', '2012-08-05'),
(1526, 532, '1448.980', '2012-08-05'),
(1527, 53, '2258.450', '2012-08-05'),
(1528, 541520, '638.610', '2012-08-05'),
(1529, 541, '638.610', '2012-08-05'),
(1530, 542523, '1502.820', '2012-08-05'),
(1531, 542524, '1562.050', '2012-08-05'),
(1532, 542525, '416.190', '2012-08-05'),
(1533, 542526, '102.230', '2012-08-05'),
(1534, 542527, '212.840', '2012-08-05'),
(1535, 542528, '26.100', '2012-08-05'),
(1536, 542529, '46.830', '2012-08-05'),
(1537, 542530, '743.340', '2012-08-05'),
(1538, 542531, '149.310', '2012-08-05'),
(1539, 542, '4761.710', '2012-08-05'),
(1540, 54, '5400.320', '2012-08-05'),
(1541, 551533, '624.820', '2012-08-05'),
(1542, 551534, '12.850', '2012-08-05'),
(1543, 551, '637.670', '2012-08-05'),
(1544, 552537, '325.040', '2012-08-05'),
(1545, 552538, '83.270', '2012-08-05'),
(1546, 552539, '209.800', '2012-08-05'),
(1547, 552540, '333.890', '2012-08-05'),
(1548, 552542, '9.910', '2012-08-05'),
(1549, 552, '961.910', '2012-08-05'),
(1550, 55, '1599.580', '2012-08-05'),
(1551, 561544, '932.860', '2012-08-05'),
(1552, 561545, '255.880', '2012-08-05'),
(1553, 561546, '10.170', '2012-08-05'),
(1554, 561, '1198.910', '2012-08-05'),
(1555, 562548, '530.790', '2012-08-05'),
(1556, 562549, '126.170', '2012-08-05'),
(1557, 562, '656.960', '2012-08-05'),
(1558, 563551, '2.430', '2012-08-05'),
(1559, 563, '2.430', '2012-08-05'),
(1560, 565555, '101.560', '2012-08-05'),
(1561, 565, '101.560', '2012-08-05'),
(1562, 566557, '87.370', '2012-08-05'),
(1563, 566, '87.370', '2012-08-05'),
(1564, 567560, '7.740', '2012-08-05'),
(1565, 567, '7.740', '2012-08-05'),
(1566, 56, '2054.970', '2012-08-05'),
(1567, 571563, '103.060', '2012-08-05'),
(1568, 571, '103.060', '2012-08-05'),
(1569, 572566, '635.400', '2012-08-05'),
(1570, 572, '635.400', '2012-08-05'),
(1571, 574572, '10.560', '2012-08-05'),
(1572, 574, '10.560', '2012-08-05'),
(1573, 575575, '165.140', '2012-08-05'),
(1574, 575576, '0.800', '2012-08-05'),
(1575, 575, '165.940', '2012-08-05'),
(1576, 576579, '1046.410', '2012-08-05'),
(1577, 576581, '8.860', '2012-08-05'),
(1578, 576, '1055.270', '2012-08-05'),
(1579, 57, '1970.230', '2012-08-05'),
(1580, 581584, '468.980', '2012-08-05'),
(1581, 581, '468.980', '2012-08-05'),
(1582, 582588, '483.550', '2012-08-05'),
(1583, 582, '483.550', '2012-08-05'),
(1584, 583591, '41.790', '2012-08-05'),
(1585, 583592, '1292.820', '2012-08-05'),
(1586, 583, '1334.610', '2012-08-05'),
(1587, 58, '2287.140', '2012-08-05'),
(1588, 5, '19424.560', '2012-08-05'),
(1589, 611600, '15.400', '2012-08-05'),
(1590, 611, '15.400', '2012-08-05'),
(1591, 612601, '10.500', '2012-08-05'),
(1592, 612, '10.500', '2012-08-05'),
(1593, 613602, '24.000', '2012-08-05'),
(1594, 613, '24.000', '2012-08-05'),
(1595, 614603, '48.040', '2012-08-05'),
(1596, 614, '48.040', '2012-08-05'),
(1597, 615604, '61.470', '2012-08-05'),
(1598, 615, '61.470', '2012-08-05'),
(1599, 616605, '212.170', '2012-08-05'),
(1600, 616, '212.170', '2012-08-05'),
(1601, 617606, '0.490', '2012-08-05'),
(1602, 617, '0.490', '2012-08-05'),
(1603, 61, '372.070', '2012-08-05'),
(1604, 621610, '6.990', '2012-08-05'),
(1605, 621611, '74.340', '2012-08-05'),
(1606, 621, '81.330', '2012-08-05'),
(1607, 622612, '79.180', '2012-08-05'),
(1608, 622613, '80.300', '2012-08-05'),
(1609, 622, '159.480', '2012-08-05'),
(1610, 623614, '20.260', '2012-08-05'),
(1611, 623615, '53.380', '2012-08-05'),
(1612, 623, '73.640', '2012-08-05'),
(1613, 624616, '58.860', '2012-08-05'),
(1614, 624, '58.860', '2012-08-05'),
(1615, 625617, '111.960', '2012-08-05'),
(1616, 625, '111.960', '2012-08-05'),
(1617, 626618, '130.700', '2012-08-05'),
(1618, 626, '130.700', '2012-08-05'),
(1619, 62, '615.970', '2012-08-05'),
(1620, 631620, '844.370', '2012-08-05'),
(1621, 631, '844.370', '2012-08-05'),
(1622, 63, '844.370', '2012-08-05'),
(1623, 641630, '503.590', '2012-08-05'),
(1624, 641, '503.590', '2012-08-05'),
(1625, 64, '503.590', '2012-08-05'),
(1626, 6, '2336.000', '2012-08-05'),
(1628, 111100, '406.360', '2012-08-06'),
(1629, 111102, '57.090', '2012-08-06'),
(1630, 111104, '312.190', '2012-08-06'),
(1631, 111106, '424.140', '2012-08-06'),
(1632, 111108, '41.550', '2012-08-06'),
(1633, 111110, '255.180', '2012-08-06'),
(1634, 111112, '43.320', '2012-08-06'),
(1635, 111114, '478.710', '2012-08-06'),
(1636, 111116, '54.040', '2012-08-06'),
(1637, 111118, '134.450', '2012-08-06'),
(1638, 111120, '286.040', '2012-08-06'),
(1639, 111122, '124.120', '2012-08-06'),
(1640, 111124, '36.800', '2012-08-06'),
(1641, 111126, '33.360', '2012-08-06'),
(1642, 111128, '306.680', '2012-08-06'),
(1643, 111130, '109.630', '2012-08-06'),
(1644, 111132, '97.500', '2012-08-06'),
(1645, 111, '3201.160', '2012-08-06'),
(1646, 112140, '209.960', '2012-08-06'),
(1647, 112142, '1380.820', '2012-08-06'),
(1648, 112144, '100.460', '2012-08-06'),
(1649, 112146, '644.250', '2012-08-06'),
(1650, 112148, '33.340', '2012-08-06'),
(1651, 112150, '99.590', '2012-08-06'),
(1652, 112152, '496.650', '2012-08-06'),
(1653, 112154, '27.760', '2012-08-06'),
(1654, 112156, '77.370', '2012-08-06'),
(1655, 112158, '273.110', '2012-08-06'),
(1656, 112160, '643.660', '2012-08-06'),
(1657, 112162, '818.390', '2012-08-06'),
(1658, 112164, '117.930', '2012-08-06'),
(1659, 112166, '401.810', '2012-08-06'),
(1660, 112168, '0.990', '2012-08-06'),
(1661, 112170, '309.320', '2012-08-06'),
(1662, 112172, '320.510', '2012-08-06'),
(1663, 112174, '21.580', '2012-08-06'),
(1664, 112178, '498.210', '2012-08-06'),
(1665, 112, '6475.710', '2012-08-06'),
(1666, 11, '9676.870', '2012-08-06'),
(1667, 121200, '1190.980', '2012-08-06'),
(1668, 121205, '534.520', '2012-08-06'),
(1669, 121210, '415.440', '2012-08-06'),
(1670, 121220, '584.210', '2012-08-06'),
(1671, 121, '2725.150', '2012-08-06'),
(1672, 122230, '1255.750', '2012-08-06'),
(1673, 122235, '2861.740', '2012-08-06'),
(1674, 122240, '199.610', '2012-08-06'),
(1675, 122245, '1557.010', '2012-08-06'),
(1676, 122250, '1186.230', '2012-08-06'),
(1677, 122, '7060.340', '2012-08-06'),
(1678, 12, '9785.490', '2012-08-06'),
(1679, 131300, '2309.350', '2012-08-06'),
(1680, 131, '2309.350', '2012-08-06'),
(1681, 132310, '2801.320', '2012-08-06'),
(1682, 132, '2801.320', '2012-08-06'),
(1683, 133320, '1601.560', '2012-08-06'),
(1684, 133, '1601.560', '2012-08-06'),
(1685, 134330, '194.710', '2012-08-06'),
(1686, 134, '194.710', '2012-08-06'),
(1687, 13, '6906.940', '2012-08-06'),
(1688, 1, '26369.300', '2012-08-06'),
(1689, 411400, '567.900', '2012-08-06'),
(1690, 411401, '93.180', '2012-08-06'),
(1691, 411402, '4.200', '2012-08-06'),
(1692, 411403, '312.780', '2012-08-06'),
(1693, 411405, '2.390', '2012-08-06'),
(1694, 411406, '133.530', '2012-08-06'),
(1695, 411, '1113.980', '2012-08-06'),
(1696, 412410, '23.450', '2012-08-06'),
(1697, 412411, '501.930', '2012-08-06'),
(1698, 412, '525.380', '2012-08-06'),
(1699, 413414, '282.830', '2012-08-06'),
(1700, 413415, '56.560', '2012-08-06'),
(1701, 413416, '96.840', '2012-08-06'),
(1702, 413417, '46.200', '2012-08-06'),
(1703, 413419, '131.620', '2012-08-06'),
(1704, 413420, '122.900', '2012-08-06'),
(1705, 413421, '71.110', '2012-08-06'),
(1706, 413422, '147.560', '2012-08-06'),
(1707, 413423, '92.130', '2012-08-06'),
(1708, 413424, '149.260', '2012-08-06'),
(1709, 413425, '13.600', '2012-08-06'),
(1710, 413426, '109.650', '2012-08-06'),
(1711, 413427, '145.720', '2012-08-06'),
(1712, 413428, '102.630', '2012-08-06'),
(1713, 413429, '41.030', '2012-08-06'),
(1714, 413430, '13.900', '2012-08-06'),
(1715, 413, '1623.540', '2012-08-06'),
(1716, 414433, '603.440', '2012-08-06'),
(1717, 414434, '139.380', '2012-08-06'),
(1718, 414, '742.820', '2012-08-06'),
(1719, 41, '4005.720', '2012-08-06'),
(1720, 421441, '62.650', '2012-08-06'),
(1721, 421, '62.650', '2012-08-06'),
(1722, 422444, '434.460', '2012-08-06'),
(1723, 422446, '288.220', '2012-08-06'),
(1724, 422447, '381.190', '2012-08-06'),
(1725, 422, '1103.870', '2012-08-06'),
(1726, 423452, '32.000', '2012-08-06'),
(1727, 423, '32.000', '2012-08-06'),
(1728, 424455, '72.140', '2012-08-06'),
(1729, 424456, '77.800', '2012-08-06'),
(1730, 424457, '179.080', '2012-08-06'),
(1731, 424, '329.020', '2012-08-06'),
(1732, 425460, '4.000', '2012-08-06'),
(1733, 425461, '27.710', '2012-08-06'),
(1734, 425462, '9.610', '2012-08-06'),
(1735, 425464, '2.680', '2012-08-06'),
(1736, 425465, '23.960', '2012-08-06'),
(1737, 425466, '1.380', '2012-08-06'),
(1738, 425467, '21.900', '2012-08-06'),
(1739, 425469, '2.900', '2012-08-06'),
(1740, 425, '94.140', '2012-08-06'),
(1741, 426472, '169.910', '2012-08-06'),
(1742, 426473, '135.270', '2012-08-06'),
(1743, 426476, '1.150', '2012-08-06'),
(1744, 426477, '19.640', '2012-08-06'),
(1745, 426478, '35.120', '2012-08-06'),
(1746, 426479, '27.950', '2012-08-06'),
(1747, 426, '389.040', '2012-08-06'),
(1748, 42, '2010.720', '2012-08-06'),
(1749, 431700, '458.000', '2012-08-06'),
(1750, 431703, '458.000', '2012-08-06'),
(1751, 431704, '229.000', '2012-08-06'),
(1752, 431706, '39.900', '2012-08-06'),
(1753, 431, '1184.900', '2012-08-06'),
(1754, 432720, '946.570', '2012-08-06'),
(1755, 432721, '92.790', '2012-08-06'),
(1756, 432722, '244.580', '2012-08-06'),
(1757, 432724, '9.540', '2012-08-06'),
(1758, 432, '1293.480', '2012-08-06'),
(1759, 434740, '118.250', '2012-08-06'),
(1760, 434741, '2180.670', '2012-08-06'),
(1761, 434742, '257.900', '2012-08-06'),
(1762, 434743, '22.940', '2012-08-06'),
(1763, 434745, '1404.460', '2012-08-06'),
(1764, 434, '3984.220', '2012-08-06'),
(1765, 43, '6462.600', '2012-08-06'),
(1766, 441753, '18.990', '2012-08-06'),
(1767, 441757, '74.900', '2012-08-06'),
(1768, 441, '93.890', '2012-08-06'),
(1769, 442762, '237.800', '2012-08-06'),
(1770, 442, '237.800', '2012-08-06'),
(1771, 443767, '46.950', '2012-08-06'),
(1772, 443, '46.950', '2012-08-06'),
(1773, 444770, '46.950', '2012-08-06'),
(1774, 444773, '253.420', '2012-08-06'),
(1775, 444775, '591.700', '2012-08-06'),
(1776, 444, '892.070', '2012-08-06'),
(1777, 44, '1270.710', '2012-08-06'),
(1778, 4, '13749.750', '2012-08-06'),
(1779, 511500, '1290.820', '2012-08-06'),
(1780, 511, '1290.820', '2012-08-06'),
(1781, 512503, '1499.270', '2012-08-06'),
(1782, 512, '1499.270', '2012-08-06'),
(1783, 51, '2790.090', '2012-08-06'),
(1784, 521506, '502.710', '2012-08-06'),
(1785, 521, '502.710', '2012-08-06'),
(1786, 522509, '188.930', '2012-08-06'),
(1787, 522, '188.930', '2012-08-06'),
(1788, 52, '691.640', '2012-08-06'),
(1789, 531512, '1072.470', '2012-08-06'),
(1790, 531, '1072.470', '2012-08-06'),
(1791, 532515, '977.050', '2012-08-06'),
(1792, 532517, '85.190', '2012-08-06'),
(1793, 532, '1062.240', '2012-08-06'),
(1794, 53, '2134.710', '2012-08-06'),
(1795, 541520, '727.000', '2012-08-06'),
(1796, 541, '727.000', '2012-08-06'),
(1797, 542523, '1272.150', '2012-08-06'),
(1798, 542524, '1167.400', '2012-08-06'),
(1799, 542525, '381.800', '2012-08-06'),
(1800, 542526, '117.630', '2012-08-06'),
(1801, 542527, '165.580', '2012-08-06'),
(1802, 542528, '74.850', '2012-08-06'),
(1803, 542529, '102.040', '2012-08-06'),
(1804, 542530, '975.010', '2012-08-06'),
(1805, 542531, '169.370', '2012-08-06'),
(1806, 542, '4425.830', '2012-08-06'),
(1807, 54, '5152.830', '2012-08-06'),
(1808, 551533, '574.520', '2012-08-06'),
(1809, 551534, '14.240', '2012-08-06'),
(1810, 551, '588.760', '2012-08-06'),
(1811, 552537, '391.550', '2012-08-06'),
(1812, 552538, '95.490', '2012-08-06'),
(1813, 552539, '275.920', '2012-08-06'),
(1814, 552540, '491.990', '2012-08-06'),
(1815, 552541, '3.690', '2012-08-06'),
(1816, 552542, '30.240', '2012-08-06'),
(1817, 552, '1288.880', '2012-08-06'),
(1818, 55, '1877.640', '2012-08-06'),
(1819, 561544, '879.670', '2012-08-06'),
(1820, 561545, '167.040', '2012-08-06'),
(1821, 561, '1046.710', '2012-08-06'),
(1822, 562548, '607.050', '2012-08-06'),
(1823, 562549, '148.280', '2012-08-06'),
(1824, 562, '755.330', '2012-08-06'),
(1825, 565555, '137.990', '2012-08-06'),
(1826, 565, '137.990', '2012-08-06'),
(1827, 566557, '99.030', '2012-08-06'),
(1828, 566, '99.030', '2012-08-06'),
(1829, 567560, '9.030', '2012-08-06'),
(1830, 567, '9.030', '2012-08-06'),
(1831, 56, '2048.090', '2012-08-06'),
(1832, 571563, '114.010', '2012-08-06'),
(1833, 571, '114.010', '2012-08-06'),
(1834, 572566, '492.150', '2012-08-06'),
(1835, 572, '492.150', '2012-08-06'),
(1836, 574572, '11.410', '2012-08-06'),
(1837, 574, '11.410', '2012-08-06'),
(1838, 575575, '88.730', '2012-08-06'),
(1839, 575576, '5.100', '2012-08-06'),
(1840, 575, '93.830', '2012-08-06'),
(1841, 576579, '729.060', '2012-08-06'),
(1842, 576581, '3.790', '2012-08-06'),
(1843, 576, '732.850', '2012-08-06'),
(1844, 57, '1444.250', '2012-08-06'),
(1845, 581584, '378.840', '2012-08-06'),
(1846, 581, '378.840', '2012-08-06'),
(1847, 582588, '539.780', '2012-08-06'),
(1848, 582, '539.780', '2012-08-06'),
(1849, 583591, '27.650', '2012-08-06'),
(1850, 583592, '1033.250', '2012-08-06'),
(1851, 583, '1060.900', '2012-08-06'),
(1852, 58, '1979.520', '2012-08-06'),
(1853, 5, '18118.770', '2012-08-06'),
(1854, 611600, '29.300', '2012-08-06'),
(1855, 611, '29.300', '2012-08-06'),
(1856, 612601, '27.090', '2012-08-06'),
(1857, 612, '27.090', '2012-08-06'),
(1858, 613602, '3.500', '2012-08-06'),
(1859, 613, '3.500', '2012-08-06'),
(1860, 614603, '8.840', '2012-08-06'),
(1861, 614, '8.840', '2012-08-06'),
(1862, 615604, '54.290', '2012-08-06'),
(1863, 615, '54.290', '2012-08-06'),
(1864, 616605, '360.060', '2012-08-06'),
(1865, 616, '360.060', '2012-08-06'),
(1866, 61, '483.080', '2012-08-06'),
(1867, 621610, '70.020', '2012-08-06'),
(1868, 621611, '86.150', '2012-08-06'),
(1869, 621, '156.170', '2012-08-06'),
(1870, 622612, '75.060', '2012-08-06'),
(1871, 622613, '56.420', '2012-08-06'),
(1872, 622, '131.480', '2012-08-06'),
(1873, 623614, '26.970', '2012-08-06'),
(1874, 623615, '53.940', '2012-08-06'),
(1875, 623, '80.910', '2012-08-06'),
(1876, 624616, '80.850', '2012-08-06'),
(1877, 624, '80.850', '2012-08-06'),
(1878, 625617, '112.650', '2012-08-06'),
(1879, 625, '112.650', '2012-08-06'),
(1880, 626618, '115.900', '2012-08-06'),
(1881, 626, '115.900', '2012-08-06'),
(1882, 62, '677.960', '2012-08-06'),
(1883, 631620, '555.980', '2012-08-06'),
(1884, 631, '555.980', '2012-08-06'),
(1885, 63, '555.980', '2012-08-06'),
(1886, 641630, '572.630', '2012-08-06'),
(1887, 641, '572.630', '2012-08-06'),
(1888, 64, '572.630', '2012-08-06'),
(1889, 6, '2289.650', '2012-08-06'),
(1891, 111100, '379.570', '2012-08-07'),
(1892, 111102, '43.420', '2012-08-07'),
(1893, 111104, '211.280', '2012-08-07'),
(1894, 111106, '392.300', '2012-08-07'),
(1895, 111108, '56.720', '2012-08-07'),
(1896, 111110, '182.540', '2012-08-07'),
(1897, 111112, '24.650', '2012-08-07'),
(1898, 111114, '314.930', '2012-08-07'),
(1899, 111116, '27.990', '2012-08-07'),
(1900, 111118, '95.640', '2012-08-07'),
(1901, 111120, '246.700', '2012-08-07'),
(1902, 111122, '120.320', '2012-08-07'),
(1903, 111124, '48.180', '2012-08-07'),
(1904, 111126, '18.860', '2012-08-07'),
(1905, 111128, '364.530', '2012-08-07'),
(1906, 111130, '101.720', '2012-08-07'),
(1907, 111132, '61.130', '2012-08-07'),
(1908, 111, '2690.480', '2012-08-07'),
(1909, 112140, '174.370', '2012-08-07'),
(1910, 112142, '1215.330', '2012-08-07'),
(1911, 112144, '69.690', '2012-08-07'),
(1912, 112146, '421.670', '2012-08-07'),
(1913, 112148, '19.240', '2012-08-07'),
(1914, 112150, '64.150', '2012-08-07'),
(1915, 112152, '324.170', '2012-08-07'),
(1916, 112154, '19.140', '2012-08-07'),
(1917, 112156, '38.020', '2012-08-07'),
(1918, 112158, '208.030', '2012-08-07'),
(1919, 112160, '522.290', '2012-08-07'),
(1920, 112162, '715.330', '2012-08-07'),
(1921, 112164, '91.740', '2012-08-07'),
(1922, 112166, '320.040', '2012-08-07'),
(1923, 112170, '355.830', '2012-08-07'),
(1924, 112172, '242.600', '2012-08-07'),
(1925, 112174, '35.550', '2012-08-07'),
(1926, 112176, '3.880', '2012-08-07'),
(1927, 112178, '454.510', '2012-08-07'),
(1928, 112, '5295.580', '2012-08-07'),
(1929, 11, '7986.060', '2012-08-07'),
(1930, 121200, '1178.550', '2012-08-07'),
(1931, 121205, '469.020', '2012-08-07'),
(1932, 121210, '327.670', '2012-08-07'),
(1933, 121220, '627.120', '2012-08-07'),
(1934, 121, '2602.360', '2012-08-07'),
(1935, 122230, '1033.460', '2012-08-07'),
(1936, 122235, '2046.310', '2012-08-07'),
(1937, 122240, '415.240', '2012-08-07'),
(1938, 122245, '2051.330', '2012-08-07'),
(1939, 122250, '1242.550', '2012-08-07'),
(1940, 122, '6788.890', '2012-08-07'),
(1941, 124201, '16.980', '2012-08-07'),
(1942, 124, '16.980', '2012-08-07'),
(1943, 12, '9408.230', '2012-08-07'),
(1944, 131300, '1830.700', '2012-08-07'),
(1945, 131, '1830.700', '2012-08-07'),
(1946, 132310, '2718.670', '2012-08-07'),
(1947, 132, '2718.670', '2012-08-07'),
(1948, 133320, '1200.040', '2012-08-07'),
(1949, 133, '1200.040', '2012-08-07'),
(1950, 134330, '109.340', '2012-08-07'),
(1951, 134, '109.340', '2012-08-07'),
(1952, 13, '5858.750', '2012-08-07'),
(1953, 1, '23253.040', '2012-08-07'),
(1954, 411400, '261.120', '2012-08-07'),
(1955, 411401, '112.990', '2012-08-07'),
(1956, 411402, '10.690', '2012-08-07'),
(1957, 411403, '322.880', '2012-08-07'),
(1958, 411406, '368.930', '2012-08-07'),
(1959, 411, '1076.610', '2012-08-07'),
(1960, 412410, '41.740', '2012-08-07'),
(1961, 412411, '362.170', '2012-08-07'),
(1962, 412, '403.910', '2012-08-07'),
(1963, 413414, '327.480', '2012-08-07'),
(1964, 413415, '90.400', '2012-08-07'),
(1965, 413416, '33.980', '2012-08-07'),
(1966, 413417, '33.420', '2012-08-07'),
(1967, 413418, '10.000', '2012-08-07'),
(1968, 413419, '20.860', '2012-08-07'),
(1969, 413420, '140.970', '2012-08-07'),
(1970, 413421, '28.150', '2012-08-07'),
(1971, 413422, '140.960', '2012-08-07'),
(1972, 413423, '100.220', '2012-08-07'),
(1973, 413424, '98.870', '2012-08-07'),
(1974, 413425, '46.100', '2012-08-07'),
(1975, 413426, '175.010', '2012-08-07'),
(1976, 413427, '101.580', '2012-08-07'),
(1977, 413428, '125.580', '2012-08-07'),
(1978, 413429, '58.540', '2012-08-07'),
(1979, 413430, '1.900', '2012-08-07'),
(1980, 413, '1534.020', '2012-08-07'),
(1981, 414433, '366.150', '2012-08-07'),
(1982, 414434, '214.020', '2012-08-07'),
(1983, 414, '580.170', '2012-08-07'),
(1984, 41, '3594.710', '2012-08-07'),
(1985, 421441, '51.900', '2012-08-07'),
(1986, 421, '51.900', '2012-08-07'),
(1987, 422444, '805.250', '2012-08-07'),
(1988, 422445, '7.200', '2012-08-07'),
(1989, 422446, '187.490', '2012-08-07'),
(1990, 422447, '1179.530', '2012-08-07'),
(1991, 422, '2179.470', '2012-08-07'),
(1992, 423451, '209.000', '2012-08-07'),
(1993, 423452, '142.630', '2012-08-07'),
(1994, 423, '351.630', '2012-08-07'),
(1995, 424455, '52.020', '2012-08-07'),
(1996, 424456, '79.280', '2012-08-07'),
(1997, 424457, '117.680', '2012-08-07'),
(1998, 424, '248.980', '2012-08-07'),
(1999, 425460, '5.790', '2012-08-07'),
(2000, 425461, '11.630', '2012-08-07'),
(2001, 425462, '6.870', '2012-08-07'),
(2002, 425463, '3.770', '2012-08-07'),
(2003, 425465, '14.630', '2012-08-07'),
(2004, 425466, '21.890', '2012-08-07'),
(2005, 425468, '0.720', '2012-08-07'),
(2006, 425469, '8.200', '2012-08-07'),
(2007, 425, '73.500', '2012-08-07'),
(2008, 426472, '20.880', '2012-08-07'),
(2009, 426473, '57.690', '2012-08-07'),
(2010, 426474, '14.000', '2012-08-07'),
(2011, 426475, '12.960', '2012-08-07'),
(2012, 426477, '9.580', '2012-08-07'),
(2013, 426478, '21.630', '2012-08-07'),
(2014, 426479, '21.950', '2012-08-07'),
(2015, 426, '158.690', '2012-08-07'),
(2016, 42, '3064.170', '2012-08-07'),
(2017, 431700, '398.000', '2012-08-07'),
(2018, 431703, '368.000', '2012-08-07'),
(2019, 431706, '318.700', '2012-08-07'),
(2020, 431708, '149.000', '2012-08-07'),
(2021, 431, '1233.700', '2012-08-07'),
(2022, 432720, '647.160', '2012-08-07'),
(2023, 432721, '201.380', '2012-08-07'),
(2024, 432722, '244.670', '2012-08-07'),
(2025, 432723, '19.900', '2012-08-07'),
(2026, 432724, '8.590', '2012-08-07'),
(2027, 432, '1121.700', '2012-08-07'),
(2028, 434740, '144.370', '2012-08-07'),
(2029, 434741, '1414.900', '2012-08-07'),
(2030, 434742, '119.790', '2012-08-07'),
(2031, 434744, '39.900', '2012-08-07'),
(2032, 434745, '508.180', '2012-08-07'),
(2033, 434, '2227.140', '2012-08-07'),
(2034, 43, '4582.540', '2012-08-07'),
(2035, 441750, '15.000', '2012-08-07'),
(2036, 441756, '11.200', '2012-08-07'),
(2037, 441757, '22.420', '2012-08-07'),
(2038, 441758, '3.300', '2012-08-07'),
(2039, 441, '51.920', '2012-08-07'),
(2040, 442762, '155.280', '2012-08-07'),
(2041, 442, '155.280', '2012-08-07'),
(2042, 443767, '9.990', '2012-08-07'),
(2043, 443, '9.990', '2012-08-07'),
(2044, 444770, '325.990', '2012-08-07'),
(2045, 444773, '144.310', '2012-08-07'),
(2046, 444775, '318.730', '2012-08-07'),
(2047, 444, '789.030', '2012-08-07'),
(2048, 44, '1006.220', '2012-08-07'),
(2049, 4, '12247.640', '2012-08-07'),
(2050, 511500, '962.540', '2012-08-07'),
(2051, 511, '962.540', '2012-08-07'),
(2052, 512503, '1263.130', '2012-08-07'),
(2053, 512, '1263.130', '2012-08-07'),
(2054, 51, '2225.670', '2012-08-07'),
(2055, 521506, '691.440', '2012-08-07'),
(2056, 521, '691.440', '2012-08-07'),
(2057, 522509, '88.610', '2012-08-07'),
(2058, 522, '88.610', '2012-08-07'),
(2059, 52, '780.050', '2012-08-07'),
(2060, 531512, '996.040', '2012-08-07'),
(2061, 531, '996.040', '2012-08-07'),
(2062, 532515, '757.230', '2012-08-07'),
(2063, 532517, '105.760', '2012-08-07'),
(2064, 532, '862.990', '2012-08-07'),
(2065, 53, '1859.030', '2012-08-07'),
(2066, 541520, '605.590', '2012-08-07'),
(2067, 541, '605.590', '2012-08-07'),
(2068, 542523, '1012.830', '2012-08-07'),
(2069, 542524, '1112.530', '2012-08-07'),
(2070, 542525, '306.810', '2012-08-07'),
(2071, 542526, '96.590', '2012-08-07'),
(2072, 542527, '151.590', '2012-08-07'),
(2073, 542528, '73.100', '2012-08-07'),
(2074, 542529, '52.650', '2012-08-07'),
(2075, 542530, '720.330', '2012-08-07'),
(2076, 542531, '134.430', '2012-08-07'),
(2077, 542, '3660.860', '2012-08-07'),
(2078, 54, '4266.450', '2012-08-07'),
(2079, 551533, '541.150', '2012-08-07'),
(2080, 551534, '17.590', '2012-08-07'),
(2081, 551, '558.740', '2012-08-07'),
(2082, 552537, '237.110', '2012-08-07'),
(2083, 552538, '97.330', '2012-08-07'),
(2084, 552539, '451.090', '2012-08-07'),
(2085, 552540, '409.350', '2012-08-07'),
(2086, 552541, '23.530', '2012-08-07'),
(2087, 552542, '25.920', '2012-08-07'),
(2088, 552, '1244.330', '2012-08-07'),
(2089, 55, '1803.070', '2012-08-07'),
(2090, 561544, '720.550', '2012-08-07'),
(2091, 561545, '84.570', '2012-08-07'),
(2092, 561, '805.120', '2012-08-07'),
(2093, 562548, '503.100', '2012-08-07'),
(2094, 562549, '105.090', '2012-08-07'),
(2095, 562, '608.190', '2012-08-07'),
(2096, 565555, '89.860', '2012-08-07'),
(2097, 565, '89.860', '2012-08-07'),
(2098, 566557, '70.010', '2012-08-07'),
(2099, 566, '70.010', '2012-08-07'),
(2100, 567560, '3.870', '2012-08-07'),
(2101, 567, '3.870', '2012-08-07'),
(2102, 56, '1577.050', '2012-08-07'),
(2103, 571563, '181.790', '2012-08-07'),
(2104, 571, '181.790', '2012-08-07'),
(2105, 572566, '400.840', '2012-08-07'),
(2106, 572, '400.840', '2012-08-07'),
(2107, 574572, '16.960', '2012-08-07'),
(2108, 574, '16.960', '2012-08-07'),
(2109, 575575, '74.300', '2012-08-07'),
(2110, 575576, '7.650', '2012-08-07'),
(2111, 575, '81.950', '2012-08-07'),
(2112, 576579, '680.590', '2012-08-07'),
(2113, 576581, '8.820', '2012-08-07'),
(2114, 576, '689.410', '2012-08-07'),
(2115, 57, '1370.950', '2012-08-07'),
(2116, 581584, '688.030', '2012-08-07'),
(2117, 581, '688.030', '2012-08-07'),
(2118, 582588, '426.130', '2012-08-07'),
(2119, 582, '426.130', '2012-08-07'),
(2120, 583591, '29.850', '2012-08-07'),
(2121, 583592, '621.760', '2012-08-07'),
(2122, 583, '651.610', '2012-08-07'),
(2123, 58, '1765.770', '2012-08-07'),
(2124, 5, '15648.040', '2012-08-07'),
(2125, 611600, '54.500', '2012-08-07'),
(2126, 611, '54.500', '2012-08-07'),
(2127, 612601, '21.700', '2012-08-07'),
(2128, 612, '21.700', '2012-08-07'),
(2129, 614603, '103.100', '2012-08-07'),
(2130, 614, '103.100', '2012-08-07'),
(2131, 615604, '57.390', '2012-08-07'),
(2132, 615, '57.390', '2012-08-07'),
(2133, 616605, '192.320', '2012-08-07'),
(2134, 616, '192.320', '2012-08-07'),
(2135, 61, '429.010', '2012-08-07'),
(2136, 621611, '41.850', '2012-08-07'),
(2137, 621, '41.850', '2012-08-07'),
(2138, 622612, '145.720', '2012-08-07'),
(2139, 622613, '138.530', '2012-08-07'),
(2140, 622, '284.250', '2012-08-07'),
(2141, 623614, '13.790', '2012-08-07'),
(2142, 623615, '18.980', '2012-08-07'),
(2143, 623, '32.770', '2012-08-07'),
(2144, 624616, '206.760', '2012-08-07'),
(2145, 624, '206.760', '2012-08-07'),
(2146, 625617, '137.940', '2012-08-07'),
(2147, 625, '137.940', '2012-08-07'),
(2148, 626618, '204.690', '2012-08-07'),
(2149, 626, '204.690', '2012-08-07'),
(2150, 62, '908.260', '2012-08-07'),
(2151, 631620, '273.750', '2012-08-07'),
(2152, 631, '273.750', '2012-08-07'),
(2153, 63, '273.750', '2012-08-07'),
(2154, 641630, '325.400', '2012-08-07'),
(2155, 641, '325.400', '2012-08-07'),
(2156, 64, '325.400', '2012-08-07'),
(2157, 6, '1936.420', '2012-08-07'),
(2159, 111100, '279.190', '2012-08-08'),
(2160, 111102, '28.160', '2012-08-08'),
(2161, 111104, '174.780', '2012-08-08'),
(2162, 111106, '308.550', '2012-08-08'),
(2163, 111108, '17.280', '2012-08-08'),
(2164, 111110, '165.870', '2012-08-08'),
(2165, 111112, '33.510', '2012-08-08'),
(2166, 111114, '341.450', '2012-08-08'),
(2167, 111116, '20.730', '2012-08-08'),
(2168, 111118, '81.490', '2012-08-08'),
(2169, 111120, '193.530', '2012-08-08'),
(2170, 111122, '71.270', '2012-08-08'),
(2171, 111124, '46.300', '2012-08-08'),
(2172, 111126, '27.240', '2012-08-08'),
(2173, 111128, '257.470', '2012-08-08'),
(2174, 111130, '74.450', '2012-08-08'),
(2175, 111132, '69.260', '2012-08-08'),
(2176, 111, '2190.530', '2012-08-08'),
(2177, 112140, '133.630', '2012-08-08'),
(2178, 112142, '1215.440', '2012-08-08'),
(2179, 112144, '59.810', '2012-08-08'),
(2180, 112146, '476.470', '2012-08-08'),
(2181, 112148, '15.690', '2012-08-08'),
(2182, 112150, '75.410', '2012-08-08'),
(2183, 112152, '275.470', '2012-08-08'),
(2184, 112154, '10.440', '2012-08-08'),
(2185, 112156, '43.140', '2012-08-08'),
(2186, 112158, '239.160', '2012-08-08'),
(2187, 112160, '433.810', '2012-08-08'),
(2188, 112162, '558.580', '2012-08-08'),
(2189, 112164, '112.350', '2012-08-08'),
(2190, 112166, '246.990', '2012-08-08'),
(2191, 112170, '248.080', '2012-08-08'),
(2192, 112172, '244.430', '2012-08-08'),
(2193, 112174, '60.710', '2012-08-08'),
(2194, 112178, '478.220', '2012-08-08'),
(2195, 112, '4927.830', '2012-08-08'),
(2196, 11, '7118.360', '2012-08-08'),
(2197, 121200, '1116.990', '2012-08-08'),
(2198, 121205, '520.090', '2012-08-08'),
(2199, 121210, '289.400', '2012-08-08'),
(2200, 121220, '508.940', '2012-08-08'),
(2201, 121, '2435.420', '2012-08-08'),
(2202, 122230, '1285.980', '2012-08-08'),
(2203, 122235, '2732.880', '2012-08-08'),
(2204, 122240, '492.990', '2012-08-08'),
(2205, 122245, '1867.390', '2012-08-08'),
(2206, 122250, '1409.450', '2012-08-08'),
(2207, 122, '7788.690', '2012-08-08'),
(2208, 124201, '23.270', '2012-08-08'),
(2209, 124, '23.270', '2012-08-08'),
(2210, 12, '10247.380', '2012-08-08'),
(2211, 131300, '1532.940', '2012-08-08'),
(2212, 131, '1532.940', '2012-08-08'),
(2213, 132310, '2539.810', '2012-08-08'),
(2214, 132, '2539.810', '2012-08-08'),
(2215, 133320, '1224.950', '2012-08-08'),
(2216, 133, '1224.950', '2012-08-08'),
(2217, 134330, '92.730', '2012-08-08'),
(2218, 134, '92.730', '2012-08-08'),
(2219, 13, '5390.430', '2012-08-08'),
(2220, 1, '22756.170', '2012-08-08'),
(2221, 411400, '250.300', '2012-08-08'),
(2222, 411401, '53.240', '2012-08-08'),
(2223, 411403, '350.890', '2012-08-08'),
(2224, 411406, '124.890', '2012-08-08'),
(2225, 411407, '1.590', '2012-08-08'),
(2226, 411, '780.910', '2012-08-08'),
(2227, 412410, '1.750', '2012-08-08'),
(2228, 412411, '541.930', '2012-08-08'),
(2229, 412, '543.680', '2012-08-08'),
(2230, 413414, '222.980', '2012-08-08'),
(2231, 413415, '73.470', '2012-08-08'),
(2232, 413416, '49.820', '2012-08-08'),
(2233, 413417, '22.720', '2012-08-08'),
(2234, 413418, '3.990', '2012-08-08'),
(2235, 413419, '59.510', '2012-08-08'),
(2236, 413420, '88.750', '2012-08-08'),
(2237, 413421, '73.870', '2012-08-08'),
(2238, 413422, '80.420', '2012-08-08'),
(2239, 413423, '93.550', '2012-08-08'),
(2240, 413424, '75.290', '2012-08-08'),
(2241, 413425, '20.890', '2012-08-08'),
(2242, 413426, '88.360', '2012-08-08'),
(2243, 413427, '82.340', '2012-08-08'),
(2244, 413428, '2.490', '2012-08-08'),
(2245, 413429, '55.050', '2012-08-08'),
(2246, 413430, '38.350', '2012-08-08'),
(2247, 413, '1131.850', '2012-08-08'),
(2248, 414433, '842.560', '2012-08-08'),
(2249, 414434, '145.060', '2012-08-08'),
(2250, 414, '987.620', '2012-08-08'),
(2251, 41, '3444.060', '2012-08-08'),
(2252, 421441, '149.000', '2012-08-08'),
(2253, 421, '149.000', '2012-08-08'),
(2254, 422444, '1291.210', '2012-08-08'),
(2255, 422446, '437.650', '2012-08-08'),
(2256, 422447, '346.010', '2012-08-08'),
(2257, 422, '2074.870', '2012-08-08'),
(2258, 423452, '106.870', '2012-08-08'),
(2259, 423, '106.870', '2012-08-08'),
(2260, 424455, '109.630', '2012-08-08'),
(2261, 424456, '82.010', '2012-08-08'),
(2262, 424457, '180.980', '2012-08-08'),
(2263, 424, '372.620', '2012-08-08'),
(2264, 425460, '1.800', '2012-08-08'),
(2265, 425461, '14.760', '2012-08-08'),
(2266, 425462, '5.490', '2012-08-08'),
(2267, 425464, '15.080', '2012-08-08'),
(2268, 425465, '31.580', '2012-08-08'),
(2269, 425466, '4.720', '2012-08-08'),
(2270, 425467, '15.800', '2012-08-08'),
(2271, 425468, '8.500', '2012-08-08'),
(2272, 425469, '3.350', '2012-08-08'),
(2273, 425, '101.080', '2012-08-08'),
(2274, 426473, '47.390', '2012-08-08'),
(2275, 426475, '22.900', '2012-08-08'),
(2276, 426476, '12.890', '2012-08-08'),
(2277, 426477, '9.180', '2012-08-08'),
(2278, 426478, '14.960', '2012-08-08'),
(2279, 426479, '10.000', '2012-08-08'),
(2280, 426, '117.320', '2012-08-08'),
(2281, 42, '2921.760', '2012-08-08'),
(2282, 431703, '799.000', '2012-08-08'),
(2283, 431704, '189.000', '2012-08-08'),
(2284, 431706, '39.900', '2012-08-08'),
(2285, 431707, '90.000', '2012-08-08'),
(2286, 431, '1117.900', '2012-08-08'),
(2287, 432720, '523.000', '2012-08-08'),
(2288, 432721, '330.880', '2012-08-08'),
(2289, 432722, '255.820', '2012-08-08'),
(2290, 432, '1109.700', '2012-08-08'),
(2291, 434740, '152.200', '2012-08-08'),
(2292, 434741, '448.900', '2012-08-08'),
(2293, 434742, '99.900', '2012-08-08'),
(2294, 434743, '2.300', '2012-08-08'),
(2295, 434745, '749.920', '2012-08-08'),
(2296, 434747, '10.980', '2012-08-08'),
(2297, 434, '1464.200', '2012-08-08'),
(2298, 43, '3691.800', '2012-08-08'),
(2299, 441750, '11.900', '2012-08-08'),
(2300, 441752, '68.880', '2012-08-08'),
(2301, 441753, '14.000', '2012-08-08'),
(2302, 441755, '14.900', '2012-08-08'),
(2303, 441756, '16.700', '2012-08-08'),
(2304, 441757, '86.560', '2012-08-08'),
(2305, 441, '212.940', '2012-08-08'),
(2306, 442762, '251.060', '2012-08-08'),
(2307, 442, '251.060', '2012-08-08'),
(2308, 443767, '8.980', '2012-08-08'),
(2309, 443768, '2.990', '2012-08-08'),
(2310, 443, '11.970', '2012-08-08'),
(2311, 444770, '56.970', '2012-08-08'),
(2312, 444773, '76.840', '2012-08-08'),
(2313, 444775, '213.530', '2012-08-08'),
(2314, 444, '347.340', '2012-08-08'),
(2315, 44, '823.310', '2012-08-08'),
(2316, 4, '10880.930', '2012-08-08'),
(2317, 511500, '1032.670', '2012-08-08'),
(2318, 511, '1032.670', '2012-08-08'),
(2319, 512503, '953.420', '2012-08-08'),
(2320, 512, '953.420', '2012-08-08'),
(2321, 51, '1986.090', '2012-08-08'),
(2322, 521506, '625.800', '2012-08-08'),
(2323, 521, '625.800', '2012-08-08'),
(2324, 522509, '130.980', '2012-08-08'),
(2325, 522, '130.980', '2012-08-08'),
(2326, 52, '756.780', '2012-08-08'),
(2327, 531512, '901.330', '2012-08-08'),
(2328, 531, '901.330', '2012-08-08'),
(2329, 532515, '877.920', '2012-08-08'),
(2330, 532517, '99.950', '2012-08-08'),
(2331, 532, '977.870', '2012-08-08'),
(2332, 53, '1879.200', '2012-08-08'),
(2333, 541520, '680.030', '2012-08-08'),
(2334, 541, '680.030', '2012-08-08'),
(2335, 542523, '993.040', '2012-08-08'),
(2336, 542524, '1152.180', '2012-08-08'),
(2337, 542525, '233.500', '2012-08-08'),
(2338, 542526, '85.420', '2012-08-08'),
(2339, 542527, '148.630', '2012-08-08'),
(2340, 542528, '80.040', '2012-08-08'),
(2341, 542529, '58.030', '2012-08-08'),
(2342, 542530, '607.780', '2012-08-08'),
(2343, 542531, '140.230', '2012-08-08'),
(2344, 542, '3498.850', '2012-08-08'),
(2345, 54, '4178.880', '2012-08-08'),
(2346, 551533, '461.150', '2012-08-08'),
(2347, 551534, '5.880', '2012-08-08'),
(2348, 551535, '5.290', '2012-08-08'),
(2349, 551, '472.320', '2012-08-08'),
(2350, 552537, '236.400', '2012-08-08'),
(2351, 552538, '117.610', '2012-08-08'),
(2352, 552539, '147.790', '2012-08-08'),
(2353, 552540, '353.200', '2012-08-08'),
(2354, 552541, '3.980', '2012-08-08'),
(2355, 552542, '26.290', '2012-08-08'),
(2356, 552, '885.270', '2012-08-08'),
(2357, 55, '1357.590', '2012-08-08'),
(2358, 561544, '732.100', '2012-08-08'),
(2359, 561545, '102.600', '2012-08-08'),
(2360, 561, '834.700', '2012-08-08'),
(2361, 562548, '471.570', '2012-08-08'),
(2362, 562549, '101.710', '2012-08-08'),
(2363, 562, '573.280', '2012-08-08'),
(2364, 565555, '44.220', '2012-08-08'),
(2365, 565, '44.220', '2012-08-08'),
(2366, 566557, '80.480', '2012-08-08'),
(2367, 566, '80.480', '2012-08-08'),
(2368, 56, '1532.680', '2012-08-08'),
(2369, 571563, '31.230', '2012-08-08'),
(2370, 571, '31.230', '2012-08-08'),
(2371, 572566, '500.830', '2012-08-08'),
(2372, 572, '500.830', '2012-08-08'),
(2373, 574572, '17.530', '2012-08-08'),
(2374, 574, '17.530', '2012-08-08'),
(2375, 575575, '52.070', '2012-08-08'),
(2376, 575576, '2.550', '2012-08-08'),
(2377, 575, '54.620', '2012-08-08'),
(2378, 576579, '605.770', '2012-08-08'),
(2379, 576581, '1.690', '2012-08-08'),
(2380, 576, '607.460', '2012-08-08'),
(2381, 57, '1211.670', '2012-08-08'),
(2382, 581584, '717.730', '2012-08-08'),
(2383, 581, '717.730', '2012-08-08'),
(2384, 582588, '436.430', '2012-08-08'),
(2385, 582, '436.430', '2012-08-08'),
(2386, 583591, '45.770', '2012-08-08'),
(2387, 583592, '464.560', '2012-08-08'),
(2388, 583, '510.330', '2012-08-08'),
(2389, 58, '1664.490', '2012-08-08'),
(2390, 5, '14567.380', '2012-08-08'),
(2391, 611600, '15.690', '2012-08-08'),
(2392, 611, '15.690', '2012-08-08'),
(2393, 612601, '24.600', '2012-08-08'),
(2394, 612, '24.600', '2012-08-08'),
(2395, 613602, '23.490', '2012-08-08'),
(2396, 613, '23.490', '2012-08-08'),
(2397, 614603, '46.800', '2012-08-08'),
(2398, 614, '46.800', '2012-08-08'),
(2399, 615604, '104.580', '2012-08-08'),
(2400, 615, '104.580', '2012-08-08'),
(2401, 616605, '512.080', '2012-08-08'),
(2402, 616, '512.080', '2012-08-08'),
(2403, 617606, '0.490', '2012-08-08'),
(2404, 617, '0.490', '2012-08-08'),
(2405, 61, '727.730', '2012-08-08'),
(2406, 621610, '38.960', '2012-08-08'),
(2407, 621611, '82.000', '2012-08-08'),
(2408, 621, '120.960', '2012-08-08'),
(2409, 622612, '82.140', '2012-08-08'),
(2410, 622613, '53.450', '2012-08-08'),
(2411, 622, '135.590', '2012-08-08'),
(2412, 623614, '16.990', '2012-08-08'),
(2413, 623615, '66.930', '2012-08-08'),
(2414, 623, '83.920', '2012-08-08'),
(2415, 624616, '98.730', '2012-08-08'),
(2416, 624, '98.730', '2012-08-08'),
(2417, 625617, '94.090', '2012-08-08'),
(2418, 625, '94.090', '2012-08-08'),
(2419, 626618, '102.790', '2012-08-08'),
(2420, 626, '102.790', '2012-08-08'),
(2421, 62, '636.080', '2012-08-08'),
(2422, 631620, '507.210', '2012-08-08'),
(2423, 631, '507.210', '2012-08-08'),
(2424, 63, '507.210', '2012-08-08'),
(2425, 641630, '215.410', '2012-08-08'),
(2426, 641, '215.410', '2012-08-08'),
(2427, 64, '215.410', '2012-08-08'),
(2428, 6, '2086.430', '2012-08-08'),
(2430, 111100, '509.840', '2012-08-09'),
(2431, 111102, '39.990', '2012-08-09'),
(2432, 111104, '197.300', '2012-08-09'),
(2433, 111106, '257.690', '2012-08-09'),
(2434, 111108, '28.200', '2012-08-09'),
(2435, 111110, '132.820', '2012-08-09'),
(2436, 111112, '40.330', '2012-08-09'),
(2437, 111114, '212.790', '2012-08-09'),
(2438, 111116, '16.660', '2012-08-09'),
(2439, 111118, '68.670', '2012-08-09'),
(2440, 111120, '218.940', '2012-08-09'),
(2441, 111122, '66.910', '2012-08-09'),
(2442, 111124, '47.010', '2012-08-09'),
(2443, 111126, '14.390', '2012-08-09'),
(2444, 111128, '256.230', '2012-08-09'),
(2445, 111130, '69.420', '2012-08-09'),
(2446, 111132, '49.380', '2012-08-09'),
(2447, 111, '2226.570', '2012-08-09'),
(2448, 112140, '168.380', '2012-08-09'),
(2449, 112142, '963.830', '2012-08-09'),
(2450, 112144, '76.240', '2012-08-09'),
(2451, 112146, '437.740', '2012-08-09'),
(2452, 112148, '4.640', '2012-08-09'),
(2453, 112150, '69.010', '2012-08-09'),
(2454, 112152, '287.830', '2012-08-09'),
(2455, 112154, '11.430', '2012-08-09'),
(2456, 112156, '32.440', '2012-08-09'),
(2457, 112158, '212.480', '2012-08-09'),
(2458, 112160, '445.840', '2012-08-09'),
(2459, 112162, '616.410', '2012-08-09'),
(2460, 112164, '133.030', '2012-08-09'),
(2461, 112166, '248.030', '2012-08-09'),
(2462, 112170, '223.480', '2012-08-09'),
(2463, 112172, '193.680', '2012-08-09'),
(2464, 112174, '26.870', '2012-08-09'),
(2465, 112178, '316.220', '2012-08-09'),
(2466, 112, '4467.580', '2012-08-09'),
(2467, 11, '6694.150', '2012-08-09'),
(2468, 121200, '897.290', '2012-08-09'),
(2469, 121205, '516.420', '2012-08-09'),
(2470, 121210, '246.050', '2012-08-09'),
(2471, 121220, '554.870', '2012-08-09'),
(2472, 121, '2214.630', '2012-08-09'),
(2473, 122230, '1016.650', '2012-08-09'),
(2474, 122235, '2678.330', '2012-08-09'),
(2475, 122240, '383.100', '2012-08-09'),
(2476, 122245, '1419.770', '2012-08-09'),
(2477, 122250, '1551.640', '2012-08-09'),
(2478, 122, '7049.490', '2012-08-09'),
(2479, 12, '9264.120', '2012-08-09'),
(2480, 131300, '1428.160', '2012-08-09'),
(2481, 131, '1428.160', '2012-08-09'),
(2482, 132310, '2591.900', '2012-08-09'),
(2483, 132, '2591.900', '2012-08-09'),
(2484, 133320, '920.650', '2012-08-09'),
(2485, 133, '920.650', '2012-08-09'),
(2486, 134330, '127.250', '2012-08-09'),
(2487, 134, '127.250', '2012-08-09'),
(2488, 13, '5067.960', '2012-08-09'),
(2489, 1, '21026.230', '2012-08-09'),
(2490, 411400, '167.300', '2012-08-09'),
(2491, 411401, '91.810', '2012-08-09'),
(2492, 411402, '2.870', '2012-08-09'),
(2493, 411403, '241.260', '2012-08-09'),
(2494, 411406, '106.360', '2012-08-09'),
(2495, 411, '609.600', '2012-08-09'),
(2496, 412410, '9.730', '2012-08-09'),
(2497, 412411, '379.060', '2012-08-09'),
(2498, 412, '388.790', '2012-08-09'),
(2499, 413414, '118.360', '2012-08-09'),
(2500, 413415, '123.750', '2012-08-09'),
(2501, 413416, '14.330', '2012-08-09'),
(2502, 413417, '31.750', '2012-08-09'),
(2503, 413419, '91.090', '2012-08-09'),
(2504, 413420, '81.160', '2012-08-09'),
(2505, 413421, '61.610', '2012-08-09'),
(2506, 413422, '89.310', '2012-08-09'),
(2507, 413423, '56.080', '2012-08-09'),
(2508, 413424, '79.630', '2012-08-09'),
(2509, 413426, '117.310', '2012-08-09'),
(2510, 413427, '103.460', '2012-08-09'),
(2511, 413428, '73.130', '2012-08-09'),
(2512, 413429, '61.790', '2012-08-09'),
(2513, 413430, '31.850', '2012-08-09'),
(2514, 413, '1134.610', '2012-08-09'),
(2515, 414433, '579.410', '2012-08-09'),
(2516, 414434, '103.930', '2012-08-09'),
(2517, 414, '683.340', '2012-08-09'),
(2518, 41, '2816.340', '2012-08-09'),
(2519, 421441, '76.610', '2012-08-09'),
(2520, 421, '76.610', '2012-08-09'),
(2521, 422444, '566.790', '2012-08-09'),
(2522, 422446, '266.200', '2012-08-09'),
(2523, 422447, '1369.030', '2012-08-09'),
(2524, 422, '2202.020', '2012-08-09'),
(2525, 423452, '20.670', '2012-08-09'),
(2526, 423, '20.670', '2012-08-09'),
(2527, 424455, '36.680', '2012-08-09'),
(2528, 424456, '24.490', '2012-08-09'),
(2529, 424457, '96.060', '2012-08-09'),
(2530, 424, '157.230', '2012-08-09'),
(2531, 425460, '4.990', '2012-08-09'),
(2532, 425461, '13.060', '2012-08-09'),
(2533, 425462, '1.950', '2012-08-09'),
(2534, 425463, '0.990', '2012-08-09'),
(2535, 425464, '2.980', '2012-08-09'),
(2536, 425465, '23.260', '2012-08-09'),
(2537, 425466, '13.020', '2012-08-09'),
(2538, 425469, '0.690', '2012-08-09'),
(2539, 425, '60.940', '2012-08-09'),
(2540, 426472, '7.950', '2012-08-09'),
(2541, 426473, '37.820', '2012-08-09'),
(2542, 426475, '3.900', '2012-08-09'),
(2543, 426476, '4.900', '2012-08-09'),
(2544, 426477, '24.590', '2012-08-09'),
(2545, 426478, '15.220', '2012-08-09'),
(2546, 426479, '68.930', '2012-08-09'),
(2547, 426, '163.310', '2012-08-09'),
(2548, 42, '2680.780', '2012-08-09'),
(2549, 431700, '478.000', '2012-08-09'),
(2550, 431703, '398.000', '2012-08-09'),
(2551, 431705, '189.000', '2012-08-09'),
(2552, 431706, '208.900', '2012-08-09'),
(2553, 431, '1273.900', '2012-08-09'),
(2554, 432720, '546.590', '2012-08-09'),
(2555, 432721, '84.690', '2012-08-09'),
(2556, 432722, '378.580', '2012-08-09'),
(2557, 432723, '19.900', '2012-08-09'),
(2558, 432724, '14.330', '2012-08-09'),
(2559, 432, '1044.090', '2012-08-09'),
(2560, 434740, '243.200', '2012-08-09'),
(2561, 434741, '707.900', '2012-08-09'),
(2562, 434742, '99.880', '2012-08-09'),
(2563, 434743, '9.170', '2012-08-09'),
(2564, 434745, '496.050', '2012-08-09'),
(2565, 434, '1556.200', '2012-08-09'),
(2566, 43, '3874.190', '2012-08-09'),
(2567, 441750, '16.900', '2012-08-09'),
(2568, 441752, '3.030', '2012-08-09'),
(2569, 441753, '7.000', '2012-08-09'),
(2570, 441757, '13.850', '2012-08-09'),
(2571, 441, '40.780', '2012-08-09'),
(2572, 442762, '90.120', '2012-08-09'),
(2573, 442, '90.120', '2012-08-09'),
(2574, 443767, '4.990', '2012-08-09'),
(2575, 443, '4.990', '2012-08-09'),
(2576, 444770, '164.940', '2012-08-09'),
(2577, 444773, '117.030', '2012-08-09'),
(2578, 444775, '242.400', '2012-08-09'),
(2579, 444, '524.370', '2012-08-09'),
(2580, 44, '660.260', '2012-08-09'),
(2581, 4, '10031.570', '2012-08-09'),
(2582, 511500, '1267.740', '2012-08-09'),
(2583, 511, '1267.740', '2012-08-09'),
(2584, 512503, '1097.130', '2012-08-09'),
(2585, 512, '1097.130', '2012-08-09'),
(2586, 51, '2364.870', '2012-08-09'),
(2587, 521506, '422.820', '2012-08-09'),
(2588, 521, '422.820', '2012-08-09'),
(2589, 522509, '95.000', '2012-08-09'),
(2590, 522, '95.000', '2012-08-09'),
(2591, 52, '517.820', '2012-08-09'),
(2592, 531512, '984.460', '2012-08-09'),
(2593, 531, '984.460', '2012-08-09'),
(2594, 532515, '776.710', '2012-08-09'),
(2595, 532516, '14.000', '2012-08-09'),
(2596, 532517, '115.650', '2012-08-09'),
(2597, 532, '906.360', '2012-08-09'),
(2598, 53, '1890.820', '2012-08-09'),
(2599, 541520, '495.260', '2012-08-09'),
(2600, 541, '495.260', '2012-08-09'),
(2601, 542523, '811.900', '2012-08-09'),
(2602, 542524, '1082.890', '2012-08-09'),
(2603, 542525, '266.570', '2012-08-09'),
(2604, 542526, '58.380', '2012-08-09'),
(2605, 542527, '86.610', '2012-08-09'),
(2606, 542528, '65.150', '2012-08-09'),
(2607, 542529, '35.690', '2012-08-09'),
(2608, 542530, '645.400', '2012-08-09'),
(2609, 542531, '155.120', '2012-08-09'),
(2610, 542, '3207.710', '2012-08-09'),
(2611, 54, '3702.970', '2012-08-09'),
(2612, 551533, '457.670', '2012-08-09'),
(2613, 551534, '7.370', '2012-08-09'),
(2614, 551535, '5.290', '2012-08-09'),
(2615, 551, '470.330', '2012-08-09'),
(2616, 552537, '257.930', '2012-08-09'),
(2617, 552538, '95.230', '2012-08-09'),
(2618, 552539, '213.950', '2012-08-09'),
(2619, 552540, '260.900', '2012-08-09'),
(2620, 552541, '6.470', '2012-08-09'),
(2621, 552542, '15.880', '2012-08-09'),
(2622, 552, '850.360', '2012-08-09'),
(2623, 55, '1320.690', '2012-08-09'),
(2624, 561544, '798.590', '2012-08-09'),
(2625, 561545, '61.920', '2012-08-09'),
(2626, 561, '860.510', '2012-08-09'),
(2627, 562548, '439.070', '2012-08-09'),
(2628, 562549, '84.370', '2012-08-09'),
(2629, 562, '523.440', '2012-08-09'),
(2630, 565555, '65.750', '2012-08-09'),
(2631, 565, '65.750', '2012-08-09'),
(2632, 566557, '68.320', '2012-08-09'),
(2633, 566, '68.320', '2012-08-09'),
(2634, 567560, '7.740', '2012-08-09'),
(2635, 567, '7.740', '2012-08-09'),
(2636, 56, '1525.760', '2012-08-09'),
(2637, 571563, '44.170', '2012-08-09'),
(2638, 571, '44.170', '2012-08-09'),
(2639, 572566, '640.620', '2012-08-09'),
(2640, 572, '640.620', '2012-08-09'),
(2641, 573569, '2.990', '2012-08-09'),
(2642, 573, '2.990', '2012-08-09'),
(2643, 574572, '39.510', '2012-08-09'),
(2644, 574, '39.510', '2012-08-09'),
(2645, 575575, '96.310', '2012-08-09'),
(2646, 575576, '2.550', '2012-08-09'),
(2647, 575, '98.860', '2012-08-09'),
(2648, 576579, '651.040', '2012-08-09'),
(2649, 576581, '32.500', '2012-08-09'),
(2650, 576, '683.540', '2012-08-09'),
(2651, 57, '1509.690', '2012-08-09'),
(2652, 581584, '776.430', '2012-08-09'),
(2653, 581, '776.430', '2012-08-09'),
(2654, 582588, '384.620', '2012-08-09'),
(2655, 582, '384.620', '2012-08-09'),
(2656, 583591, '29.850', '2012-08-09'),
(2657, 583592, '495.650', '2012-08-09'),
(2658, 583, '525.500', '2012-08-09'),
(2659, 58, '1686.550', '2012-08-09'),
(2660, 5, '14519.170', '2012-08-09'),
(2661, 611600, '7.500', '2012-08-09'),
(2662, 611, '7.500', '2012-08-09'),
(2663, 612601, '1.500', '2012-08-09'),
(2664, 612, '1.500', '2012-08-09'),
(2665, 614603, '81.040', '2012-08-09'),
(2666, 614, '81.040', '2012-08-09'),
(2667, 615604, '78.480', '2012-08-09'),
(2668, 615, '78.480', '2012-08-09'),
(2669, 616605, '194.380', '2012-08-09'),
(2670, 616, '194.380', '2012-08-09'),
(2671, 617606, '2.500', '2012-08-09'),
(2672, 617, '2.500', '2012-08-09'),
(2673, 61, '365.400', '2012-08-09'),
(2674, 621610, '14.950', '2012-08-09'),
(2675, 621611, '49.860', '2012-08-09'),
(2676, 621, '64.810', '2012-08-09'),
(2677, 622612, '36.960', '2012-08-09'),
(2678, 622613, '141.800', '2012-08-09'),
(2679, 622, '178.760', '2012-08-09'),
(2680, 623615, '36.160', '2012-08-09'),
(2681, 623, '36.160', '2012-08-09'),
(2682, 624616, '95.830', '2012-08-09'),
(2683, 624, '95.830', '2012-08-09'),
(2684, 625617, '89.800', '2012-08-09'),
(2685, 625, '89.800', '2012-08-09'),
(2686, 626618, '114.290', '2012-08-09'),
(2687, 626, '114.290', '2012-08-09'),
(2688, 62, '579.650', '2012-08-09');
INSERT INTO `vendas` (`ve_id`, `ve_fam_id`, `ve_valor`, `ve_date`) VALUES
(2689, 631620, '285.030', '2012-08-09'),
(2690, 631, '285.030', '2012-08-09'),
(2691, 63, '285.030', '2012-08-09'),
(2692, 641630, '240.800', '2012-08-09'),
(2693, 641, '240.800', '2012-08-09'),
(2694, 64, '240.800', '2012-08-09'),
(2695, 6, '1470.880', '2012-08-09'),
(2697, 111100, '527.830', '2012-08-10'),
(2698, 111102, '50.820', '2012-08-10'),
(2699, 111104, '326.680', '2012-08-10'),
(2700, 111106, '431.910', '2012-08-10'),
(2701, 111108, '37.280', '2012-08-10'),
(2702, 111110, '187.000', '2012-08-10'),
(2703, 111112, '31.450', '2012-08-10'),
(2704, 111114, '323.140', '2012-08-10'),
(2705, 111116, '30.900', '2012-08-10'),
(2706, 111118, '93.800', '2012-08-10'),
(2707, 111120, '266.000', '2012-08-10'),
(2708, 111122, '81.720', '2012-08-10'),
(2709, 111124, '34.470', '2012-08-10'),
(2710, 111126, '20.660', '2012-08-10'),
(2711, 111128, '381.500', '2012-08-10'),
(2712, 111130, '115.250', '2012-08-10'),
(2713, 111132, '83.450', '2012-08-10'),
(2714, 111, '3023.860', '2012-08-10'),
(2715, 112140, '176.640', '2012-08-10'),
(2716, 112142, '1130.720', '2012-08-10'),
(2717, 112144, '94.660', '2012-08-10'),
(2718, 112146, '663.470', '2012-08-10'),
(2719, 112148, '22.370', '2012-08-10'),
(2720, 112150, '63.910', '2012-08-10'),
(2721, 112152, '360.220', '2012-08-10'),
(2722, 112154, '13.530', '2012-08-10'),
(2723, 112156, '51.710', '2012-08-10'),
(2724, 112158, '228.780', '2012-08-10'),
(2725, 112160, '493.890', '2012-08-10'),
(2726, 112162, '703.830', '2012-08-10'),
(2727, 112164, '128.250', '2012-08-10'),
(2728, 112166, '307.400', '2012-08-10'),
(2729, 112170, '296.370', '2012-08-10'),
(2730, 112172, '173.620', '2012-08-10'),
(2731, 112174, '41.740', '2012-08-10'),
(2732, 112178, '407.910', '2012-08-10'),
(2733, 112, '5359.020', '2012-08-10'),
(2734, 11, '8382.880', '2012-08-10'),
(2735, 121200, '972.790', '2012-08-10'),
(2736, 121205, '579.190', '2012-08-10'),
(2737, 121210, '301.610', '2012-08-10'),
(2738, 121220, '760.370', '2012-08-10'),
(2739, 121, '2613.960', '2012-08-10'),
(2740, 122230, '1534.090', '2012-08-10'),
(2741, 122235, '4322.490', '2012-08-10'),
(2742, 122240, '520.150', '2012-08-10'),
(2743, 122245, '2027.430', '2012-08-10'),
(2744, 122250, '1493.250', '2012-08-10'),
(2745, 122, '9897.410', '2012-08-10'),
(2746, 124201, '8.490', '2012-08-10'),
(2747, 124, '8.490', '2012-08-10'),
(2748, 12, '12519.860', '2012-08-10'),
(2749, 131300, '2030.320', '2012-08-10'),
(2750, 131, '2030.320', '2012-08-10'),
(2751, 132310, '2542.190', '2012-08-10'),
(2752, 132, '2542.190', '2012-08-10'),
(2753, 133320, '1348.060', '2012-08-10'),
(2754, 133, '1348.060', '2012-08-10'),
(2755, 134330, '96.860', '2012-08-10'),
(2756, 134, '96.860', '2012-08-10'),
(2757, 13, '6017.430', '2012-08-10'),
(2758, 1, '26920.170', '2012-08-10'),
(2759, 411400, '89.680', '2012-08-10'),
(2760, 411401, '143.860', '2012-08-10'),
(2761, 411403, '164.250', '2012-08-10'),
(2762, 411405, '2.390', '2012-08-10'),
(2763, 411406, '115.890', '2012-08-10'),
(2764, 411, '516.070', '2012-08-10'),
(2765, 412410, '10.730', '2012-08-10'),
(2766, 412411, '629.940', '2012-08-10'),
(2767, 412, '640.670', '2012-08-10'),
(2768, 413414, '66.460', '2012-08-10'),
(2769, 413415, '73.440', '2012-08-10'),
(2770, 413416, '73.980', '2012-08-10'),
(2771, 413417, '21.180', '2012-08-10'),
(2772, 413419, '63.080', '2012-08-10'),
(2773, 413420, '150.660', '2012-08-10'),
(2774, 413421, '78.730', '2012-08-10'),
(2775, 413422, '123.030', '2012-08-10'),
(2776, 413423, '86.910', '2012-08-10'),
(2777, 413424, '83.760', '2012-08-10'),
(2778, 413425, '14.860', '2012-08-10'),
(2779, 413426, '103.350', '2012-08-10'),
(2780, 413427, '130.900', '2012-08-10'),
(2781, 413428, '109.690', '2012-08-10'),
(2782, 413429, '47.530', '2012-08-10'),
(2783, 413430, '6.950', '2012-08-10'),
(2784, 413, '1234.510', '2012-08-10'),
(2785, 414433, '459.290', '2012-08-10'),
(2786, 414434, '64.570', '2012-08-10'),
(2787, 414, '523.860', '2012-08-10'),
(2788, 41, '2915.110', '2012-08-10'),
(2789, 421440, '2.490', '2012-08-10'),
(2790, 421441, '59.800', '2012-08-10'),
(2791, 421, '62.290', '2012-08-10'),
(2792, 422444, '632.230', '2012-08-10'),
(2793, 422446, '310.570', '2012-08-10'),
(2794, 422447, '197.790', '2012-08-10'),
(2795, 422, '1140.590', '2012-08-10'),
(2796, 423451, '89.000', '2012-08-10'),
(2797, 423452, '21.890', '2012-08-10'),
(2798, 423, '110.890', '2012-08-10'),
(2799, 424455, '67.480', '2012-08-10'),
(2800, 424456, '87.430', '2012-08-10'),
(2801, 424457, '152.540', '2012-08-10'),
(2802, 424, '307.450', '2012-08-10'),
(2803, 425460, '10.600', '2012-08-10'),
(2804, 425461, '8.670', '2012-08-10'),
(2805, 425462, '3.260', '2012-08-10'),
(2806, 425463, '7.190', '2012-08-10'),
(2807, 425464, '10.710', '2012-08-10'),
(2808, 425465, '6.420', '2012-08-10'),
(2809, 425466, '0.690', '2012-08-10'),
(2810, 425468, '11.000', '2012-08-10'),
(2811, 425469, '11.520', '2012-08-10'),
(2812, 425, '70.060', '2012-08-10'),
(2813, 426472, '44.900', '2012-08-10'),
(2814, 426473, '105.100', '2012-08-10'),
(2815, 426476, '10.800', '2012-08-10'),
(2816, 426477, '21.790', '2012-08-10'),
(2817, 426478, '5.270', '2012-08-10'),
(2818, 426479, '78.480', '2012-08-10'),
(2819, 426, '266.340', '2012-08-10'),
(2820, 42, '1957.620', '2012-08-10'),
(2821, 431700, '657.000', '2012-08-10'),
(2822, 431703, '199.000', '2012-08-10'),
(2823, 431704, '209.000', '2012-08-10'),
(2824, 431706, '39.900', '2012-08-10'),
(2825, 431, '1104.900', '2012-08-10'),
(2826, 432720, '304.000', '2012-08-10'),
(2827, 432721, '141.690', '2012-08-10'),
(2828, 432722, '204.860', '2012-08-10'),
(2829, 432723, '34.900', '2012-08-10'),
(2830, 432724, '13.790', '2012-08-10'),
(2831, 432, '699.240', '2012-08-10'),
(2832, 434740, '83.630', '2012-08-10'),
(2833, 434741, '877.000', '2012-08-10'),
(2834, 434742, '59.890', '2012-08-10'),
(2835, 434743, '29.750', '2012-08-10'),
(2836, 434745, '316.250', '2012-08-10'),
(2837, 434747, '9.990', '2012-08-10'),
(2838, 434, '1376.510', '2012-08-10'),
(2839, 43, '3180.650', '2012-08-10'),
(2840, 441750, '27.490', '2012-08-10'),
(2841, 441752, '35.250', '2012-08-10'),
(2842, 441753, '7.000', '2012-08-10'),
(2843, 441754, '37.780', '2012-08-10'),
(2844, 441756, '29.260', '2012-08-10'),
(2845, 441757, '63.350', '2012-08-10'),
(2846, 441, '200.130', '2012-08-10'),
(2847, 442762, '180.250', '2012-08-10'),
(2848, 442, '180.250', '2012-08-10'),
(2849, 444770, '129.860', '2012-08-10'),
(2850, 444773, '323.200', '2012-08-10'),
(2851, 444775, '268.850', '2012-08-10'),
(2852, 444, '721.910', '2012-08-10'),
(2853, 44, '1102.290', '2012-08-10'),
(2854, 4, '9155.670', '2012-08-10'),
(2855, 511500, '953.530', '2012-08-10'),
(2856, 511, '953.530', '2012-08-10'),
(2857, 512503, '1467.990', '2012-08-10'),
(2858, 512, '1467.990', '2012-08-10'),
(2859, 51, '2421.520', '2012-08-10'),
(2860, 521506, '450.630', '2012-08-10'),
(2861, 521, '450.630', '2012-08-10'),
(2862, 522509, '294.730', '2012-08-10'),
(2863, 522, '294.730', '2012-08-10'),
(2864, 52, '745.360', '2012-08-10'),
(2865, 531512, '1058.180', '2012-08-10'),
(2866, 531, '1058.180', '2012-08-10'),
(2867, 532515, '1148.840', '2012-08-10'),
(2868, 532516, '13.490', '2012-08-10'),
(2869, 532517, '111.740', '2012-08-10'),
(2870, 532, '1274.070', '2012-08-10'),
(2871, 53, '2332.250', '2012-08-10'),
(2872, 541520, '534.470', '2012-08-10'),
(2873, 541, '534.470', '2012-08-10'),
(2874, 542523, '1344.750', '2012-08-10'),
(2875, 542524, '1344.220', '2012-08-10'),
(2876, 542525, '329.490', '2012-08-10'),
(2877, 542526, '95.080', '2012-08-10'),
(2878, 542527, '166.470', '2012-08-10'),
(2879, 542528, '70.590', '2012-08-10'),
(2880, 542529, '55.400', '2012-08-10'),
(2881, 542530, '810.450', '2012-08-10'),
(2882, 542531, '157.540', '2012-08-10'),
(2883, 542, '4373.990', '2012-08-10'),
(2884, 54, '4908.460', '2012-08-10'),
(2885, 551533, '482.060', '2012-08-10'),
(2886, 551534, '16.820', '2012-08-10'),
(2887, 551535, '10.470', '2012-08-10'),
(2888, 551, '509.350', '2012-08-10'),
(2889, 552537, '244.690', '2012-08-10'),
(2890, 552538, '140.420', '2012-08-10'),
(2891, 552539, '506.840', '2012-08-10'),
(2892, 552540, '524.590', '2012-08-10'),
(2893, 552541, '3.690', '2012-08-10'),
(2894, 552542, '18.850', '2012-08-10'),
(2895, 552, '1439.080', '2012-08-10'),
(2896, 55, '1948.430', '2012-08-10'),
(2897, 561544, '824.120', '2012-08-10'),
(2898, 561545, '69.250', '2012-08-10'),
(2899, 561546, '18.590', '2012-08-10'),
(2900, 561, '911.960', '2012-08-10'),
(2901, 562548, '459.960', '2012-08-10'),
(2902, 562549, '82.650', '2012-08-10'),
(2903, 562, '542.610', '2012-08-10'),
(2904, 565555, '59.120', '2012-08-10'),
(2905, 565, '59.120', '2012-08-10'),
(2906, 566557, '152.970', '2012-08-10'),
(2907, 566, '152.970', '2012-08-10'),
(2908, 567560, '3.870', '2012-08-10'),
(2909, 567, '3.870', '2012-08-10'),
(2910, 56, '1670.530', '2012-08-10'),
(2911, 571563, '117.530', '2012-08-10'),
(2912, 571, '117.530', '2012-08-10'),
(2913, 572566, '465.590', '2012-08-10'),
(2914, 572, '465.590', '2012-08-10'),
(2915, 573569, '2.990', '2012-08-10'),
(2916, 573, '2.990', '2012-08-10'),
(2917, 574572, '40.490', '2012-08-10'),
(2918, 574, '40.490', '2012-08-10'),
(2919, 575575, '111.490', '2012-08-10'),
(2920, 575576, '10.100', '2012-08-10'),
(2921, 575, '121.590', '2012-08-10'),
(2922, 576579, '895.180', '2012-08-10'),
(2923, 576581, '38.430', '2012-08-10'),
(2924, 576, '933.610', '2012-08-10'),
(2925, 57, '1681.800', '2012-08-10'),
(2926, 581584, '757.010', '2012-08-10'),
(2927, 581, '757.010', '2012-08-10'),
(2928, 582588, '475.470', '2012-08-10'),
(2929, 582, '475.470', '2012-08-10'),
(2930, 583591, '54.500', '2012-08-10'),
(2931, 583592, '1491.060', '2012-08-10'),
(2932, 583, '1545.560', '2012-08-10'),
(2933, 58, '2778.040', '2012-08-10'),
(2934, 5, '18486.390', '2012-08-10'),
(2935, 611600, '9.390', '2012-08-10'),
(2936, 611, '9.390', '2012-08-10'),
(2937, 612601, '12.300', '2012-08-10'),
(2938, 612, '12.300', '2012-08-10'),
(2939, 613602, '21.900', '2012-08-10'),
(2940, 613, '21.900', '2012-08-10'),
(2941, 614603, '210.540', '2012-08-10'),
(2942, 614, '210.540', '2012-08-10'),
(2943, 615604, '86.070', '2012-08-10'),
(2944, 615, '86.070', '2012-08-10'),
(2945, 616605, '266.990', '2012-08-10'),
(2946, 616, '266.990', '2012-08-10'),
(2947, 617606, '4.000', '2012-08-10'),
(2948, 617, '4.000', '2012-08-10'),
(2949, 61, '611.190', '2012-08-10'),
(2950, 621610, '9.990', '2012-08-10'),
(2951, 621611, '43.470', '2012-08-10'),
(2952, 621, '53.460', '2012-08-10'),
(2953, 622612, '37.380', '2012-08-10'),
(2954, 622613, '110.290', '2012-08-10'),
(2955, 622, '147.670', '2012-08-10'),
(2956, 623614, '43.790', '2012-08-10'),
(2957, 623615, '7.490', '2012-08-10'),
(2958, 623, '51.280', '2012-08-10'),
(2959, 624616, '101.560', '2012-08-10'),
(2960, 624, '101.560', '2012-08-10'),
(2961, 625617, '125.760', '2012-08-10'),
(2962, 625, '125.760', '2012-08-10'),
(2963, 626618, '69.500', '2012-08-10'),
(2964, 626, '69.500', '2012-08-10'),
(2965, 62, '549.230', '2012-08-10'),
(2966, 631620, '725.500', '2012-08-10'),
(2967, 631, '725.500', '2012-08-10'),
(2968, 63, '725.500', '2012-08-10'),
(2969, 641630, '352.360', '2012-08-10'),
(2970, 641, '352.360', '2012-08-10'),
(2971, 64, '352.360', '2012-08-10'),
(2972, 6, '2238.280', '2012-08-10'),
(2974, 111100, '544.410', '2012-08-11'),
(2975, 111102, '67.390', '2012-08-11'),
(2976, 111104, '397.180', '2012-08-11'),
(2977, 111106, '431.440', '2012-08-11'),
(2978, 111108, '57.460', '2012-08-11'),
(2979, 111110, '305.280', '2012-08-11'),
(2980, 111112, '62.110', '2012-08-11'),
(2981, 111114, '446.920', '2012-08-11'),
(2982, 111116, '35.570', '2012-08-11'),
(2983, 111118, '99.990', '2012-08-11'),
(2984, 111120, '291.310', '2012-08-11'),
(2985, 111122, '139.710', '2012-08-11'),
(2986, 111124, '62.010', '2012-08-11'),
(2987, 111126, '40.330', '2012-08-11'),
(2988, 111128, '544.600', '2012-08-11'),
(2989, 111130, '151.530', '2012-08-11'),
(2990, 111132, '97.020', '2012-08-11'),
(2991, 111, '3774.260', '2012-08-11'),
(2992, 112140, '695.850', '2012-08-11'),
(2993, 112142, '1332.340', '2012-08-11'),
(2994, 112144, '102.870', '2012-08-11'),
(2995, 112146, '758.510', '2012-08-11'),
(2996, 112148, '25.980', '2012-08-11'),
(2997, 112150, '73.840', '2012-08-11'),
(2998, 112152, '448.490', '2012-08-11'),
(2999, 112154, '18.460', '2012-08-11'),
(3000, 112156, '82.470', '2012-08-11'),
(3001, 112158, '313.570', '2012-08-11'),
(3002, 112160, '833.410', '2012-08-11'),
(3003, 112162, '894.710', '2012-08-11'),
(3004, 112164, '226.790', '2012-08-11'),
(3005, 112166, '447.400', '2012-08-11'),
(3006, 112170, '414.550', '2012-08-11'),
(3007, 112172, '362.760', '2012-08-11'),
(3008, 112174, '61.600', '2012-08-11'),
(3009, 112176, '6.160', '2012-08-11'),
(3010, 112178, '683.940', '2012-08-11'),
(3011, 112, '7783.700', '2012-08-11'),
(3012, 11, '11557.960', '2012-08-11'),
(3013, 121200, '1418.900', '2012-08-11'),
(3014, 121205, '618.790', '2012-08-11'),
(3015, 121210, '438.520', '2012-08-11'),
(3016, 121220, '804.310', '2012-08-11'),
(3017, 121, '3280.520', '2012-08-11'),
(3018, 122230, '2692.330', '2012-08-11'),
(3019, 122235, '6248.440', '2012-08-11'),
(3020, 122240, '555.170', '2012-08-11'),
(3021, 122245, '2893.880', '2012-08-11'),
(3022, 122250, '1649.220', '2012-08-11'),
(3023, 122, '14039.040', '2012-08-11'),
(3024, 12, '17319.560', '2012-08-11'),
(3025, 131300, '2370.750', '2012-08-11'),
(3026, 131, '2370.750', '2012-08-11'),
(3027, 132310, '3489.850', '2012-08-11'),
(3028, 132, '3489.850', '2012-08-11'),
(3029, 133320, '1697.500', '2012-08-11'),
(3030, 133, '1697.500', '2012-08-11'),
(3031, 134330, '130.070', '2012-08-11'),
(3032, 134, '130.070', '2012-08-11'),
(3033, 13, '7688.170', '2012-08-11'),
(3034, 1, '36565.690', '2012-08-11'),
(3035, 411400, '145.160', '2012-08-11'),
(3036, 411401, '244.130', '2012-08-11'),
(3037, 411402, '2.500', '2012-08-11'),
(3038, 411403, '801.710', '2012-08-11'),
(3039, 411405, '2.390', '2012-08-11'),
(3040, 411406, '180.520', '2012-08-11'),
(3041, 411, '1376.410', '2012-08-11'),
(3042, 412410, '15.960', '2012-08-11'),
(3043, 412411, '680.930', '2012-08-11'),
(3044, 412, '696.890', '2012-08-11'),
(3045, 413414, '175.930', '2012-08-11'),
(3046, 413415, '58.060', '2012-08-11'),
(3047, 413416, '53.890', '2012-08-11'),
(3048, 413417, '46.190', '2012-08-11'),
(3049, 413418, '1.000', '2012-08-11'),
(3050, 413419, '101.050', '2012-08-11'),
(3051, 413420, '94.300', '2012-08-11'),
(3052, 413421, '32.990', '2012-08-11'),
(3053, 413422, '122.370', '2012-08-11'),
(3054, 413423, '148.700', '2012-08-11'),
(3055, 413424, '206.670', '2012-08-11'),
(3056, 413425, '23.860', '2012-08-11'),
(3057, 413426, '219.420', '2012-08-11'),
(3058, 413427, '147.140', '2012-08-11'),
(3059, 413428, '69.530', '2012-08-11'),
(3060, 413429, '141.590', '2012-08-11'),
(3061, 413430, '6.950', '2012-08-11'),
(3062, 413, '1649.640', '2012-08-11'),
(3063, 414433, '666.230', '2012-08-11'),
(3064, 414434, '198.920', '2012-08-11'),
(3065, 414, '865.150', '2012-08-11'),
(3066, 41, '4588.090', '2012-08-11'),
(3067, 421440, '4.990', '2012-08-11'),
(3068, 421441, '193.000', '2012-08-11'),
(3069, 421, '197.990', '2012-08-11'),
(3070, 422444, '993.490', '2012-08-11'),
(3071, 422446, '233.450', '2012-08-11'),
(3072, 422447, '193.680', '2012-08-11'),
(3073, 422, '1420.620', '2012-08-11'),
(3074, 423451, '89.000', '2012-08-11'),
(3075, 423452, '198.220', '2012-08-11'),
(3076, 423, '287.220', '2012-08-11'),
(3077, 424455, '46.280', '2012-08-11'),
(3078, 424456, '287.450', '2012-08-11'),
(3079, 424457, '385.420', '2012-08-11'),
(3080, 424, '719.150', '2012-08-11'),
(3081, 425460, '15.800', '2012-08-11'),
(3082, 425461, '16.360', '2012-08-11'),
(3083, 425462, '15.070', '2012-08-11'),
(3084, 425463, '4.460', '2012-08-11'),
(3085, 425464, '8.550', '2012-08-11'),
(3086, 425465, '15.840', '2012-08-11'),
(3087, 425466, '6.030', '2012-08-11'),
(3088, 425467, '19.200', '2012-08-11'),
(3089, 425468, '5.000', '2012-08-11'),
(3090, 425469, '8.470', '2012-08-11'),
(3091, 425, '114.780', '2012-08-11'),
(3092, 426472, '7.930', '2012-08-11'),
(3093, 426473, '87.750', '2012-08-11'),
(3094, 426476, '5.990', '2012-08-11'),
(3095, 426477, '52.090', '2012-08-11'),
(3096, 426478, '22.330', '2012-08-11'),
(3097, 426479, '175.860', '2012-08-11'),
(3098, 426, '351.950', '2012-08-11'),
(3099, 42, '3091.710', '2012-08-11'),
(3100, 431700, '279.000', '2012-08-11'),
(3101, 431703, '279.000', '2012-08-11'),
(3102, 431704, '209.000', '2012-08-11'),
(3103, 431706, '119.700', '2012-08-11'),
(3104, 431, '886.700', '2012-08-11'),
(3105, 432720, '650.880', '2012-08-11'),
(3106, 432721, '140.500', '2012-08-11'),
(3107, 432722, '294.660', '2012-08-11'),
(3108, 432723, '5.000', '2012-08-11'),
(3109, 432724, '4.990', '2012-08-11'),
(3110, 432, '1096.030', '2012-08-11'),
(3111, 434740, '167.930', '2012-08-11'),
(3112, 434741, '2511.900', '2012-08-11'),
(3113, 434743, '1.040', '2012-08-11'),
(3114, 434745, '640.370', '2012-08-11'),
(3115, 434, '3321.240', '2012-08-11'),
(3116, 43, '5303.970', '2012-08-11'),
(3117, 441750, '29.600', '2012-08-11'),
(3118, 441752, '18.900', '2012-08-11'),
(3119, 441753, '11.990', '2012-08-11'),
(3120, 441756, '5.600', '2012-08-11'),
(3121, 441757, '25.290', '2012-08-11'),
(3122, 441758, '6.990', '2012-08-11'),
(3123, 441, '98.370', '2012-08-11'),
(3124, 442762, '131.650', '2012-08-11'),
(3125, 442, '131.650', '2012-08-11'),
(3126, 443767, '14.990', '2012-08-11'),
(3127, 443, '14.990', '2012-08-11'),
(3128, 444770, '57.890', '2012-08-11'),
(3129, 444773, '91.100', '2012-08-11'),
(3130, 444775, '207.890', '2012-08-11'),
(3131, 444, '356.880', '2012-08-11'),
(3132, 44, '601.890', '2012-08-11'),
(3133, 4, '13585.660', '2012-08-11'),
(3134, 511500, '1470.880', '2012-08-11'),
(3135, 511, '1470.880', '2012-08-11'),
(3136, 512503, '1841.970', '2012-08-11'),
(3137, 512, '1841.970', '2012-08-11'),
(3138, 51, '3312.850', '2012-08-11'),
(3139, 521506, '736.480', '2012-08-11'),
(3140, 521, '736.480', '2012-08-11'),
(3141, 522509, '271.190', '2012-08-11'),
(3142, 522, '271.190', '2012-08-11'),
(3143, 52, '1007.670', '2012-08-11'),
(3144, 531512, '1359.230', '2012-08-11'),
(3145, 531, '1359.230', '2012-08-11'),
(3146, 532515, '1582.540', '2012-08-11'),
(3147, 532517, '161.470', '2012-08-11'),
(3148, 532, '1744.010', '2012-08-11'),
(3149, 53, '3103.240', '2012-08-11'),
(3150, 541520, '756.150', '2012-08-11'),
(3151, 541, '756.150', '2012-08-11'),
(3152, 542523, '1632.820', '2012-08-11'),
(3153, 542524, '1895.020', '2012-08-11'),
(3154, 542525, '384.230', '2012-08-11'),
(3155, 542526, '142.570', '2012-08-11'),
(3156, 542527, '220.050', '2012-08-11'),
(3157, 542528, '67.120', '2012-08-11'),
(3158, 542529, '64.980', '2012-08-11'),
(3159, 542530, '1084.030', '2012-08-11'),
(3160, 542531, '281.120', '2012-08-11'),
(3161, 542, '5771.940', '2012-08-11'),
(3162, 54, '6528.090', '2012-08-11'),
(3163, 551533, '642.800', '2012-08-11'),
(3164, 551534, '12.260', '2012-08-11'),
(3165, 551, '655.060', '2012-08-11'),
(3166, 552537, '487.180', '2012-08-11'),
(3167, 552538, '107.310', '2012-08-11'),
(3168, 552539, '370.610', '2012-08-11'),
(3169, 552540, '709.280', '2012-08-11'),
(3170, 552542, '28.230', '2012-08-11'),
(3171, 552, '1702.610', '2012-08-11'),
(3172, 55, '2357.670', '2012-08-11'),
(3173, 561544, '1199.730', '2012-08-11'),
(3174, 561545, '119.620', '2012-08-11'),
(3175, 561546, '51.740', '2012-08-11'),
(3176, 561, '1371.090', '2012-08-11'),
(3177, 562548, '689.890', '2012-08-11'),
(3178, 562549, '154.180', '2012-08-11'),
(3179, 562, '844.070', '2012-08-11'),
(3180, 565555, '82.640', '2012-08-11'),
(3181, 565, '82.640', '2012-08-11'),
(3182, 566557, '140.170', '2012-08-11'),
(3183, 566, '140.170', '2012-08-11'),
(3184, 567560, '2.580', '2012-08-11'),
(3185, 567, '2.580', '2012-08-11'),
(3186, 56, '2440.550', '2012-08-11'),
(3187, 571563, '159.090', '2012-08-11'),
(3188, 571, '159.090', '2012-08-11'),
(3189, 572566, '592.110', '2012-08-11'),
(3190, 572, '592.110', '2012-08-11'),
(3191, 574572, '31.980', '2012-08-11'),
(3192, 574, '31.980', '2012-08-11'),
(3193, 575575, '164.580', '2012-08-11'),
(3194, 575576, '8.400', '2012-08-11'),
(3195, 575, '172.980', '2012-08-11'),
(3196, 576579, '1412.560', '2012-08-11'),
(3197, 576581, '30.340', '2012-08-11'),
(3198, 576, '1442.900', '2012-08-11'),
(3199, 57, '2399.060', '2012-08-11'),
(3200, 581584, '769.440', '2012-08-11'),
(3201, 581, '769.440', '2012-08-11'),
(3202, 582588, '818.960', '2012-08-11'),
(3203, 582, '818.960', '2012-08-11'),
(3204, 583591, '79.050', '2012-08-11'),
(3205, 583592, '1685.410', '2012-08-11'),
(3206, 583, '1764.460', '2012-08-11'),
(3207, 58, '3352.860', '2012-08-11'),
(3208, 5, '24501.990', '2012-08-11'),
(3209, 611600, '18.600', '2012-08-11'),
(3210, 611, '18.600', '2012-08-11'),
(3211, 612601, '3.000', '2012-08-11'),
(3212, 612, '3.000', '2012-08-11'),
(3213, 613602, '27.480', '2012-08-11'),
(3214, 613, '27.480', '2012-08-11'),
(3215, 614603, '158.400', '2012-08-11'),
(3216, 614, '158.400', '2012-08-11'),
(3217, 615604, '86.370', '2012-08-11'),
(3218, 615, '86.370', '2012-08-11'),
(3219, 616605, '497.270', '2012-08-11'),
(3220, 616, '497.270', '2012-08-11'),
(3221, 617606, '4.490', '2012-08-11'),
(3222, 617, '4.490', '2012-08-11'),
(3223, 61, '795.610', '2012-08-11'),
(3224, 621610, '19.790', '2012-08-11'),
(3225, 621611, '80.700', '2012-08-11'),
(3226, 621, '100.490', '2012-08-11'),
(3227, 622612, '39.260', '2012-08-11'),
(3228, 622613, '229.550', '2012-08-11'),
(3229, 622, '268.810', '2012-08-11'),
(3230, 623614, '43.870', '2012-08-11'),
(3231, 623615, '61.440', '2012-08-11'),
(3232, 623, '105.310', '2012-08-11'),
(3233, 624616, '52.100', '2012-08-11'),
(3234, 624, '52.100', '2012-08-11'),
(3235, 625617, '139.720', '2012-08-11'),
(3236, 625, '139.720', '2012-08-11'),
(3237, 626618, '53.400', '2012-08-11'),
(3238, 626, '53.400', '2012-08-11'),
(3239, 62, '719.830', '2012-08-11'),
(3240, 631620, '493.340', '2012-08-11'),
(3241, 631, '493.340', '2012-08-11'),
(3242, 63, '493.340', '2012-08-11'),
(3243, 641630, '400.610', '2012-08-11'),
(3244, 641, '400.610', '2012-08-11'),
(3245, 64, '400.610', '2012-08-11'),
(3246, 6, '2409.390', '2012-08-11'),
(3248, 111100, '390.490', '2012-08-12'),
(3249, 111102, '46.020', '2012-08-12'),
(3250, 111104, '179.860', '2012-08-12'),
(3251, 111106, '242.590', '2012-08-12'),
(3252, 111108, '27.820', '2012-08-12'),
(3253, 111110, '198.330', '2012-08-12'),
(3254, 111112, '36.370', '2012-08-12'),
(3255, 111114, '279.440', '2012-08-12'),
(3256, 111116, '21.550', '2012-08-12'),
(3257, 111118, '57.350', '2012-08-12'),
(3258, 111120, '198.450', '2012-08-12'),
(3259, 111122, '84.200', '2012-08-12'),
(3260, 111124, '25.500', '2012-08-12'),
(3261, 111126, '26.380', '2012-08-12'),
(3262, 111128, '353.090', '2012-08-12'),
(3263, 111130, '85.840', '2012-08-12'),
(3264, 111132, '71.950', '2012-08-12'),
(3265, 111, '2325.230', '2012-08-12'),
(3266, 112140, '162.380', '2012-08-12'),
(3267, 112142, '1058.680', '2012-08-12'),
(3268, 112144, '84.090', '2012-08-12'),
(3269, 112146, '510.410', '2012-08-12'),
(3270, 112148, '15.550', '2012-08-12'),
(3271, 112150, '50.840', '2012-08-12'),
(3272, 112152, '280.230', '2012-08-12'),
(3273, 112154, '50.920', '2012-08-12'),
(3274, 112156, '50.710', '2012-08-12'),
(3275, 112158, '212.080', '2012-08-12'),
(3276, 112160, '619.350', '2012-08-12'),
(3277, 112162, '790.470', '2012-08-12'),
(3278, 112164, '122.540', '2012-08-12'),
(3279, 112166, '319.360', '2012-08-12'),
(3280, 112168, '5.940', '2012-08-12'),
(3281, 112170, '279.480', '2012-08-12'),
(3282, 112172, '204.690', '2012-08-12'),
(3283, 112174, '50.550', '2012-08-12'),
(3284, 112176, '0.970', '2012-08-12'),
(3285, 112178, '412.610', '2012-08-12'),
(3286, 112, '5281.850', '2012-08-12'),
(3287, 11, '7607.080', '2012-08-12'),
(3288, 121200, '945.620', '2012-08-12'),
(3289, 121205, '295.040', '2012-08-12'),
(3290, 121210, '256.310', '2012-08-12'),
(3291, 121220, '452.620', '2012-08-12'),
(3292, 121, '1949.590', '2012-08-12'),
(3293, 122230, '1259.140', '2012-08-12'),
(3294, 122235, '3870.710', '2012-08-12'),
(3295, 122240, '457.750', '2012-08-12'),
(3296, 122245, '1569.560', '2012-08-12'),
(3297, 122250, '1282.200', '2012-08-12'),
(3298, 122, '8439.360', '2012-08-12'),
(3299, 12, '10388.950', '2012-08-12'),
(3300, 131300, '1619.070', '2012-08-12'),
(3301, 131, '1619.070', '2012-08-12'),
(3302, 132310, '2361.030', '2012-08-12'),
(3303, 132, '2361.030', '2012-08-12'),
(3304, 133320, '1146.120', '2012-08-12'),
(3305, 133, '1146.120', '2012-08-12'),
(3306, 134330, '125.840', '2012-08-12'),
(3307, 134, '125.840', '2012-08-12'),
(3308, 13, '5252.060', '2012-08-12'),
(3309, 1, '23248.090', '2012-08-12'),
(3310, 411400, '88.950', '2012-08-12'),
(3311, 411401, '42.420', '2012-08-12'),
(3312, 411403, '150.920', '2012-08-12'),
(3313, 411405, '5.890', '2012-08-12'),
(3314, 411406, '93.390', '2012-08-12'),
(3315, 411, '381.570', '2012-08-12'),
(3316, 412410, '15.960', '2012-08-12'),
(3317, 412411, '512.730', '2012-08-12'),
(3318, 412, '528.690', '2012-08-12'),
(3319, 413414, '100.550', '2012-08-12'),
(3320, 413415, '94.020', '2012-08-12'),
(3321, 413416, '35.420', '2012-08-12'),
(3322, 413417, '64.940', '2012-08-12'),
(3323, 413419, '33.180', '2012-08-12'),
(3324, 413420, '57.100', '2012-08-12'),
(3325, 413421, '32.790', '2012-08-12'),
(3326, 413422, '87.680', '2012-08-12'),
(3327, 413423, '178.310', '2012-08-12'),
(3328, 413424, '116.050', '2012-08-12'),
(3329, 413425, '7.300', '2012-08-12'),
(3330, 413426, '89.600', '2012-08-12'),
(3331, 413427, '124.090', '2012-08-12'),
(3332, 413428, '31.820', '2012-08-12'),
(3333, 413429, '69.560', '2012-08-12'),
(3334, 413430, '11.950', '2012-08-12'),
(3335, 413, '1134.360', '2012-08-12'),
(3336, 414433, '676.400', '2012-08-12'),
(3337, 414434, '105.230', '2012-08-12'),
(3338, 414, '781.630', '2012-08-12'),
(3339, 41, '2826.250', '2012-08-12'),
(3340, 421440, '2.490', '2012-08-12'),
(3341, 421441, '12.900', '2012-08-12'),
(3342, 421, '15.390', '2012-08-12'),
(3343, 422444, '237.450', '2012-08-12'),
(3344, 422446, '139.400', '2012-08-12'),
(3345, 422447, '126.120', '2012-08-12'),
(3346, 422, '502.970', '2012-08-12'),
(3347, 423452, '15.090', '2012-08-12'),
(3348, 423, '15.090', '2012-08-12'),
(3349, 424455, '3.650', '2012-08-12'),
(3350, 424456, '205.560', '2012-08-12'),
(3351, 424457, '196.450', '2012-08-12'),
(3352, 424, '405.660', '2012-08-12'),
(3353, 425460, '10.400', '2012-08-12'),
(3354, 425461, '22.590', '2012-08-12'),
(3355, 425462, '6.110', '2012-08-12'),
(3356, 425464, '7.460', '2012-08-12'),
(3357, 425465, '15.220', '2012-08-12'),
(3358, 425466, '5.570', '2012-08-12'),
(3359, 425467, '10.530', '2012-08-12'),
(3360, 425469, '5.800', '2012-08-12'),
(3361, 425, '83.680', '2012-08-12'),
(3362, 426472, '1.900', '2012-08-12'),
(3363, 426473, '69.680', '2012-08-12'),
(3364, 426477, '6.900', '2012-08-12'),
(3365, 426478, '13.230', '2012-08-12'),
(3366, 426479, '311.950', '2012-08-12'),
(3367, 426, '403.660', '2012-08-12'),
(3368, 42, '1426.450', '2012-08-12'),
(3369, 431706, '79.800', '2012-08-12'),
(3370, 431, '79.800', '2012-08-12'),
(3371, 432720, '428.300', '2012-08-12'),
(3372, 432721, '143.780', '2012-08-12'),
(3373, 432722, '159.770', '2012-08-12'),
(3374, 432724, '16.400', '2012-08-12'),
(3375, 432, '748.250', '2012-08-12'),
(3376, 434740, '114.640', '2012-08-12'),
(3377, 434741, '866.990', '2012-08-12'),
(3378, 434742, '55.800', '2012-08-12'),
(3379, 434743, '15.490', '2012-08-12'),
(3380, 434744, '24.990', '2012-08-12'),
(3381, 434745, '477.030', '2012-08-12'),
(3382, 434, '1554.940', '2012-08-12'),
(3383, 43, '2382.990', '2012-08-12'),
(3384, 441750, '9.990', '2012-08-12'),
(3385, 441751, '5.900', '2012-08-12'),
(3386, 441752, '37.480', '2012-08-12'),
(3387, 441753, '9.990', '2012-08-12'),
(3388, 441754, '1.000', '2012-08-12'),
(3389, 441756, '18.320', '2012-08-12'),
(3390, 441757, '9.200', '2012-08-12'),
(3391, 441, '91.880', '2012-08-12'),
(3392, 442762, '118.090', '2012-08-12'),
(3393, 442, '118.090', '2012-08-12'),
(3394, 443767, '21.970', '2012-08-12'),
(3395, 443, '21.970', '2012-08-12'),
(3396, 444770, '230.580', '2012-08-12'),
(3397, 444773, '63.320', '2012-08-12'),
(3398, 444775, '189.900', '2012-08-12'),
(3399, 444, '483.800', '2012-08-12'),
(3400, 44, '715.740', '2012-08-12'),
(3401, 4, '7351.430', '2012-08-12'),
(3402, 511500, '867.210', '2012-08-12'),
(3403, 511, '867.210', '2012-08-12'),
(3404, 512503, '720.890', '2012-08-12'),
(3405, 512, '720.890', '2012-08-12'),
(3406, 51, '1588.100', '2012-08-12'),
(3407, 521506, '421.840', '2012-08-12'),
(3408, 521, '421.840', '2012-08-12'),
(3409, 522509, '299.110', '2012-08-12'),
(3410, 522, '299.110', '2012-08-12'),
(3411, 52, '720.950', '2012-08-12'),
(3412, 531512, '851.920', '2012-08-12'),
(3413, 531, '851.920', '2012-08-12'),
(3414, 532515, '1311.630', '2012-08-12'),
(3415, 532516, '19.510', '2012-08-12'),
(3416, 532517, '205.100', '2012-08-12'),
(3417, 532, '1536.240', '2012-08-12'),
(3418, 53, '2388.160', '2012-08-12'),
(3419, 541520, '558.890', '2012-08-12'),
(3420, 541, '558.890', '2012-08-12'),
(3421, 542523, '1148.210', '2012-08-12'),
(3422, 542524, '1289.390', '2012-08-12'),
(3423, 542525, '289.230', '2012-08-12'),
(3424, 542526, '101.680', '2012-08-12'),
(3425, 542527, '118.930', '2012-08-12'),
(3426, 542528, '40.750', '2012-08-12'),
(3427, 542529, '32.780', '2012-08-12'),
(3428, 542530, '633.340', '2012-08-12'),
(3429, 542531, '143.570', '2012-08-12'),
(3430, 542, '3797.880', '2012-08-12'),
(3431, 54, '4356.770', '2012-08-12'),
(3432, 551533, '509.500', '2012-08-12'),
(3433, 551534, '18.740', '2012-08-12'),
(3434, 551535, '2.590', '2012-08-12'),
(3435, 551, '530.830', '2012-08-12'),
(3436, 552537, '112.670', '2012-08-12'),
(3437, 552538, '103.200', '2012-08-12'),
(3438, 552539, '155.460', '2012-08-12'),
(3439, 552540, '441.440', '2012-08-12'),
(3440, 552541, '3.690', '2012-08-12'),
(3441, 552542, '19.330', '2012-08-12'),
(3442, 552, '835.790', '2012-08-12'),
(3443, 55, '1366.620', '2012-08-12'),
(3444, 561544, '803.590', '2012-08-12'),
(3445, 561545, '130.910', '2012-08-12'),
(3446, 561546, '6.270', '2012-08-12'),
(3447, 561, '940.770', '2012-08-12'),
(3448, 562548, '509.750', '2012-08-12'),
(3449, 562549, '65.600', '2012-08-12'),
(3450, 562, '575.350', '2012-08-12'),
(3451, 565555, '88.150', '2012-08-12'),
(3452, 565, '88.150', '2012-08-12'),
(3453, 566557, '68.640', '2012-08-12'),
(3454, 566, '68.640', '2012-08-12'),
(3455, 56, '1672.910', '2012-08-12'),
(3456, 571563, '84.970', '2012-08-12'),
(3457, 571, '84.970', '2012-08-12'),
(3458, 572566, '665.190', '2012-08-12'),
(3459, 572, '665.190', '2012-08-12'),
(3460, 573569, '5.980', '2012-08-12'),
(3461, 573, '5.980', '2012-08-12'),
(3462, 574572, '17.950', '2012-08-12'),
(3463, 574, '17.950', '2012-08-12'),
(3464, 575575, '158.920', '2012-08-12'),
(3465, 575576, '5.050', '2012-08-12'),
(3466, 575, '163.970', '2012-08-12'),
(3467, 576579, '1137.910', '2012-08-12'),
(3468, 576581, '20.230', '2012-08-12'),
(3469, 576, '1158.140', '2012-08-12'),
(3470, 57, '2096.200', '2012-08-12'),
(3471, 581584, '424.680', '2012-08-12'),
(3472, 581, '424.680', '2012-08-12'),
(3473, 582588, '561.680', '2012-08-12'),
(3474, 582, '561.680', '2012-08-12'),
(3475, 583591, '18.770', '2012-08-12'),
(3476, 583592, '1213.300', '2012-08-12'),
(3477, 583, '1232.070', '2012-08-12'),
(3478, 58, '2218.430', '2012-08-12'),
(3479, 5, '16408.140', '2012-08-12'),
(3480, 611600, '15.700', '2012-08-12'),
(3481, 611, '15.700', '2012-08-12'),
(3482, 612601, '7.800', '2012-08-12'),
(3483, 612, '7.800', '2012-08-12'),
(3484, 614603, '49.070', '2012-08-12'),
(3485, 614, '49.070', '2012-08-12'),
(3486, 615604, '120.820', '2012-08-12'),
(3487, 615, '120.820', '2012-08-12'),
(3488, 616605, '223.110', '2012-08-12'),
(3489, 616, '223.110', '2012-08-12'),
(3490, 617606, '10.280', '2012-08-12'),
(3491, 617, '10.280', '2012-08-12'),
(3492, 61, '426.780', '2012-08-12'),
(3493, 621610, '21.890', '2012-08-12'),
(3494, 621611, '39.230', '2012-08-12'),
(3495, 621, '61.120', '2012-08-12'),
(3496, 622612, '35.380', '2012-08-12'),
(3497, 622613, '31.430', '2012-08-12'),
(3498, 622, '66.810', '2012-08-12'),
(3499, 623615, '11.990', '2012-08-12'),
(3500, 623, '11.990', '2012-08-12'),
(3501, 624616, '72.850', '2012-08-12'),
(3502, 624, '72.850', '2012-08-12'),
(3503, 625617, '43.710', '2012-08-12'),
(3504, 625, '43.710', '2012-08-12'),
(3505, 626618, '60.800', '2012-08-12'),
(3506, 626, '60.800', '2012-08-12'),
(3507, 62, '317.280', '2012-08-12'),
(3508, 631620, '388.540', '2012-08-12'),
(3509, 631, '388.540', '2012-08-12'),
(3510, 63, '388.540', '2012-08-12'),
(3511, 641630, '482.040', '2012-08-12'),
(3512, 641, '482.040', '2012-08-12'),
(3513, 64, '482.040', '2012-08-12'),
(3514, 6, '1614.640', '2012-08-12'),
(3516, 111100, '375.100', '2012-08-13'),
(3517, 111102, '40.790', '2012-08-13'),
(3518, 111104, '245.270', '2012-08-13'),
(3519, 111106, '361.660', '2012-08-13'),
(3520, 111108, '32.930', '2012-08-13'),
(3521, 111110, '166.050', '2012-08-13'),
(3522, 111112, '33.990', '2012-08-13'),
(3523, 111114, '301.080', '2012-08-13'),
(3524, 111116, '19.350', '2012-08-13'),
(3525, 111118, '92.980', '2012-08-13'),
(3526, 111120, '252.280', '2012-08-13'),
(3527, 111122, '110.650', '2012-08-13'),
(3528, 111124, '64.660', '2012-08-13'),
(3529, 111126, '26.130', '2012-08-13'),
(3530, 111128, '238.420', '2012-08-13'),
(3531, 111130, '99.750', '2012-08-13'),
(3532, 111132, '117.140', '2012-08-13'),
(3533, 111, '2578.230', '2012-08-13'),
(3534, 112140, '199.360', '2012-08-13'),
(3535, 112142, '930.100', '2012-08-13'),
(3536, 112144, '85.190', '2012-08-13'),
(3537, 112146, '547.720', '2012-08-13'),
(3538, 112148, '14.380', '2012-08-13'),
(3539, 112150, '62.540', '2012-08-13'),
(3540, 112152, '325.480', '2012-08-13'),
(3541, 112154, '18.180', '2012-08-13'),
(3542, 112156, '74.940', '2012-08-13'),
(3543, 112158, '235.820', '2012-08-13'),
(3544, 112160, '708.070', '2012-08-13'),
(3545, 112162, '753.480', '2012-08-13'),
(3546, 112164, '112.340', '2012-08-13'),
(3547, 112166, '274.160', '2012-08-13'),
(3548, 112170, '310.320', '2012-08-13'),
(3549, 112172, '287.430', '2012-08-13'),
(3550, 112174, '24.220', '2012-08-13'),
(3551, 112178, '430.010', '2012-08-13'),
(3552, 112, '5393.740', '2012-08-13'),
(3553, 11, '7971.970', '2012-08-13'),
(3554, 121200, '596.280', '2012-08-13'),
(3555, 121205, '458.560', '2012-08-13'),
(3556, 121210, '327.390', '2012-08-13'),
(3557, 121220, '595.770', '2012-08-13'),
(3558, 121, '1978.000', '2012-08-13'),
(3559, 122230, '1049.320', '2012-08-13'),
(3560, 122235, '3237.370', '2012-08-13'),
(3561, 122240, '579.080', '2012-08-13'),
(3562, 122245, '2390.880', '2012-08-13'),
(3563, 122250, '1878.820', '2012-08-13'),
(3564, 122, '9135.470', '2012-08-13'),
(3565, 124201, '7.990', '2012-08-13'),
(3566, 124, '7.990', '2012-08-13'),
(3567, 12, '11121.460', '2012-08-13'),
(3568, 131300, '1837.830', '2012-08-13'),
(3569, 131, '1837.830', '2012-08-13'),
(3570, 132310, '2656.990', '2012-08-13'),
(3571, 132, '2656.990', '2012-08-13'),
(3572, 133320, '1436.760', '2012-08-13'),
(3573, 133, '1436.760', '2012-08-13'),
(3574, 134330, '109.080', '2012-08-13'),
(3575, 134, '109.080', '2012-08-13'),
(3576, 13, '6040.660', '2012-08-13'),
(3577, 1, '25134.090', '2012-08-13'),
(3578, 411400, '387.990', '2012-08-13'),
(3579, 411401, '83.970', '2012-08-13'),
(3580, 411403, '339.700', '2012-08-13'),
(3581, 411405, '8.280', '2012-08-13'),
(3582, 411406, '266.880', '2012-08-13'),
(3583, 411, '1086.820', '2012-08-13'),
(3584, 412410, '15.960', '2012-08-13'),
(3585, 412411, '633.770', '2012-08-13'),
(3586, 412, '649.730', '2012-08-13'),
(3587, 413414, '111.590', '2012-08-13'),
(3588, 413415, '55.470', '2012-08-13'),
(3589, 413416, '23.440', '2012-08-13'),
(3590, 413417, '15.030', '2012-08-13'),
(3591, 413418, '9.440', '2012-08-13'),
(3592, 413419, '36.860', '2012-08-13'),
(3593, 413420, '90.390', '2012-08-13'),
(3594, 413421, '46.810', '2012-08-13'),
(3595, 413422, '120.210', '2012-08-13'),
(3596, 413423, '143.230', '2012-08-13'),
(3597, 413424, '235.110', '2012-08-13'),
(3598, 413425, '9.150', '2012-08-13'),
(3599, 413426, '180.060', '2012-08-13'),
(3600, 413427, '125.570', '2012-08-13'),
(3601, 413428, '111.310', '2012-08-13'),
(3602, 413429, '131.650', '2012-08-13'),
(3603, 413, '1445.320', '2012-08-13'),
(3604, 414433, '393.050', '2012-08-13'),
(3605, 414434, '73.160', '2012-08-13'),
(3606, 414, '466.210', '2012-08-13'),
(3607, 41, '3648.080', '2012-08-13'),
(3608, 421441, '63.800', '2012-08-13'),
(3609, 421, '63.800', '2012-08-13'),
(3610, 422444, '575.380', '2012-08-13'),
(3611, 422446, '188.130', '2012-08-13'),
(3612, 422447, '147.280', '2012-08-13'),
(3613, 422, '910.790', '2012-08-13'),
(3614, 423451, '1.000', '2012-08-13'),
(3615, 423452, '28.460', '2012-08-13'),
(3616, 423, '29.460', '2012-08-13'),
(3617, 424455, '14.530', '2012-08-13'),
(3618, 424456, '133.120', '2012-08-13'),
(3619, 424457, '183.540', '2012-08-13'),
(3620, 424, '331.190', '2012-08-13'),
(3621, 425460, '8.500', '2012-08-13'),
(3622, 425461, '27.650', '2012-08-13'),
(3623, 425462, '6.430', '2012-08-13'),
(3624, 425463, '5.890', '2012-08-13'),
(3625, 425464, '3.990', '2012-08-13'),
(3626, 425465, '44.160', '2012-08-13'),
(3627, 425466, '8.910', '2012-08-13'),
(3628, 425469, '1.350', '2012-08-13'),
(3629, 425, '106.880', '2012-08-13'),
(3630, 426472, '18.800', '2012-08-13'),
(3631, 426473, '56.040', '2012-08-13'),
(3632, 426476, '5.990', '2012-08-13'),
(3633, 426477, '32.960', '2012-08-13'),
(3634, 426478, '13.830', '2012-08-13'),
(3635, 426479, '5.310', '2012-08-13'),
(3636, 426, '132.930', '2012-08-13'),
(3637, 42, '1575.050', '2012-08-13'),
(3638, 431700, '60.000', '2012-08-13'),
(3639, 431703, '438.000', '2012-08-13'),
(3640, 431705, '189.000', '2012-08-13'),
(3641, 431708, '249.000', '2012-08-13'),
(3642, 431, '936.000', '2012-08-13'),
(3643, 432720, '566.450', '2012-08-13'),
(3644, 432721, '150.490', '2012-08-13'),
(3645, 432722, '462.840', '2012-08-13'),
(3646, 432724, '34.170', '2012-08-13'),
(3647, 432, '1213.950', '2012-08-13'),
(3648, 434740, '339.550', '2012-08-13'),
(3649, 434741, '294.900', '2012-08-13'),
(3650, 434742, '39.900', '2012-08-13'),
(3651, 434743, '9.990', '2012-08-13'),
(3652, 434744, '39.900', '2012-08-13'),
(3653, 434745, '521.410', '2012-08-13'),
(3654, 434, '1245.650', '2012-08-13'),
(3655, 43, '3395.600', '2012-08-13'),
(3656, 441750, '19.500', '2012-08-13'),
(3657, 441752, '42.850', '2012-08-13'),
(3658, 441753, '18.990', '2012-08-13'),
(3659, 441756, '14.880', '2012-08-13'),
(3660, 441757, '13.700', '2012-08-13'),
(3661, 441758, '2.000', '2012-08-13'),
(3662, 441, '111.920', '2012-08-13'),
(3663, 442762, '198.800', '2012-08-13'),
(3664, 442, '198.800', '2012-08-13'),
(3665, 443767, '34.960', '2012-08-13'),
(3666, 443768, '6.990', '2012-08-13'),
(3667, 443, '41.950', '2012-08-13'),
(3668, 444770, '47.970', '2012-08-13'),
(3669, 444773, '103.960', '2012-08-13'),
(3670, 444775, '279.780', '2012-08-13'),
(3671, 444, '431.710', '2012-08-13'),
(3672, 44, '784.380', '2012-08-13'),
(3673, 4, '9403.110', '2012-08-13'),
(3674, 511500, '1154.540', '2012-08-13'),
(3675, 511, '1154.540', '2012-08-13'),
(3676, 512503, '963.940', '2012-08-13'),
(3677, 512, '963.940', '2012-08-13'),
(3678, 51, '2118.480', '2012-08-13'),
(3679, 521506, '546.360', '2012-08-13'),
(3680, 521, '546.360', '2012-08-13'),
(3681, 522509, '171.020', '2012-08-13'),
(3682, 522, '171.020', '2012-08-13'),
(3683, 52, '717.380', '2012-08-13'),
(3684, 531512, '956.620', '2012-08-13'),
(3685, 531, '956.620', '2012-08-13'),
(3686, 532515, '1094.280', '2012-08-13'),
(3687, 532516, '2.410', '2012-08-13'),
(3688, 532517, '53.320', '2012-08-13'),
(3689, 532, '1150.010', '2012-08-13'),
(3690, 53, '2106.630', '2012-08-13'),
(3691, 541520, '503.890', '2012-08-13'),
(3692, 541, '503.890', '2012-08-13'),
(3693, 542523, '1010.100', '2012-08-13'),
(3694, 542524, '1093.290', '2012-08-13'),
(3695, 542525, '374.570', '2012-08-13'),
(3696, 542526, '108.650', '2012-08-13'),
(3697, 542527, '145.370', '2012-08-13'),
(3698, 542528, '91.600', '2012-08-13'),
(3699, 542529, '44.390', '2012-08-13'),
(3700, 542530, '806.770', '2012-08-13'),
(3701, 542531, '222.950', '2012-08-13'),
(3702, 542, '3897.690', '2012-08-13'),
(3703, 54, '4401.580', '2012-08-13'),
(3704, 551533, '364.300', '2012-08-13'),
(3705, 551534, '5.280', '2012-08-13'),
(3706, 551, '369.580', '2012-08-13'),
(3707, 552537, '288.720', '2012-08-13'),
(3708, 552538, '71.020', '2012-08-13'),
(3709, 552539, '165.630', '2012-08-13'),
(3710, 552540, '391.200', '2012-08-13'),
(3711, 552542, '18.340', '2012-08-13'),
(3712, 552, '934.910', '2012-08-13'),
(3713, 55, '1304.490', '2012-08-13'),
(3714, 561544, '567.240', '2012-08-13'),
(3715, 561545, '93.510', '2012-08-13'),
(3716, 561546, '32.060', '2012-08-13'),
(3717, 561, '692.810', '2012-08-13'),
(3718, 562548, '493.680', '2012-08-13'),
(3719, 562549, '96.560', '2012-08-13'),
(3720, 562, '590.240', '2012-08-13'),
(3721, 565555, '63.070', '2012-08-13'),
(3722, 565, '63.070', '2012-08-13'),
(3723, 566557, '89.050', '2012-08-13'),
(3724, 566, '89.050', '2012-08-13'),
(3725, 567560, '1.290', '2012-08-13'),
(3726, 567, '1.290', '2012-08-13'),
(3727, 56, '1436.460', '2012-08-13'),
(3728, 571563, '69.670', '2012-08-13'),
(3729, 571, '69.670', '2012-08-13'),
(3730, 572566, '538.910', '2012-08-13'),
(3731, 572, '538.910', '2012-08-13'),
(3732, 573569, '5.980', '2012-08-13'),
(3733, 573, '5.980', '2012-08-13'),
(3734, 574572, '50.720', '2012-08-13'),
(3735, 574, '50.720', '2012-08-13'),
(3736, 575575, '102.140', '2012-08-13'),
(3737, 575576, '1.700', '2012-08-13'),
(3738, 575, '103.840', '2012-08-13'),
(3739, 576579, '763.720', '2012-08-13'),
(3740, 576581, '18.430', '2012-08-13'),
(3741, 576, '782.150', '2012-08-13'),
(3742, 57, '1551.270', '2012-08-13'),
(3743, 581584, '717.570', '2012-08-13'),
(3744, 581, '717.570', '2012-08-13'),
(3745, 582588, '509.990', '2012-08-13'),
(3746, 582, '509.990', '2012-08-13'),
(3747, 583591, '29.850', '2012-08-13'),
(3748, 583592, '783.920', '2012-08-13'),
(3749, 583, '813.770', '2012-08-13'),
(3750, 58, '2041.330', '2012-08-13'),
(3751, 5, '15677.620', '2012-08-13'),
(3752, 611600, '23.400', '2012-08-13'),
(3753, 611, '23.400', '2012-08-13'),
(3754, 612601, '15.650', '2012-08-13'),
(3755, 612, '15.650', '2012-08-13'),
(3756, 613602, '20.790', '2012-08-13'),
(3757, 613, '20.790', '2012-08-13'),
(3758, 614603, '79.310', '2012-08-13'),
(3759, 614, '79.310', '2012-08-13'),
(3760, 615604, '95.550', '2012-08-13'),
(3761, 615, '95.550', '2012-08-13'),
(3762, 616605, '241.230', '2012-08-13'),
(3763, 616, '241.230', '2012-08-13'),
(3764, 617606, '4.000', '2012-08-13'),
(3765, 617, '4.000', '2012-08-13'),
(3766, 61, '479.930', '2012-08-13'),
(3767, 621610, '18.790', '2012-08-13'),
(3768, 621611, '77.130', '2012-08-13'),
(3769, 621, '95.920', '2012-08-13'),
(3770, 622612, '131.620', '2012-08-13'),
(3771, 622613, '87.730', '2012-08-13'),
(3772, 622, '219.350', '2012-08-13'),
(3773, 623614, '11.010', '2012-08-13'),
(3774, 623615, '84.930', '2012-08-13'),
(3775, 623, '95.940', '2012-08-13'),
(3776, 624616, '182.830', '2012-08-13'),
(3777, 624, '182.830', '2012-08-13'),
(3778, 625617, '119.000', '2012-08-13'),
(3779, 625, '119.000', '2012-08-13'),
(3780, 626618, '57.840', '2012-08-13'),
(3781, 626, '57.840', '2012-08-13'),
(3782, 62, '770.880', '2012-08-13'),
(3783, 631620, '302.480', '2012-08-13'),
(3784, 631, '302.480', '2012-08-13'),
(3785, 63, '302.480', '2012-08-13'),
(3786, 641630, '415.470', '2012-08-13'),
(3787, 641, '415.470', '2012-08-13'),
(3788, 64, '415.470', '2012-08-13'),
(3789, 6, '1968.760', '2012-08-13'),
(3791, 111100, '688.140', '2012-08-15'),
(3792, 111102, '39.340', '2012-08-15'),
(3793, 111104, '347.040', '2012-08-15'),
(3794, 111106, '2341.150', '2012-08-15'),
(3795, 111108, '133.890', '2012-08-15'),
(3796, 111110, '132.710', '2012-08-15'),
(3797, 111112, '32.190', '2012-08-15'),
(3798, 111114, '314.210', '2012-08-15'),
(3799, 111116, '21.300', '2012-08-15'),
(3800, 111118, '70.640', '2012-08-15'),
(3801, 111120, '182.920', '2012-08-15'),
(3802, 111122, '85.040', '2012-08-15'),
(3803, 111124, '48.940', '2012-08-15'),
(3804, 111126, '26.970', '2012-08-15'),
(3805, 111128, '302.030', '2012-08-15'),
(3806, 111130, '106.700', '2012-08-15'),
(3807, 111132, '31.270', '2012-08-15'),
(3808, 111, '4904.480', '2012-08-15'),
(3809, 112140, '208.460', '2012-08-15'),
(3810, 112142, '995.170', '2012-08-15'),
(3811, 112144, '86.180', '2012-08-15'),
(3812, 112146, '426.780', '2012-08-15'),
(3813, 112148, '18.010', '2012-08-15'),
(3814, 112150, '79.590', '2012-08-15'),
(3815, 112152, '374.750', '2012-08-15'),
(3816, 112154, '6.580', '2012-08-15'),
(3817, 112156, '61.620', '2012-08-15'),
(3818, 112158, '215.860', '2012-08-15'),
(3819, 112160, '626.010', '2012-08-15'),
(3820, 112162, '690.060', '2012-08-15'),
(3821, 112164, '142.230', '2012-08-15'),
(3822, 112166, '219.990', '2012-08-15'),
(3823, 112168, '1.980', '2012-08-15'),
(3824, 112170, '365.480', '2012-08-15'),
(3825, 112172, '204.190', '2012-08-15'),
(3826, 112174, '40.600', '2012-08-15'),
(3827, 112176, '1.940', '2012-08-15'),
(3828, 112178, '424.790', '2012-08-15'),
(3829, 112, '5190.270', '2012-08-15'),
(3830, 11, '10094.750', '2012-08-15'),
(3831, 121200, '591.510', '2012-08-15'),
(3832, 121205, '527.000', '2012-08-15'),
(3833, 121210, '267.180', '2012-08-15'),
(3834, 121220, '366.320', '2012-08-15'),
(3835, 121, '1752.010', '2012-08-15'),
(3836, 122230, '1050.060', '2012-08-15'),
(3837, 122235, '3367.250', '2012-08-15'),
(3838, 122240, '282.540', '2012-08-15'),
(3839, 122245, '2287.420', '2012-08-15'),
(3840, 122250, '1887.710', '2012-08-15'),
(3841, 122, '8874.980', '2012-08-15'),
(3842, 124201, '41.480', '2012-08-15'),
(3843, 124, '41.480', '2012-08-15'),
(3844, 12, '10668.470', '2012-08-15'),
(3845, 131300, '1984.820', '2012-08-15'),
(3846, 131, '1984.820', '2012-08-15'),
(3847, 132310, '2692.050', '2012-08-15'),
(3848, 132, '2692.050', '2012-08-15'),
(3849, 133320, '1557.230', '2012-08-15'),
(3850, 133, '1557.230', '2012-08-15'),
(3851, 134330, '144.950', '2012-08-15'),
(3852, 134, '144.950', '2012-08-15'),
(3853, 13, '6379.050', '2012-08-15'),
(3854, 1, '27142.270', '2012-08-15'),
(3855, 411400, '239.450', '2012-08-15'),
(3856, 411401, '66.210', '2012-08-15'),
(3857, 411402, '2.100', '2012-08-15'),
(3858, 411403, '219.180', '2012-08-15'),
(3859, 411405, '2.390', '2012-08-15'),
(3860, 411406, '145.110', '2012-08-15'),
(3861, 411, '674.440', '2012-08-15'),
(3862, 412410, '19.690', '2012-08-15'),
(3863, 412411, '557.430', '2012-08-15'),
(3864, 412, '577.120', '2012-08-15'),
(3865, 413414, '117.950', '2012-08-15'),
(3866, 413415, '55.590', '2012-08-15'),
(3867, 413416, '52.000', '2012-08-15'),
(3868, 413417, '57.180', '2012-08-15'),
(3869, 413418, '4.490', '2012-08-15'),
(3870, 413419, '33.740', '2012-08-15'),
(3871, 413420, '43.730', '2012-08-15'),
(3872, 413421, '40.760', '2012-08-15'),
(3873, 413422, '90.910', '2012-08-15'),
(3874, 413423, '179.060', '2012-08-15'),
(3875, 413424, '90.360', '2012-08-15'),
(3876, 413426, '84.520', '2012-08-15'),
(3877, 413427, '112.180', '2012-08-15'),
(3878, 413428, '38.550', '2012-08-15'),
(3879, 413429, '18.400', '2012-08-15'),
(3880, 413430, '169.000', '2012-08-15'),
(3881, 413, '1188.420', '2012-08-15'),
(3882, 414433, '656.350', '2012-08-15'),
(3883, 414434, '138.330', '2012-08-15'),
(3884, 414, '794.680', '2012-08-15'),
(3885, 41, '3234.660', '2012-08-15'),
(3886, 421441, '58.310', '2012-08-15'),
(3887, 421, '58.310', '2012-08-15'),
(3888, 422444, '376.100', '2012-08-15'),
(3889, 422446, '84.650', '2012-08-15'),
(3890, 422447, '69.240', '2012-08-15'),
(3891, 422, '529.990', '2012-08-15'),
(3892, 423452, '31.050', '2012-08-15'),
(3893, 423, '31.050', '2012-08-15'),
(3894, 424455, '16.900', '2012-08-15'),
(3895, 424456, '107.280', '2012-08-15'),
(3896, 424457, '158.110', '2012-08-15'),
(3897, 424, '282.290', '2012-08-15'),
(3898, 425460, '4.600', '2012-08-15'),
(3899, 425461, '21.260', '2012-08-15'),
(3900, 425462, '1.970', '2012-08-15'),
(3901, 425463, '1.960', '2012-08-15'),
(3902, 425464, '4.080', '2012-08-15'),
(3903, 425465, '27.630', '2012-08-15'),
(3904, 425466, '12.420', '2012-08-15'),
(3905, 425467, '17.940', '2012-08-15'),
(3906, 425469, '9.390', '2012-08-15'),
(3907, 425, '101.250', '2012-08-15'),
(3908, 426472, '11.900', '2012-08-15'),
(3909, 426473, '9.650', '2012-08-15'),
(3910, 426477, '36.850', '2012-08-15'),
(3911, 426478, '12.850', '2012-08-15'),
(3912, 426, '71.250', '2012-08-15'),
(3913, 42, '1074.140', '2012-08-15'),
(3914, 431700, '548.000', '2012-08-15'),
(3915, 431702, '229.000', '2012-08-15'),
(3916, 431703, '398.000', '2012-08-15'),
(3917, 431704, '169.000', '2012-08-15'),
(3918, 431706, '89.800', '2012-08-15'),
(3919, 431707, '99.900', '2012-08-15'),
(3920, 431, '1533.700', '2012-08-15'),
(3921, 432720, '497.290', '2012-08-15'),
(3922, 432721, '68.800', '2012-08-15'),
(3923, 432722, '482.580', '2012-08-15'),
(3924, 432724, '81.010', '2012-08-15'),
(3925, 432, '1129.680', '2012-08-15'),
(3926, 434740, '160.040', '2012-08-15'),
(3927, 434741, '612.800', '2012-08-15'),
(3928, 434742, '59.990', '2012-08-15'),
(3929, 434743, '10.580', '2012-08-15'),
(3930, 434744, '34.900', '2012-08-15'),
(3931, 434745, '245.200', '2012-08-15'),
(3932, 434, '1123.510', '2012-08-15'),
(3933, 43, '3786.890', '2012-08-15'),
(3934, 441750, '16.900', '2012-08-15'),
(3935, 441752, '4.990', '2012-08-15'),
(3936, 441753, '4.990', '2012-08-15'),
(3937, 441756, '4.900', '2012-08-15'),
(3938, 441757, '16.790', '2012-08-15'),
(3939, 441758, '4.000', '2012-08-15'),
(3940, 441, '52.570', '2012-08-15'),
(3941, 442762, '128.490', '2012-08-15'),
(3942, 442, '128.490', '2012-08-15'),
(3943, 443767, '6.990', '2012-08-15'),
(3944, 443, '6.990', '2012-08-15'),
(3945, 444770, '369.980', '2012-08-15'),
(3946, 444773, '162.090', '2012-08-15'),
(3947, 444775, '302.820', '2012-08-15'),
(3948, 444, '834.890', '2012-08-15'),
(3949, 44, '1022.940', '2012-08-15'),
(3950, 4, '9118.630', '2012-08-15'),
(3951, 511500, '962.340', '2012-08-15'),
(3952, 511, '962.340', '2012-08-15'),
(3953, 512503, '1413.750', '2012-08-15'),
(3954, 512, '1413.750', '2012-08-15'),
(3955, 51, '2376.090', '2012-08-15'),
(3956, 521506, '449.220', '2012-08-15'),
(3957, 521, '449.220', '2012-08-15'),
(3958, 522509, '122.890', '2012-08-15'),
(3959, 522, '122.890', '2012-08-15'),
(3960, 52, '572.110', '2012-08-15'),
(3961, 531512, '1072.720', '2012-08-15'),
(3962, 531, '1072.720', '2012-08-15'),
(3963, 532515, '2116.780', '2012-08-15'),
(3964, 532517, '173.730', '2012-08-15'),
(3965, 532, '2290.510', '2012-08-15'),
(3966, 53, '3363.230', '2012-08-15'),
(3967, 541520, '542.680', '2012-08-15'),
(3968, 541, '542.680', '2012-08-15'),
(3969, 542523, '1499.070', '2012-08-15'),
(3970, 542524, '1129.790', '2012-08-15'),
(3971, 542525, '297.570', '2012-08-15'),
(3972, 542526, '93.540', '2012-08-15'),
(3973, 542527, '111.770', '2012-08-15'),
(3974, 542528, '72.470', '2012-08-15'),
(3975, 542529, '32.650', '2012-08-15'),
(3976, 542530, '671.790', '2012-08-15'),
(3977, 542531, '151.620', '2012-08-15'),
(3978, 542, '4060.270', '2012-08-15'),
(3979, 54, '4602.950', '2012-08-15'),
(3980, 551533, '352.440', '2012-08-15'),
(3981, 551534, '20.000', '2012-08-15'),
(3982, 551, '372.440', '2012-08-15'),
(3983, 552537, '252.800', '2012-08-15'),
(3984, 552538, '110.560', '2012-08-15'),
(3985, 552539, '154.950', '2012-08-15'),
(3986, 552540, '301.710', '2012-08-15'),
(3987, 552542, '13.400', '2012-08-15'),
(3988, 552, '833.420', '2012-08-15'),
(3989, 55, '1205.860', '2012-08-15'),
(3990, 561544, '795.010', '2012-08-15'),
(3991, 561545, '123.500', '2012-08-15'),
(3992, 561546, '32.060', '2012-08-15'),
(3993, 561, '950.570', '2012-08-15'),
(3994, 562548, '513.980', '2012-08-15'),
(3995, 562549, '89.640', '2012-08-15'),
(3996, 562, '603.620', '2012-08-15'),
(3997, 565555, '75.940', '2012-08-15'),
(3998, 565, '75.940', '2012-08-15'),
(3999, 566557, '92.020', '2012-08-15'),
(4000, 566, '92.020', '2012-08-15'),
(4001, 567560, '12.900', '2012-08-15'),
(4002, 567, '12.900', '2012-08-15'),
(4003, 56, '1735.050', '2012-08-15'),
(4004, 571563, '203.010', '2012-08-15'),
(4005, 571, '203.010', '2012-08-15'),
(4006, 572566, '773.280', '2012-08-15'),
(4007, 572, '773.280', '2012-08-15'),
(4008, 573569, '2.990', '2012-08-15'),
(4009, 573, '2.990', '2012-08-15'),
(4010, 574572, '29.210', '2012-08-15'),
(4011, 574, '29.210', '2012-08-15'),
(4012, 575575, '116.600', '2012-08-15'),
(4013, 575576, '2.550', '2012-08-15'),
(4014, 575, '119.150', '2012-08-15'),
(4015, 576579, '1169.980', '2012-08-15'),
(4016, 576581, '6.730', '2012-08-15'),
(4017, 576, '1176.710', '2012-08-15'),
(4018, 57, '2304.350', '2012-08-15');
INSERT INTO `vendas` (`ve_id`, `ve_fam_id`, `ve_valor`, `ve_date`) VALUES
(4019, 581584, '679.530', '2012-08-15'),
(4020, 581, '679.530', '2012-08-15'),
(4021, 582588, '977.100', '2012-08-15'),
(4022, 582, '977.100', '2012-08-15'),
(4023, 583591, '49.830', '2012-08-15'),
(4024, 583592, '1595.770', '2012-08-15'),
(4025, 583, '1645.600', '2012-08-15'),
(4026, 58, '3302.230', '2012-08-15'),
(4027, 5, '19461.870', '2012-08-15'),
(4028, 611600, '56.350', '2012-08-15'),
(4029, 611, '56.350', '2012-08-15'),
(4030, 612601, '58.430', '2012-08-15'),
(4031, 612, '58.430', '2012-08-15'),
(4032, 613602, '37.800', '2012-08-15'),
(4033, 613, '37.800', '2012-08-15'),
(4034, 614603, '100.590', '2012-08-15'),
(4035, 614, '100.590', '2012-08-15'),
(4036, 615604, '54.360', '2012-08-15'),
(4037, 615, '54.360', '2012-08-15'),
(4038, 616605, '296.810', '2012-08-15'),
(4039, 616, '296.810', '2012-08-15'),
(4040, 617606, '5.800', '2012-08-15'),
(4041, 617, '5.800', '2012-08-15'),
(4042, 61, '610.140', '2012-08-15'),
(4043, 621610, '114.820', '2012-08-15'),
(4044, 621611, '30.610', '2012-08-15'),
(4045, 621, '145.430', '2012-08-15'),
(4046, 622612, '332.000', '2012-08-15'),
(4047, 622613, '201.190', '2012-08-15'),
(4048, 622, '533.190', '2012-08-15'),
(4049, 623614, '34.900', '2012-08-15'),
(4050, 623615, '55.140', '2012-08-15'),
(4051, 623, '90.040', '2012-08-15'),
(4052, 624616, '58.690', '2012-08-15'),
(4053, 624, '58.690', '2012-08-15'),
(4054, 625617, '95.830', '2012-08-15'),
(4055, 625, '95.830', '2012-08-15'),
(4056, 626618, '55.490', '2012-08-15'),
(4057, 626, '55.490', '2012-08-15'),
(4058, 62, '978.670', '2012-08-15'),
(4059, 631620, '454.340', '2012-08-15'),
(4060, 631, '454.340', '2012-08-15'),
(4061, 63, '454.340', '2012-08-15'),
(4062, 641630, '664.350', '2012-08-15'),
(4063, 641, '664.350', '2012-08-15'),
(4064, 64, '664.350', '2012-08-15'),
(4065, 6, '2707.500', '2012-08-15'),
(4067, 111100, '271.120', '2012-08-16'),
(4068, 111102, '36.950', '2012-08-16'),
(4069, 111104, '169.870', '2012-08-16'),
(4070, 111106, '346.120', '2012-08-16'),
(4071, 111108, '31.590', '2012-08-16'),
(4072, 111110, '113.700', '2012-08-16'),
(4073, 111112, '18.040', '2012-08-16'),
(4074, 111114, '294.880', '2012-08-16'),
(4075, 111116, '13.640', '2012-08-16'),
(4076, 111118, '73.910', '2012-08-16'),
(4077, 111120, '199.270', '2012-08-16'),
(4078, 111122, '88.970', '2012-08-16'),
(4079, 111124, '39.230', '2012-08-16'),
(4080, 111126, '14.890', '2012-08-16'),
(4081, 111128, '241.500', '2012-08-16'),
(4082, 111130, '87.010', '2012-08-16'),
(4083, 111132, '54.950', '2012-08-16'),
(4084, 111, '2095.640', '2012-08-16'),
(4085, 112140, '208.740', '2012-08-16'),
(4086, 112142, '876.990', '2012-08-16'),
(4087, 112144, '83.920', '2012-08-16'),
(4088, 112146, '706.680', '2012-08-16'),
(4089, 112148, '21.170', '2012-08-16'),
(4090, 112150, '84.860', '2012-08-16'),
(4091, 112152, '253.660', '2012-08-16'),
(4092, 112154, '14.650', '2012-08-16'),
(4093, 112156, '36.090', '2012-08-16'),
(4094, 112158, '211.870', '2012-08-16'),
(4095, 112160, '579.030', '2012-08-16'),
(4096, 112162, '793.210', '2012-08-16'),
(4097, 112164, '132.760', '2012-08-16'),
(4098, 112166, '280.020', '2012-08-16'),
(4099, 112168, '5.940', '2012-08-16'),
(4100, 112170, '367.230', '2012-08-16'),
(4101, 112172, '211.070', '2012-08-16'),
(4102, 112174, '32.640', '2012-08-16'),
(4103, 112178, '507.170', '2012-08-16'),
(4104, 112, '5407.700', '2012-08-16'),
(4105, 11, '7503.340', '2012-08-16'),
(4106, 121200, '762.760', '2012-08-16'),
(4107, 121205, '556.110', '2012-08-16'),
(4108, 121210, '272.440', '2012-08-16'),
(4109, 121220, '447.520', '2012-08-16'),
(4110, 121, '2038.830', '2012-08-16'),
(4111, 122230, '895.500', '2012-08-16'),
(4112, 122235, '2932.770', '2012-08-16'),
(4113, 122240, '376.830', '2012-08-16'),
(4114, 122245, '3364.950', '2012-08-16'),
(4115, 122250, '1726.860', '2012-08-16'),
(4116, 122, '9296.910', '2012-08-16'),
(4117, 124201, '14.930', '2012-08-16'),
(4118, 124, '14.930', '2012-08-16'),
(4119, 12, '11350.670', '2012-08-16'),
(4120, 131300, '1846.350', '2012-08-16'),
(4121, 131, '1846.350', '2012-08-16'),
(4122, 132310, '2090.250', '2012-08-16'),
(4123, 132, '2090.250', '2012-08-16'),
(4124, 133320, '1148.800', '2012-08-16'),
(4125, 133, '1148.800', '2012-08-16'),
(4126, 134330, '67.760', '2012-08-16'),
(4127, 134, '67.760', '2012-08-16'),
(4128, 13, '5153.160', '2012-08-16'),
(4129, 1, '24007.170', '2012-08-16'),
(4130, 411400, '54.070', '2012-08-16'),
(4131, 411401, '115.540', '2012-08-16'),
(4132, 411402, '26.700', '2012-08-16'),
(4133, 411403, '197.260', '2012-08-16'),
(4134, 411405, '4.780', '2012-08-16'),
(4135, 411406, '341.360', '2012-08-16'),
(4136, 411, '739.710', '2012-08-16'),
(4137, 412410, '2.750', '2012-08-16'),
(4138, 412411, '713.770', '2012-08-16'),
(4139, 412, '716.520', '2012-08-16'),
(4140, 413414, '256.300', '2012-08-16'),
(4141, 413415, '110.460', '2012-08-16'),
(4142, 413416, '61.080', '2012-08-16'),
(4143, 413417, '73.260', '2012-08-16'),
(4144, 413418, '1.990', '2012-08-16'),
(4145, 413419, '178.310', '2012-08-16'),
(4146, 413420, '54.260', '2012-08-16'),
(4147, 413421, '38.750', '2012-08-16'),
(4148, 413422, '101.580', '2012-08-16'),
(4149, 413423, '85.100', '2012-08-16'),
(4150, 413424, '153.480', '2012-08-16'),
(4151, 413425, '12.650', '2012-08-16'),
(4152, 413426, '91.240', '2012-08-16'),
(4153, 413427, '111.200', '2012-08-16'),
(4154, 413428, '47.360', '2012-08-16'),
(4155, 413429, '63.770', '2012-08-16'),
(4156, 413430, '176.900', '2012-08-16'),
(4157, 413, '1617.690', '2012-08-16'),
(4158, 414433, '834.720', '2012-08-16'),
(4159, 414434, '173.110', '2012-08-16'),
(4160, 414, '1007.830', '2012-08-16'),
(4161, 41, '4081.750', '2012-08-16'),
(4162, 421441, '38.900', '2012-08-16'),
(4163, 421, '38.900', '2012-08-16'),
(4164, 422444, '735.070', '2012-08-16'),
(4165, 422446, '235.010', '2012-08-16'),
(4166, 422447, '45.620', '2012-08-16'),
(4167, 422, '1015.700', '2012-08-16'),
(4168, 423451, '89.000', '2012-08-16'),
(4169, 423452, '35.390', '2012-08-16'),
(4170, 423, '124.390', '2012-08-16'),
(4171, 424455, '74.990', '2012-08-16'),
(4172, 424456, '92.780', '2012-08-16'),
(4173, 424457, '136.530', '2012-08-16'),
(4174, 424, '304.300', '2012-08-16'),
(4175, 425460, '7.390', '2012-08-16'),
(4176, 425461, '38.070', '2012-08-16'),
(4177, 425462, '5.390', '2012-08-16'),
(4178, 425463, '6.000', '2012-08-16'),
(4179, 425464, '21.160', '2012-08-16'),
(4180, 425465, '14.500', '2012-08-16'),
(4181, 425466, '33.150', '2012-08-16'),
(4182, 425467, '19.940', '2012-08-16'),
(4183, 425468, '5.700', '2012-08-16'),
(4184, 425469, '5.300', '2012-08-16'),
(4185, 425, '156.600', '2012-08-16'),
(4186, 426472, '36.830', '2012-08-16'),
(4187, 426473, '32.200', '2012-08-16'),
(4188, 426474, '13.900', '2012-08-16'),
(4189, 426475, '13.990', '2012-08-16'),
(4190, 426477, '22.320', '2012-08-16'),
(4191, 426478, '32.460', '2012-08-16'),
(4192, 426479, '12.890', '2012-08-16'),
(4193, 426, '164.590', '2012-08-16'),
(4194, 42, '1804.480', '2012-08-16'),
(4195, 431700, '259.000', '2012-08-16'),
(4196, 431704, '199.000', '2012-08-16'),
(4197, 431706, '44.900', '2012-08-16'),
(4198, 431, '502.900', '2012-08-16'),
(4199, 432720, '457.200', '2012-08-16'),
(4200, 432721, '74.700', '2012-08-16'),
(4201, 432722, '114.970', '2012-08-16'),
(4202, 432724, '23.530', '2012-08-16'),
(4203, 432, '670.400', '2012-08-16'),
(4204, 434740, '157.770', '2012-08-16'),
(4205, 434741, '787.000', '2012-08-16'),
(4206, 434742, '89.900', '2012-08-16'),
(4207, 434743, '4.250', '2012-08-16'),
(4208, 434745, '342.940', '2012-08-16'),
(4209, 434, '1381.860', '2012-08-16'),
(4210, 43, '2555.160', '2012-08-16'),
(4211, 441750, '38.500', '2012-08-16'),
(4212, 441752, '38.880', '2012-08-16'),
(4213, 441756, '11.850', '2012-08-16'),
(4214, 441757, '28.080', '2012-08-16'),
(4215, 441758, '18.100', '2012-08-16'),
(4216, 441, '135.410', '2012-08-16'),
(4217, 442762, '85.200', '2012-08-16'),
(4218, 442764, '4.990', '2012-08-16'),
(4219, 442, '90.190', '2012-08-16'),
(4220, 443767, '52.940', '2012-08-16'),
(4221, 443, '52.940', '2012-08-16'),
(4222, 444770, '151.970', '2012-08-16'),
(4223, 444773, '155.070', '2012-08-16'),
(4224, 444775, '109.950', '2012-08-16'),
(4225, 444, '416.990', '2012-08-16'),
(4226, 44, '695.530', '2012-08-16'),
(4227, 4, '9136.920', '2012-08-16'),
(4228, 511500, '1168.150', '2012-08-16'),
(4229, 511, '1168.150', '2012-08-16'),
(4230, 512503, '1079.200', '2012-08-16'),
(4231, 512, '1079.200', '2012-08-16'),
(4232, 51, '2247.350', '2012-08-16'),
(4233, 521506, '408.190', '2012-08-16'),
(4234, 521, '408.190', '2012-08-16'),
(4235, 522509, '153.040', '2012-08-16'),
(4236, 522, '153.040', '2012-08-16'),
(4237, 52, '561.230', '2012-08-16'),
(4238, 531512, '1125.730', '2012-08-16'),
(4239, 531, '1125.730', '2012-08-16'),
(4240, 532515, '1212.660', '2012-08-16'),
(4241, 532516, '22.010', '2012-08-16'),
(4242, 532517, '97.770', '2012-08-16'),
(4243, 532, '1332.440', '2012-08-16'),
(4244, 53, '2458.170', '2012-08-16'),
(4245, 541520, '551.600', '2012-08-16'),
(4246, 541, '551.600', '2012-08-16'),
(4247, 542523, '905.240', '2012-08-16'),
(4248, 542524, '992.210', '2012-08-16'),
(4249, 542525, '306.210', '2012-08-16'),
(4250, 542526, '141.960', '2012-08-16'),
(4251, 542527, '116.060', '2012-08-16'),
(4252, 542528, '51.970', '2012-08-16'),
(4253, 542529, '48.100', '2012-08-16'),
(4254, 542530, '791.510', '2012-08-16'),
(4255, 542531, '187.500', '2012-08-16'),
(4256, 542, '3540.760', '2012-08-16'),
(4257, 54, '4092.360', '2012-08-16'),
(4258, 551533, '243.900', '2012-08-16'),
(4259, 551534, '27.310', '2012-08-16'),
(4260, 551535, '10.360', '2012-08-16'),
(4261, 551, '281.570', '2012-08-16'),
(4262, 552537, '165.580', '2012-08-16'),
(4263, 552538, '66.440', '2012-08-16'),
(4264, 552539, '412.810', '2012-08-16'),
(4265, 552540, '304.480', '2012-08-16'),
(4266, 552541, '8.780', '2012-08-16'),
(4267, 552542, '23.810', '2012-08-16'),
(4268, 552, '981.900', '2012-08-16'),
(4269, 55, '1263.470', '2012-08-16'),
(4270, 561544, '666.270', '2012-08-16'),
(4271, 561545, '94.240', '2012-08-16'),
(4272, 561546, '17.120', '2012-08-16'),
(4273, 561, '777.630', '2012-08-16'),
(4274, 562548, '472.360', '2012-08-16'),
(4275, 562549, '101.070', '2012-08-16'),
(4276, 562, '573.430', '2012-08-16'),
(4277, 565555, '124.210', '2012-08-16'),
(4278, 565, '124.210', '2012-08-16'),
(4279, 566557, '70.320', '2012-08-16'),
(4280, 566, '70.320', '2012-08-16'),
(4281, 567560, '7.740', '2012-08-16'),
(4282, 567, '7.740', '2012-08-16'),
(4283, 56, '1553.330', '2012-08-16'),
(4284, 571563, '124.350', '2012-08-16'),
(4285, 571, '124.350', '2012-08-16'),
(4286, 572566, '504.710', '2012-08-16'),
(4287, 572, '504.710', '2012-08-16'),
(4288, 573569, '5.980', '2012-08-16'),
(4289, 573, '5.980', '2012-08-16'),
(4290, 574572, '16.190', '2012-08-16'),
(4291, 574, '16.190', '2012-08-16'),
(4292, 575575, '96.160', '2012-08-16'),
(4293, 575576, '5.100', '2012-08-16'),
(4294, 575, '101.260', '2012-08-16'),
(4295, 576579, '999.290', '2012-08-16'),
(4296, 576581, '13.210', '2012-08-16'),
(4297, 576, '1012.500', '2012-08-16'),
(4298, 57, '1764.990', '2012-08-16'),
(4299, 581584, '853.670', '2012-08-16'),
(4300, 581, '853.670', '2012-08-16'),
(4301, 582588, '320.380', '2012-08-16'),
(4302, 582, '320.380', '2012-08-16'),
(4303, 583591, '119.950', '2012-08-16'),
(4304, 583592, '1075.810', '2012-08-16'),
(4305, 583, '1195.760', '2012-08-16'),
(4306, 58, '2369.810', '2012-08-16'),
(4307, 5, '16310.710', '2012-08-16'),
(4308, 611600, '20.890', '2012-08-16'),
(4309, 611, '20.890', '2012-08-16'),
(4310, 612601, '40.250', '2012-08-16'),
(4311, 612, '40.250', '2012-08-16'),
(4312, 613602, '17.900', '2012-08-16'),
(4313, 613, '17.900', '2012-08-16'),
(4314, 614603, '42.960', '2012-08-16'),
(4315, 614, '42.960', '2012-08-16'),
(4316, 615604, '67.750', '2012-08-16'),
(4317, 615, '67.750', '2012-08-16'),
(4318, 616605, '325.110', '2012-08-16'),
(4319, 616, '325.110', '2012-08-16'),
(4320, 617606, '14.100', '2012-08-16'),
(4321, 617, '14.100', '2012-08-16'),
(4322, 61, '528.960', '2012-08-16'),
(4323, 621610, '75.390', '2012-08-16'),
(4324, 621611, '62.870', '2012-08-16'),
(4325, 621, '138.260', '2012-08-16'),
(4326, 622612, '228.290', '2012-08-16'),
(4327, 622613, '263.950', '2012-08-16'),
(4328, 622, '492.240', '2012-08-16'),
(4329, 623614, '65.700', '2012-08-16'),
(4330, 623615, '50.330', '2012-08-16'),
(4331, 623, '116.030', '2012-08-16'),
(4332, 624616, '64.110', '2012-08-16'),
(4333, 624, '64.110', '2012-08-16'),
(4334, 625617, '34.890', '2012-08-16'),
(4335, 625, '34.890', '2012-08-16'),
(4336, 626618, '33.480', '2012-08-16'),
(4337, 626, '33.480', '2012-08-16'),
(4338, 62, '879.010', '2012-08-16'),
(4339, 631620, '217.500', '2012-08-16'),
(4340, 631, '217.500', '2012-08-16'),
(4341, 63, '217.500', '2012-08-16'),
(4342, 641630, '404.380', '2012-08-16'),
(4343, 641, '404.380', '2012-08-16'),
(4344, 64, '404.380', '2012-08-16'),
(4345, 6, '2029.850', '2012-08-16'),
(4346, 111100, '248.230', '2012-08-17'),
(4347, 111102, '21.720', '2012-08-17'),
(4348, 111104, '138.500', '2012-08-17'),
(4349, 111106, '387.540', '2012-08-17'),
(4350, 111108, '43.440', '2012-08-17'),
(4351, 111110, '140.510', '2012-08-17'),
(4352, 111112, '22.970', '2012-08-17'),
(4353, 111114, '247.770', '2012-08-17'),
(4354, 111116, '22.000', '2012-08-17'),
(4355, 111118, '50.850', '2012-08-17'),
(4356, 111120, '152.080', '2012-08-17'),
(4357, 111122, '77.230', '2012-08-17'),
(4358, 111124, '25.380', '2012-08-17'),
(4359, 111126, '23.360', '2012-08-17'),
(4360, 111128, '263.690', '2012-08-17'),
(4361, 111130, '121.860', '2012-08-17'),
(4362, 111132, '57.700', '2012-08-17'),
(4363, 111, '2044.830', '2012-08-17'),
(4364, 112140, '166.530', '2012-08-17'),
(4365, 112142, '697.370', '2012-08-17'),
(4366, 112144, '88.090', '2012-08-17'),
(4367, 112146, '538.050', '2012-08-17'),
(4368, 112148, '21.910', '2012-08-17'),
(4369, 112150, '78.040', '2012-08-17'),
(4370, 112152, '284.170', '2012-08-17'),
(4371, 112154, '11.500', '2012-08-17'),
(4372, 112156, '30.770', '2012-08-17'),
(4373, 112158, '217.340', '2012-08-17'),
(4374, 112160, '431.480', '2012-08-17'),
(4375, 112162, '644.560', '2012-08-17'),
(4376, 112164, '128.630', '2012-08-17'),
(4377, 112166, '253.060', '2012-08-17'),
(4378, 112168, '3.960', '2012-08-17'),
(4379, 112170, '291.070', '2012-08-17'),
(4380, 112172, '184.850', '2012-08-17'),
(4381, 112174, '30.910', '2012-08-17'),
(4382, 112176, '0.970', '2012-08-17'),
(4383, 112178, '486.390', '2012-08-17'),
(4384, 112, '4589.650', '2012-08-17'),
(4385, 11, '6634.480', '2012-08-17'),
(4386, 121200, '696.700', '2012-08-17'),
(4387, 121205, '531.600', '2012-08-17'),
(4388, 121210, '267.480', '2012-08-17'),
(4389, 121220, '499.090', '2012-08-17'),
(4390, 121, '1994.870', '2012-08-17'),
(4391, 122230, '1190.830', '2012-08-17'),
(4392, 122235, '2596.920', '2012-08-17'),
(4393, 122240, '441.730', '2012-08-17'),
(4394, 122245, '2613.190', '2012-08-17'),
(4395, 122250, '2917.700', '2012-08-17'),
(4396, 122, '9760.370', '2012-08-17'),
(4397, 12, '11755.240', '2012-08-17'),
(4398, 131300, '1343.350', '2012-08-17'),
(4399, 131, '1343.350', '2012-08-17'),
(4400, 132310, '2524.900', '2012-08-17'),
(4401, 132, '2524.900', '2012-08-17'),
(4402, 133320, '1434.750', '2012-08-17'),
(4403, 133, '1434.750', '2012-08-17'),
(4404, 134330, '108.050', '2012-08-17'),
(4405, 134, '108.050', '2012-08-17'),
(4406, 13, '5411.050', '2012-08-17'),
(4407, 1, '23800.770', '2012-08-17'),
(4408, 411400, '263.660', '2012-08-17'),
(4409, 411401, '39.720', '2012-08-17'),
(4410, 411402, '39.190', '2012-08-17'),
(4411, 411403, '166.790', '2012-08-17'),
(4412, 411406, '111.500', '2012-08-17'),
(4413, 411, '620.860', '2012-08-17'),
(4414, 412410, '19.690', '2012-08-17'),
(4415, 412411, '527.350', '2012-08-17'),
(4416, 412, '547.040', '2012-08-17'),
(4417, 413414, '98.790', '2012-08-17'),
(4418, 413415, '102.850', '2012-08-17'),
(4419, 413416, '35.460', '2012-08-17'),
(4420, 413417, '7.060', '2012-08-17'),
(4421, 413418, '1.990', '2012-08-17'),
(4422, 413419, '51.850', '2012-08-17'),
(4423, 413420, '70.940', '2012-08-17'),
(4424, 413421, '27.820', '2012-08-17'),
(4425, 413422, '69.320', '2012-08-17'),
(4426, 413423, '61.880', '2012-08-17'),
(4427, 413424, '74.010', '2012-08-17'),
(4428, 413425, '42.910', '2012-08-17'),
(4429, 413426, '71.940', '2012-08-17'),
(4430, 413427, '58.340', '2012-08-17'),
(4431, 413428, '15.700', '2012-08-17'),
(4432, 413429, '48.300', '2012-08-17'),
(4433, 413430, '44.950', '2012-08-17'),
(4434, 413, '884.110', '2012-08-17'),
(4435, 414433, '659.370', '2012-08-17'),
(4436, 414434, '66.540', '2012-08-17'),
(4437, 414, '725.910', '2012-08-17'),
(4438, 41, '2777.920', '2012-08-17'),
(4439, 421441, '19.900', '2012-08-17'),
(4440, 421, '19.900', '2012-08-17'),
(4441, 422444, '166.270', '2012-08-17'),
(4442, 422445, '9.900', '2012-08-17'),
(4443, 422446, '137.440', '2012-08-17'),
(4444, 422447, '84.600', '2012-08-17'),
(4445, 422, '398.210', '2012-08-17'),
(4446, 423452, '102.220', '2012-08-17'),
(4447, 423, '102.220', '2012-08-17'),
(4448, 424455, '19.300', '2012-08-17'),
(4449, 424456, '176.490', '2012-08-17'),
(4450, 424457, '268.190', '2012-08-17'),
(4451, 424, '463.980', '2012-08-17'),
(4452, 425460, '23.990', '2012-08-17'),
(4453, 425461, '6.800', '2012-08-17'),
(4454, 425462, '10.050', '2012-08-17'),
(4455, 425463, '1.900', '2012-08-17'),
(4456, 425464, '26.970', '2012-08-17'),
(4457, 425465, '20.780', '2012-08-17'),
(4458, 425466, '2.230', '2012-08-17'),
(4459, 425467, '31.950', '2012-08-17'),
(4460, 425469, '0.450', '2012-08-17'),
(4461, 425, '125.120', '2012-08-17'),
(4462, 426472, '205.350', '2012-08-17'),
(4463, 426473, '6.370', '2012-08-17'),
(4464, 426474, '21.000', '2012-08-17'),
(4465, 426475, '9.990', '2012-08-17'),
(4466, 426476, '5.900', '2012-08-17'),
(4467, 426477, '20.890', '2012-08-17'),
(4468, 426478, '11.250', '2012-08-17'),
(4469, 426479, '-90.100', '2012-08-17'),
(4470, 426, '190.650', '2012-08-17'),
(4471, 42, '1300.080', '2012-08-17'),
(4472, 431700, '199.000', '2012-08-17'),
(4473, 431703, '199.000', '2012-08-17'),
(4474, 431704, '239.000', '2012-08-17'),
(4475, 431706, '44.900', '2012-08-17'),
(4476, 431, '681.900', '2012-08-17'),
(4477, 432720, '498.790', '2012-08-17'),
(4478, 432721, '144.190', '2012-08-17'),
(4479, 432722, '79.790', '2012-08-17'),
(4480, 432724, '52.550', '2012-08-17'),
(4481, 432, '775.320', '2012-08-17'),
(4482, 434740, '46.770', '2012-08-17'),
(4483, 434741, '229.000', '2012-08-17'),
(4484, 434742, '119.800', '2012-08-17'),
(4485, 434743, '24.880', '2012-08-17'),
(4486, 434745, '207.360', '2012-08-17'),
(4487, 434746, '9.990', '2012-08-17'),
(4488, 434, '637.800', '2012-08-17'),
(4489, 43, '2095.020', '2012-08-17'),
(4490, 441750, '15.000', '2012-08-17'),
(4491, 441752, '87.030', '2012-08-17'),
(4492, 441757, '40.900', '2012-08-17'),
(4493, 441758, '2.000', '2012-08-17'),
(4494, 441, '144.930', '2012-08-17'),
(4495, 442762, '121.050', '2012-08-17'),
(4496, 442764, '4.990', '2012-08-17'),
(4497, 442, '126.040', '2012-08-17'),
(4498, 444770, '-5.050', '2012-08-17'),
(4499, 444773, '158.000', '2012-08-17'),
(4500, 444775, '489.900', '2012-08-17'),
(4501, 444, '642.850', '2012-08-17'),
(4502, 44, '913.820', '2012-08-17'),
(4503, 4, '7086.840', '2012-08-17'),
(4504, 511500, '745.150', '2012-08-17'),
(4505, 511, '745.150', '2012-08-17'),
(4506, 512503, '1140.290', '2012-08-17'),
(4507, 512, '1140.290', '2012-08-17'),
(4508, 51, '1885.440', '2012-08-17'),
(4509, 521506, '363.340', '2012-08-17'),
(4510, 521, '363.340', '2012-08-17'),
(4511, 522509, '175.660', '2012-08-17'),
(4512, 522, '175.660', '2012-08-17'),
(4513, 52, '539.000', '2012-08-17'),
(4514, 531512, '1006.970', '2012-08-17'),
(4515, 531, '1006.970', '2012-08-17'),
(4516, 532515, '804.370', '2012-08-17'),
(4517, 532516, '18.340', '2012-08-17'),
(4518, 532517, '94.750', '2012-08-17'),
(4519, 532, '917.460', '2012-08-17'),
(4520, 53, '1924.430', '2012-08-17'),
(4521, 541520, '524.400', '2012-08-17'),
(4522, 541, '524.400', '2012-08-17'),
(4523, 542523, '1104.830', '2012-08-17'),
(4524, 542524, '976.090', '2012-08-17'),
(4525, 542525, '254.150', '2012-08-17'),
(4526, 542526, '63.730', '2012-08-17'),
(4527, 542527, '116.730', '2012-08-17'),
(4528, 542528, '57.620', '2012-08-17'),
(4529, 542529, '43.360', '2012-08-17'),
(4530, 542530, '681.030', '2012-08-17'),
(4531, 542531, '138.730', '2012-08-17'),
(4532, 542, '3436.270', '2012-08-17'),
(4533, 54, '3960.670', '2012-08-17'),
(4534, 551533, '423.780', '2012-08-17'),
(4535, 551534, '8.750', '2012-08-17'),
(4536, 551535, '2.590', '2012-08-17'),
(4537, 551, '435.120', '2012-08-17'),
(4538, 552537, '163.110', '2012-08-17'),
(4539, 552538, '136.930', '2012-08-17'),
(4540, 552539, '258.560', '2012-08-17'),
(4541, 552540, '366.780', '2012-08-17'),
(4542, 552541, '8.480', '2012-08-17'),
(4543, 552542, '31.600', '2012-08-17'),
(4544, 552, '965.460', '2012-08-17'),
(4545, 55, '1400.580', '2012-08-17'),
(4546, 561544, '645.200', '2012-08-17'),
(4547, 561545, '128.620', '2012-08-17'),
(4548, 561546, '24.180', '2012-08-17'),
(4549, 561, '798.000', '2012-08-17'),
(4550, 562548, '389.750', '2012-08-17'),
(4551, 562549, '87.300', '2012-08-17'),
(4552, 562, '477.050', '2012-08-17'),
(4553, 565555, '47.540', '2012-08-17'),
(4554, 565, '47.540', '2012-08-17'),
(4555, 566557, '55.920', '2012-08-17'),
(4556, 566, '55.920', '2012-08-17'),
(4557, 567560, '3.870', '2012-08-17'),
(4558, 567, '3.870', '2012-08-17'),
(4559, 56, '1382.380', '2012-08-17'),
(4560, 571563, '101.730', '2012-08-17'),
(4561, 571, '101.730', '2012-08-17'),
(4562, 572566, '605.870', '2012-08-17'),
(4563, 572, '605.870', '2012-08-17'),
(4564, 574572, '16.900', '2012-08-17'),
(4565, 574, '16.900', '2012-08-17'),
(4566, 575575, '36.760', '2012-08-17'),
(4567, 575576, '21.850', '2012-08-17'),
(4568, 575, '58.610', '2012-08-17'),
(4569, 576579, '698.300', '2012-08-17'),
(4570, 576581, '8.860', '2012-08-17'),
(4571, 576, '707.160', '2012-08-17'),
(4572, 57, '1490.270', '2012-08-17'),
(4573, 581584, '846.230', '2012-08-17'),
(4574, 581, '846.230', '2012-08-17'),
(4575, 582588, '238.740', '2012-08-17'),
(4576, 582, '238.740', '2012-08-17'),
(4577, 583591, '29.890', '2012-08-17'),
(4578, 583592, '1105.920', '2012-08-17'),
(4579, 583, '1135.810', '2012-08-17'),
(4580, 58, '2220.780', '2012-08-17'),
(4581, 5, '14803.550', '2012-08-17'),
(4582, 611600, '17.630', '2012-08-17'),
(4583, 611, '17.630', '2012-08-17'),
(4584, 612601, '57.620', '2012-08-17'),
(4585, 612, '57.620', '2012-08-17'),
(4586, 613602, '33.200', '2012-08-17'),
(4587, 613, '33.200', '2012-08-17'),
(4588, 614603, '140.380', '2012-08-17'),
(4589, 614, '140.380', '2012-08-17'),
(4590, 615604, '83.470', '2012-08-17'),
(4591, 615, '83.470', '2012-08-17'),
(4592, 616605, '158.610', '2012-08-17'),
(4593, 616, '158.610', '2012-08-17'),
(4594, 61, '490.910', '2012-08-17'),
(4595, 621610, '70.970', '2012-08-17'),
(4596, 621611, '36.120', '2012-08-17'),
(4597, 621, '107.090', '2012-08-17'),
(4598, 622612, '163.360', '2012-08-17'),
(4599, 622613, '71.970', '2012-08-17'),
(4600, 622, '235.330', '2012-08-17'),
(4601, 623614, '113.830', '2012-08-17'),
(4602, 623615, '16.970', '2012-08-17'),
(4603, 623, '130.800', '2012-08-17'),
(4604, 624616, '67.170', '2012-08-17'),
(4605, 624, '67.170', '2012-08-17'),
(4606, 625617, '77.170', '2012-08-17'),
(4607, 625, '77.170', '2012-08-17'),
(4608, 626618, '113.490', '2012-08-17'),
(4609, 626, '113.490', '2012-08-17'),
(4610, 62, '731.050', '2012-08-17'),
(4611, 631620, '364.880', '2012-08-17'),
(4612, 631, '364.880', '2012-08-17'),
(4613, 63, '364.880', '2012-08-17'),
(4614, 641630, '287.250', '2012-08-17'),
(4615, 641, '287.250', '2012-08-17'),
(4616, 64, '287.250', '2012-08-17'),
(4617, 6, '1874.090', '2012-08-17'),
(4618, 111100, '302.620', '2012-08-18'),
(4619, 111102, '43.170', '2012-08-18'),
(4620, 111104, '198.230', '2012-08-18'),
(4621, 111106, '425.150', '2012-08-18'),
(4622, 111108, '56.680', '2012-08-18'),
(4623, 111110, '132.170', '2012-08-18'),
(4624, 111112, '34.980', '2012-08-18'),
(4625, 111114, '283.210', '2012-08-18'),
(4626, 111116, '18.690', '2012-08-18'),
(4627, 111118, '46.800', '2012-08-18'),
(4628, 111120, '188.980', '2012-08-18'),
(4629, 111122, '84.300', '2012-08-18'),
(4630, 111124, '32.360', '2012-08-18'),
(4631, 111126, '9.020', '2012-08-18'),
(4632, 111128, '388.550', '2012-08-18'),
(4633, 111130, '119.190', '2012-08-18'),
(4634, 111132, '57.170', '2012-08-18'),
(4635, 111, '2421.270', '2012-08-18'),
(4636, 112140, '168.490', '2012-08-18'),
(4637, 112142, '767.010', '2012-08-18'),
(4638, 112144, '67.610', '2012-08-18'),
(4639, 112146, '528.400', '2012-08-18'),
(4640, 112148, '11.130', '2012-08-18'),
(4641, 112150, '75.990', '2012-08-18'),
(4642, 112152, '238.740', '2012-08-18'),
(4643, 112154, '12.010', '2012-08-18'),
(4644, 112156, '44.950', '2012-08-18'),
(4645, 112158, '192.520', '2012-08-18'),
(4646, 112160, '475.970', '2012-08-18'),
(4647, 112162, '665.030', '2012-08-18'),
(4648, 112164, '137.210', '2012-08-18'),
(4649, 112166, '219.150', '2012-08-18'),
(4650, 112168, '0.990', '2012-08-18'),
(4651, 112170, '444.580', '2012-08-18'),
(4652, 112172, '125.410', '2012-08-18'),
(4653, 112174, '56.370', '2012-08-18'),
(4654, 112178, '525.050', '2012-08-18'),
(4655, 112, '4756.610', '2012-08-18'),
(4656, 11, '7177.880', '2012-08-18'),
(4657, 121200, '727.660', '2012-08-18'),
(4658, 121205, '580.940', '2012-08-18'),
(4659, 121210, '298.030', '2012-08-18'),
(4660, 121220, '491.020', '2012-08-18'),
(4661, 121, '2097.650', '2012-08-18'),
(4662, 122230, '1324.380', '2012-08-18'),
(4663, 122235, '3161.110', '2012-08-18'),
(4664, 122240, '456.680', '2012-08-18'),
(4665, 122245, '3221.470', '2012-08-18'),
(4666, 122250, '2289.870', '2012-08-18'),
(4667, 122, '10453.510', '2012-08-18'),
(4668, 124201, '9.380', '2012-08-18'),
(4669, 124, '9.380', '2012-08-18'),
(4670, 12, '12560.540', '2012-08-18'),
(4671, 131300, '1425.380', '2012-08-18'),
(4672, 131, '1425.380', '2012-08-18'),
(4673, 132310, '2429.860', '2012-08-18'),
(4674, 132, '2429.860', '2012-08-18'),
(4675, 133320, '1210.650', '2012-08-18'),
(4676, 133, '1210.650', '2012-08-18'),
(4677, 134330, '109.130', '2012-08-18'),
(4678, 134, '109.130', '2012-08-18'),
(4679, 13, '5175.020', '2012-08-18'),
(4680, 1, '24913.440', '2012-08-18'),
(4681, 411400, '129.530', '2012-08-18'),
(4682, 411401, '109.790', '2012-08-18'),
(4683, 411403, '167.810', '2012-08-18'),
(4684, 411405, '2.390', '2012-08-18'),
(4685, 411406, '169.470', '2012-08-18'),
(4686, 411, '578.990', '2012-08-18'),
(4687, 412410, '8.970', '2012-08-18'),
(4688, 412411, '513.370', '2012-08-18'),
(4689, 412, '522.340', '2012-08-18'),
(4690, 413414, '95.360', '2012-08-18'),
(4691, 413415, '52.670', '2012-08-18'),
(4692, 413416, '33.590', '2012-08-18'),
(4693, 413417, '13.470', '2012-08-18'),
(4694, 413418, '9.000', '2012-08-18'),
(4695, 413419, '94.440', '2012-08-18'),
(4696, 413420, '39.110', '2012-08-18'),
(4697, 413421, '41.440', '2012-08-18'),
(4698, 413422, '98.330', '2012-08-18'),
(4699, 413423, '43.450', '2012-08-18'),
(4700, 413424, '95.100', '2012-08-18'),
(4701, 413425, '2.100', '2012-08-18'),
(4702, 413426, '113.080', '2012-08-18'),
(4703, 413427, '93.250', '2012-08-18'),
(4704, 413428, '27.040', '2012-08-18'),
(4705, 413429, '111.420', '2012-08-18'),
(4706, 413430, '159.000', '2012-08-18'),
(4707, 413, '1121.850', '2012-08-18'),
(4708, 414433, '627.160', '2012-08-18'),
(4709, 414434, '101.470', '2012-08-18'),
(4710, 414, '728.630', '2012-08-18'),
(4711, 41, '2951.810', '2012-08-18'),
(4712, 421441, '65.210', '2012-08-18'),
(4713, 421, '65.210', '2012-08-18'),
(4714, 422444, '209.870', '2012-08-18'),
(4715, 422446, '79.250', '2012-08-18'),
(4716, 422447, '122.170', '2012-08-18'),
(4717, 422, '411.290', '2012-08-18'),
(4718, 423452, '25.800', '2012-08-18'),
(4719, 423, '25.800', '2012-08-18'),
(4720, 424455, '21.100', '2012-08-18'),
(4721, 424456, '77.750', '2012-08-18'),
(4722, 424457, '76.390', '2012-08-18'),
(4723, 424, '175.240', '2012-08-18'),
(4724, 425460, '11.090', '2012-08-18'),
(4725, 425461, '21.260', '2012-08-18'),
(4726, 425462, '2.580', '2012-08-18'),
(4727, 425464, '19.370', '2012-08-18'),
(4728, 425465, '10.000', '2012-08-18'),
(4729, 425466, '2.680', '2012-08-18'),
(4730, 425467, '22.190', '2012-08-18'),
(4731, 425468, '2.200', '2012-08-18'),
(4732, 425469, '5.800', '2012-08-18'),
(4733, 425, '97.170', '2012-08-18'),
(4734, 426472, '3.150', '2012-08-18'),
(4735, 426473, '37.990', '2012-08-18'),
(4736, 426477, '28.390', '2012-08-18'),
(4737, 426478, '12.540', '2012-08-18'),
(4738, 426, '82.070', '2012-08-18'),
(4739, 42, '856.780', '2012-08-18'),
(4740, 431700, '349.000', '2012-08-18'),
(4741, 431703, '199.000', '2012-08-18'),
(4742, 431, '548.000', '2012-08-18'),
(4743, 432720, '151.300', '2012-08-18'),
(4744, 432721, '180.990', '2012-08-18'),
(4745, 432722, '447.450', '2012-08-18'),
(4746, 432724, '21.370', '2012-08-18'),
(4747, 432, '801.110', '2012-08-18'),
(4748, 434740, '54.330', '2012-08-18'),
(4749, 434741, '343.900', '2012-08-18'),
(4750, 434742, '129.800', '2012-08-18'),
(4751, 434743, '2.360', '2012-08-18'),
(4752, 434745, '151.220', '2012-08-18'),
(4753, 434, '681.610', '2012-08-18'),
(4754, 43, '2030.720', '2012-08-18'),
(4755, 441750, '7.500', '2012-08-18'),
(4756, 441753, '23.990', '2012-08-18'),
(4757, 441756, '15.960', '2012-08-18'),
(4758, 441758, '9.990', '2012-08-18'),
(4759, 441, '57.440', '2012-08-18'),
(4760, 442762, '69.730', '2012-08-18'),
(4761, 442, '69.730', '2012-08-18'),
(4762, 444770, '165.880', '2012-08-18'),
(4763, 444773, '106.230', '2012-08-18'),
(4764, 444775, '114.940', '2012-08-18'),
(4765, 444, '387.050', '2012-08-18'),
(4766, 44, '514.220', '2012-08-18'),
(4767, 4, '6353.530', '2012-08-18'),
(4768, 511500, '1225.600', '2012-08-18'),
(4769, 511, '1225.600', '2012-08-18'),
(4770, 512503, '1280.380', '2012-08-18'),
(4771, 512, '1280.380', '2012-08-18'),
(4772, 51, '2505.980', '2012-08-18'),
(4773, 521506, '406.910', '2012-08-18'),
(4774, 521, '406.910', '2012-08-18'),
(4775, 522509, '212.070', '2012-08-18'),
(4776, 522, '212.070', '2012-08-18'),
(4777, 52, '618.980', '2012-08-18'),
(4778, 531512, '1072.490', '2012-08-18'),
(4779, 531, '1072.490', '2012-08-18'),
(4780, 532515, '1672.600', '2012-08-18'),
(4781, 532516, '13.670', '2012-08-18'),
(4782, 532517, '209.330', '2012-08-18'),
(4783, 532, '1895.600', '2012-08-18'),
(4784, 53, '2968.090', '2012-08-18'),
(4785, 541520, '671.560', '2012-08-18'),
(4786, 541, '671.560', '2012-08-18'),
(4787, 542523, '811.910', '2012-08-18'),
(4788, 542524, '1428.000', '2012-08-18'),
(4789, 542525, '252.580', '2012-08-18'),
(4790, 542526, '65.780', '2012-08-18'),
(4791, 542527, '108.960', '2012-08-18'),
(4792, 542528, '48.690', '2012-08-18'),
(4793, 542529, '43.380', '2012-08-18'),
(4794, 542530, '828.800', '2012-08-18'),
(4795, 542531, '181.210', '2012-08-18'),
(4796, 542, '3769.310', '2012-08-18'),
(4797, 54, '4440.870', '2012-08-18'),
(4798, 551533, '453.270', '2012-08-18'),
(4799, 551534, '8.970', '2012-08-18'),
(4800, 551535, '20.940', '2012-08-18'),
(4801, 551, '483.180', '2012-08-18'),
(4802, 552537, '329.590', '2012-08-18'),
(4803, 552538, '148.770', '2012-08-18'),
(4804, 552539, '141.010', '2012-08-18'),
(4805, 552540, '414.560', '2012-08-18'),
(4806, 552541, '13.590', '2012-08-18'),
(4807, 552542, '40.360', '2012-08-18'),
(4808, 552, '1087.880', '2012-08-18'),
(4809, 55, '1571.060', '2012-08-18'),
(4810, 561544, '956.560', '2012-08-18'),
(4811, 561545, '128.640', '2012-08-18'),
(4812, 561546, '25.190', '2012-08-18'),
(4813, 561, '1110.390', '2012-08-18'),
(4814, 562548, '572.810', '2012-08-18'),
(4815, 562549, '115.470', '2012-08-18'),
(4816, 562, '688.280', '2012-08-18'),
(4817, 565555, '111.110', '2012-08-18'),
(4818, 565, '111.110', '2012-08-18'),
(4819, 566557, '48.560', '2012-08-18'),
(4820, 566, '48.560', '2012-08-18'),
(4821, 567560, '10.320', '2012-08-18'),
(4822, 567, '10.320', '2012-08-18'),
(4823, 56, '1968.660', '2012-08-18'),
(4824, 571563, '161.550', '2012-08-18'),
(4825, 571, '161.550', '2012-08-18'),
(4826, 572566, '546.240', '2012-08-18'),
(4827, 572, '546.240', '2012-08-18'),
(4828, 574572, '21.610', '2012-08-18'),
(4829, 574, '21.610', '2012-08-18'),
(4830, 575575, '101.290', '2012-08-18'),
(4831, 575576, '3.500', '2012-08-18'),
(4832, 575, '104.790', '2012-08-18'),
(4833, 576579, '1277.640', '2012-08-18'),
(4834, 576581, '12.730', '2012-08-18'),
(4835, 576, '1290.370', '2012-08-18'),
(4836, 57, '2124.560', '2012-08-18'),
(4837, 581584, '682.310', '2012-08-18'),
(4838, 581, '682.310', '2012-08-18'),
(4839, 582588, '592.060', '2012-08-18'),
(4840, 582, '592.060', '2012-08-18'),
(4841, 583591, '75.270', '2012-08-18'),
(4842, 583592, '1009.920', '2012-08-18'),
(4843, 583, '1085.190', '2012-08-18'),
(4844, 58, '2359.560', '2012-08-18'),
(4845, 5, '18557.760', '2012-08-18'),
(4846, 611600, '27.200', '2012-08-18'),
(4847, 611, '27.200', '2012-08-18'),
(4848, 612601, '42.250', '2012-08-18'),
(4849, 612, '42.250', '2012-08-18'),
(4850, 613602, '17.990', '2012-08-18'),
(4851, 613, '17.990', '2012-08-18'),
(4852, 614603, '122.090', '2012-08-18'),
(4853, 614, '122.090', '2012-08-18'),
(4854, 615604, '56.980', '2012-08-18'),
(4855, 615, '56.980', '2012-08-18'),
(4856, 616605, '270.610', '2012-08-18'),
(4857, 616, '270.610', '2012-08-18'),
(4858, 617606, '10.900', '2012-08-18'),
(4859, 617, '10.900', '2012-08-18'),
(4860, 61, '548.020', '2012-08-18'),
(4861, 621610, '12.490', '2012-08-18'),
(4862, 621611, '4.000', '2012-08-18'),
(4863, 621, '16.490', '2012-08-18'),
(4864, 622612, '41.090', '2012-08-18'),
(4865, 622613, '183.670', '2012-08-18'),
(4866, 622, '224.760', '2012-08-18'),
(4867, 623614, '23.970', '2012-08-18'),
(4868, 623615, '23.960', '2012-08-18'),
(4869, 623, '47.930', '2012-08-18'),
(4870, 624616, '104.710', '2012-08-18'),
(4871, 624, '104.710', '2012-08-18'),
(4872, 625617, '145.520', '2012-08-18'),
(4873, 625, '145.520', '2012-08-18'),
(4874, 626618, '114.960', '2012-08-18'),
(4875, 626, '114.960', '2012-08-18'),
(4876, 62, '654.370', '2012-08-18'),
(4877, 631620, '201.090', '2012-08-18'),
(4878, 631, '201.090', '2012-08-18'),
(4879, 63, '201.090', '2012-08-18'),
(4880, 641630, '305.070', '2012-08-18'),
(4881, 641, '305.070', '2012-08-18'),
(4882, 64, '305.070', '2012-08-18'),
(4883, 6, '1708.550', '2012-08-18'),
(4884, 111100, '312.030', '2012-08-19'),
(4885, 111102, '25.100', '2012-08-19'),
(4886, 111104, '117.140', '2012-08-19'),
(4887, 111106, '228.050', '2012-08-19'),
(4888, 111108, '49.400', '2012-08-19'),
(4889, 111110, '140.590', '2012-08-19'),
(4890, 111112, '28.870', '2012-08-19'),
(4891, 111114, '261.610', '2012-08-19'),
(4892, 111116, '20.910', '2012-08-19'),
(4893, 111118, '56.960', '2012-08-19'),
(4894, 111120, '159.000', '2012-08-19'),
(4895, 111122, '46.770', '2012-08-19'),
(4896, 111124, '43.450', '2012-08-19'),
(4897, 111126, '31.030', '2012-08-19'),
(4898, 111128, '210.380', '2012-08-19'),
(4899, 111130, '73.770', '2012-08-19'),
(4900, 111132, '59.840', '2012-08-19'),
(4901, 111, '1864.900', '2012-08-19'),
(4902, 112140, '206.670', '2012-08-19'),
(4903, 112142, '787.870', '2012-08-19'),
(4904, 112144, '85.080', '2012-08-19'),
(4905, 112146, '379.600', '2012-08-19'),
(4906, 112148, '6.690', '2012-08-19'),
(4907, 112150, '54.160', '2012-08-19'),
(4908, 112152, '268.090', '2012-08-19'),
(4909, 112154, '10.950', '2012-08-19'),
(4910, 112156, '32.390', '2012-08-19'),
(4911, 112158, '200.170', '2012-08-19'),
(4912, 112160, '403.300', '2012-08-19'),
(4913, 112162, '548.760', '2012-08-19'),
(4914, 112164, '94.990', '2012-08-19'),
(4915, 112166, '170.730', '2012-08-19'),
(4916, 112170, '285.080', '2012-08-19'),
(4917, 112172, '116.770', '2012-08-19'),
(4918, 112174, '55.830', '2012-08-19'),
(4919, 112176, '1.940', '2012-08-19'),
(4920, 112178, '370.290', '2012-08-19'),
(4921, 112, '4079.360', '2012-08-19'),
(4922, 11, '5944.260', '2012-08-19'),
(4923, 121200, '743.400', '2012-08-19'),
(4924, 121205, '511.080', '2012-08-19'),
(4925, 121210, '306.370', '2012-08-19'),
(4926, 121220, '435.670', '2012-08-19'),
(4927, 121, '1996.520', '2012-08-19'),
(4928, 122230, '1754.330', '2012-08-19'),
(4929, 122235, '3224.150', '2012-08-19'),
(4930, 122240, '264.620', '2012-08-19'),
(4931, 122245, '3058.960', '2012-08-19'),
(4932, 122250, '1961.870', '2012-08-19'),
(4933, 122, '10263.930', '2012-08-19'),
(4934, 124201, '25.470', '2012-08-19'),
(4935, 124, '25.470', '2012-08-19'),
(4936, 12, '12285.920', '2012-08-19'),
(4937, 131300, '1230.650', '2012-08-19'),
(4938, 131, '1230.650', '2012-08-19'),
(4939, 132310, '2212.520', '2012-08-19'),
(4940, 132, '2212.520', '2012-08-19'),
(4941, 133320, '1130.380', '2012-08-19'),
(4942, 133, '1130.380', '2012-08-19'),
(4943, 134330, '109.120', '2012-08-19'),
(4944, 134, '109.120', '2012-08-19'),
(4945, 13, '4682.670', '2012-08-19'),
(4946, 1, '22912.850', '2012-08-19'),
(4947, 411400, '98.750', '2012-08-19'),
(4948, 411401, '70.430', '2012-08-19'),
(4949, 411402, '14.900', '2012-08-19'),
(4950, 411403, '261.720', '2012-08-19'),
(4951, 411406, '74.600', '2012-08-19'),
(4952, 411, '520.400', '2012-08-19'),
(4953, 412410, '19.450', '2012-08-19'),
(4954, 412411, '417.640', '2012-08-19'),
(4955, 412, '437.090', '2012-08-19'),
(4956, 413414, '39.810', '2012-08-19'),
(4957, 413415, '47.090', '2012-08-19'),
(4958, 413416, '35.710', '2012-08-19'),
(4959, 413417, '37.780', '2012-08-19'),
(4960, 413419, '25.820', '2012-08-19'),
(4961, 413420, '58.730', '2012-08-19'),
(4962, 413421, '10.190', '2012-08-19'),
(4963, 413422, '61.780', '2012-08-19'),
(4964, 413423, '112.490', '2012-08-19'),
(4965, 413424, '87.950', '2012-08-19'),
(4966, 413425, '5.500', '2012-08-19'),
(4967, 413426, '47.520', '2012-08-19'),
(4968, 413427, '71.060', '2012-08-19'),
(4969, 413428, '36.540', '2012-08-19'),
(4970, 413429, '29.650', '2012-08-19'),
(4971, 413430, '5.000', '2012-08-19'),
(4972, 413, '712.620', '2012-08-19'),
(4973, 414433, '524.170', '2012-08-19'),
(4974, 414434, '94.330', '2012-08-19'),
(4975, 414, '618.500', '2012-08-19'),
(4976, 41, '2288.610', '2012-08-19'),
(4977, 422444, '336.920', '2012-08-19'),
(4978, 422446, '77.700', '2012-08-19'),
(4979, 422447, '262.560', '2012-08-19'),
(4980, 422, '677.180', '2012-08-19'),
(4981, 423452, '-49.910', '2012-08-19'),
(4982, 423, '-49.910', '2012-08-19'),
(4983, 424455, '71.200', '2012-08-19'),
(4984, 424456, '101.740', '2012-08-19'),
(4985, 424457, '382.810', '2012-08-19'),
(4986, 424, '555.750', '2012-08-19'),
(4987, 425460, '8.990', '2012-08-19'),
(4988, 425461, '13.050', '2012-08-19'),
(4989, 425462, '15.050', '2012-08-19'),
(4990, 425463, '1.270', '2012-08-19'),
(4991, 425464, '14.500', '2012-08-19'),
(4992, 425465, '24.630', '2012-08-19'),
(4993, 425466, '8.780', '2012-08-19'),
(4994, 425467, '9.750', '2012-08-19'),
(4995, 425468, '1.100', '2012-08-19'),
(4996, 425469, '4.280', '2012-08-19'),
(4997, 425, '101.400', '2012-08-19'),
(4998, 426472, '61.800', '2012-08-19'),
(4999, 426473, '51.040', '2012-08-19'),
(5000, 426478, '6.270', '2012-08-19'),
(5001, 426479, '3.000', '2012-08-19'),
(5002, 426, '122.110', '2012-08-19'),
(5003, 42, '1406.530', '2012-08-19'),
(5004, 431700, '259.000', '2012-08-19'),
(5005, 431703, '408.000', '2012-08-19'),
(5006, 431705, '189.000', '2012-08-19'),
(5007, 431, '856.000', '2012-08-19'),
(5008, 432720, '229.190', '2012-08-19'),
(5009, 432721, '36.800', '2012-08-19'),
(5010, 432722, '79.880', '2012-08-19'),
(5011, 432723, '5.000', '2012-08-19'),
(5012, 432724, '4.990', '2012-08-19'),
(5013, 432, '355.860', '2012-08-19'),
(5014, 434740, '46.240', '2012-08-19'),
(5015, 434741, '1843.000', '2012-08-19'),
(5016, 434742, '69.890', '2012-08-19'),
(5017, 434743, '11.680', '2012-08-19'),
(5018, 434745, '187.280', '2012-08-19'),
(5019, 434, '2158.090', '2012-08-19'),
(5020, 43, '3369.950', '2012-08-19'),
(5021, 441750, '15.000', '2012-08-19'),
(5022, 441752, '5.950', '2012-08-19'),
(5023, 441753, '5.500', '2012-08-19'),
(5024, 441756, '10.800', '2012-08-19'),
(5025, 441757, '7.650', '2012-08-19'),
(5026, 441, '44.900', '2012-08-19'),
(5027, 442762, '48.340', '2012-08-19'),
(5028, 442764, '11.900', '2012-08-19'),
(5029, 442, '60.240', '2012-08-19'),
(5030, 443767, '6.990', '2012-08-19'),
(5031, 443, '6.990', '2012-08-19'),
(5032, 444770, '61.800', '2012-08-19'),
(5033, 444773, '34.890', '2012-08-19'),
(5034, 444775, '169.930', '2012-08-19'),
(5035, 444, '266.620', '2012-08-19'),
(5036, 44, '378.750', '2012-08-19'),
(5037, 4, '7443.840', '2012-08-19'),
(5038, 511500, '964.950', '2012-08-19'),
(5039, 511, '964.950', '2012-08-19'),
(5040, 512503, '964.190', '2012-08-19'),
(5041, 512, '964.190', '2012-08-19'),
(5042, 51, '1929.140', '2012-08-19'),
(5043, 521506, '452.030', '2012-08-19'),
(5044, 521, '452.030', '2012-08-19'),
(5045, 522509, '242.820', '2012-08-19'),
(5046, 522, '242.820', '2012-08-19'),
(5047, 52, '694.850', '2012-08-19'),
(5048, 531512, '799.970', '2012-08-19'),
(5049, 531, '799.970', '2012-08-19'),
(5050, 532515, '1357.590', '2012-08-19'),
(5051, 532517, '174.490', '2012-08-19'),
(5052, 532, '1532.080', '2012-08-19'),
(5053, 53, '2332.050', '2012-08-19'),
(5054, 541520, '733.350', '2012-08-19'),
(5055, 541, '733.350', '2012-08-19'),
(5056, 542523, '810.980', '2012-08-19'),
(5057, 542524, '1477.110', '2012-08-19'),
(5058, 542525, '207.370', '2012-08-19'),
(5059, 542526, '70.620', '2012-08-19'),
(5060, 542527, '117.590', '2012-08-19'),
(5061, 542528, '35.010', '2012-08-19'),
(5062, 542529, '26.920', '2012-08-19'),
(5063, 542530, '623.010', '2012-08-19'),
(5064, 542531, '153.390', '2012-08-19'),
(5065, 542, '3522.000', '2012-08-19'),
(5066, 54, '4255.350', '2012-08-19'),
(5067, 551533, '504.190', '2012-08-19'),
(5068, 551534, '11.660', '2012-08-19'),
(5069, 551, '515.850', '2012-08-19'),
(5070, 552537, '133.470', '2012-08-19'),
(5071, 552538, '87.880', '2012-08-19'),
(5072, 552539, '188.750', '2012-08-19'),
(5073, 552540, '356.800', '2012-08-19'),
(5074, 552541, '3.980', '2012-08-19'),
(5075, 552542, '46.380', '2012-08-19'),
(5076, 552, '817.260', '2012-08-19'),
(5077, 55, '1333.110', '2012-08-19'),
(5078, 561544, '839.130', '2012-08-19'),
(5079, 561545, '116.170', '2012-08-19'),
(5080, 561546, '13.740', '2012-08-19'),
(5081, 561, '969.040', '2012-08-19'),
(5082, 562548, '434.640', '2012-08-19'),
(5083, 562549, '76.620', '2012-08-19'),
(5084, 562, '511.260', '2012-08-19'),
(5085, 565555, '99.760', '2012-08-19'),
(5086, 565, '99.760', '2012-08-19'),
(5087, 566557, '72.090', '2012-08-19'),
(5088, 566, '72.090', '2012-08-19'),
(5089, 567560, '2.580', '2012-08-19'),
(5090, 567, '2.580', '2012-08-19'),
(5091, 56, '1654.730', '2012-08-19'),
(5092, 571563, '149.450', '2012-08-19'),
(5093, 571, '149.450', '2012-08-19'),
(5094, 572566, '558.200', '2012-08-19'),
(5095, 572, '558.200', '2012-08-19'),
(5096, 573569, '2.990', '2012-08-19'),
(5097, 573, '2.990', '2012-08-19'),
(5098, 574572, '17.880', '2012-08-19'),
(5099, 574, '17.880', '2012-08-19'),
(5100, 575575, '75.130', '2012-08-19'),
(5101, 575576, '10.150', '2012-08-19'),
(5102, 575, '85.280', '2012-08-19'),
(5103, 576579, '1070.880', '2012-08-19'),
(5104, 576581, '1.250', '2012-08-19'),
(5105, 576, '1072.130', '2012-08-19'),
(5106, 57, '1885.930', '2012-08-19'),
(5107, 581584, '418.860', '2012-08-19'),
(5108, 581, '418.860', '2012-08-19'),
(5109, 582588, '333.320', '2012-08-19'),
(5110, 582, '333.320', '2012-08-19'),
(5111, 583591, '39.840', '2012-08-19'),
(5112, 583592, '974.300', '2012-08-19'),
(5113, 583, '1014.140', '2012-08-19'),
(5114, 58, '1766.320', '2012-08-19'),
(5115, 5, '15851.480', '2012-08-19'),
(5116, 611600, '24.590', '2012-08-19'),
(5117, 611, '24.590', '2012-08-19'),
(5118, 612601, '14.970', '2012-08-19'),
(5119, 612, '14.970', '2012-08-19'),
(5120, 613602, '7.000', '2012-08-19'),
(5121, 613, '7.000', '2012-08-19'),
(5122, 614603, '34.760', '2012-08-19'),
(5123, 614, '34.760', '2012-08-19'),
(5124, 615604, '36.870', '2012-08-19'),
(5125, 615, '36.870', '2012-08-19'),
(5126, 616605, '153.190', '2012-08-19'),
(5127, 616, '153.190', '2012-08-19'),
(5128, 617606, '3.390', '2012-08-19'),
(5129, 617, '3.390', '2012-08-19'),
(5130, 61, '274.770', '2012-08-19'),
(5131, 621610, '37.460', '2012-08-19'),
(5132, 621611, '38.330', '2012-08-19'),
(5133, 621, '75.790', '2012-08-19'),
(5134, 622612, '61.940', '2012-08-19'),
(5135, 622613, '87.420', '2012-08-19'),
(5136, 622, '149.360', '2012-08-19'),
(5137, 623614, '67.790', '2012-08-19'),
(5138, 623615, '39.970', '2012-08-19'),
(5139, 623, '107.760', '2012-08-19'),
(5140, 624616, '51.630', '2012-08-19'),
(5141, 624, '51.630', '2012-08-19'),
(5142, 625617, '107.740', '2012-08-19'),
(5143, 625, '107.740', '2012-08-19'),
(5144, 626618, '75.290', '2012-08-19'),
(5145, 626, '75.290', '2012-08-19'),
(5146, 62, '567.570', '2012-08-19'),
(5147, 631620, '353.860', '2012-08-19'),
(5148, 631, '353.860', '2012-08-19'),
(5149, 63, '353.860', '2012-08-19'),
(5150, 641630, '196.620', '2012-08-19'),
(5151, 641, '196.620', '2012-08-19'),
(5152, 64, '196.620', '2012-08-19'),
(5153, 6, '1392.820', '2012-08-19'),
(5154, 111100, '263.400', '2012-08-20'),
(5155, 111102, '42.500', '2012-08-20'),
(5156, 111104, '194.230', '2012-08-20'),
(5157, 111106, '389.410', '2012-08-20'),
(5158, 111108, '31.440', '2012-08-20'),
(5159, 111110, '169.300', '2012-08-20'),
(5160, 111112, '29.230', '2012-08-20'),
(5161, 111114, '238.790', '2012-08-20'),
(5162, 111116, '16.830', '2012-08-20'),
(5163, 111118, '73.310', '2012-08-20'),
(5164, 111120, '189.900', '2012-08-20'),
(5165, 111122, '121.470', '2012-08-20'),
(5166, 111124, '33.830', '2012-08-20'),
(5167, 111126, '15.760', '2012-08-20'),
(5168, 111128, '213.960', '2012-08-20'),
(5169, 111130, '69.560', '2012-08-20'),
(5170, 111132, '89.720', '2012-08-20'),
(5171, 111, '2182.640', '2012-08-20'),
(5172, 112140, '143.850', '2012-08-20'),
(5173, 112142, '867.330', '2012-08-20'),
(5174, 112144, '98.690', '2012-08-20'),
(5175, 112146, '484.840', '2012-08-20'),
(5176, 112148, '3.070', '2012-08-20'),
(5177, 112150, '54.520', '2012-08-20'),
(5178, 112152, '272.190', '2012-08-20'),
(5179, 112154, '37.990', '2012-08-20'),
(5180, 112156, '33.210', '2012-08-20'),
(5181, 112158, '221.990', '2012-08-20'),
(5182, 112160, '520.990', '2012-08-20'),
(5183, 112162, '719.060', '2012-08-20'),
(5184, 112164, '98.090', '2012-08-20'),
(5185, 112166, '244.850', '2012-08-20'),
(5186, 112168, '1.980', '2012-08-20'),
(5187, 112170, '362.370', '2012-08-20'),
(5188, 112172, '212.390', '2012-08-20'),
(5189, 112174, '42.010', '2012-08-20'),
(5190, 112176, '4.220', '2012-08-20'),
(5191, 112178, '466.690', '2012-08-20'),
(5192, 112, '4890.330', '2012-08-20'),
(5193, 11, '7072.970', '2012-08-20'),
(5194, 121200, '701.590', '2012-08-20'),
(5195, 121205, '480.110', '2012-08-20'),
(5196, 121210, '311.940', '2012-08-20'),
(5197, 121220, '552.460', '2012-08-20'),
(5198, 121, '2046.100', '2012-08-20'),
(5199, 122230, '1297.340', '2012-08-20'),
(5200, 122235, '2310.880', '2012-08-20'),
(5201, 122240, '429.400', '2012-08-20'),
(5202, 122245, '3404.170', '2012-08-20'),
(5203, 122250, '1285.220', '2012-08-20'),
(5204, 122, '8727.010', '2012-08-20'),
(5205, 12, '10773.110', '2012-08-20'),
(5206, 131300, '1584.890', '2012-08-20'),
(5207, 131, '1584.890', '2012-08-20'),
(5208, 132310, '2681.040', '2012-08-20'),
(5209, 132, '2681.040', '2012-08-20'),
(5210, 133320, '1359.970', '2012-08-20'),
(5211, 133, '1359.970', '2012-08-20'),
(5212, 134330, '77.660', '2012-08-20'),
(5213, 134, '77.660', '2012-08-20'),
(5214, 13, '5703.560', '2012-08-20'),
(5215, 1, '23549.640', '2012-08-20'),
(5216, 411400, '249.130', '2012-08-20'),
(5217, 411401, '100.950', '2012-08-20'),
(5218, 411403, '164.470', '2012-08-20'),
(5219, 411406, '182.800', '2012-08-20'),
(5220, 411, '697.350', '2012-08-20'),
(5221, 412410, '20.450', '2012-08-20'),
(5222, 412411, '388.890', '2012-08-20'),
(5223, 412, '409.340', '2012-08-20'),
(5224, 413414, '162.350', '2012-08-20'),
(5225, 413415, '37.260', '2012-08-20'),
(5226, 413416, '33.080', '2012-08-20'),
(5227, 413417, '17.990', '2012-08-20'),
(5228, 413418, '1.990', '2012-08-20'),
(5229, 413419, '17.690', '2012-08-20'),
(5230, 413420, '35.040', '2012-08-20'),
(5231, 413421, '37.940', '2012-08-20'),
(5232, 413422, '84.040', '2012-08-20'),
(5233, 413423, '68.240', '2012-08-20'),
(5234, 413424, '72.460', '2012-08-20'),
(5235, 413425, '21.300', '2012-08-20'),
(5236, 413426, '50.170', '2012-08-20'),
(5237, 413427, '92.470', '2012-08-20'),
(5238, 413428, '52.390', '2012-08-20'),
(5239, 413429, '25.390', '2012-08-20'),
(5240, 413430, '6.950', '2012-08-20'),
(5241, 413, '816.750', '2012-08-20'),
(5242, 414433, '790.610', '2012-08-20'),
(5243, 414434, '114.660', '2012-08-20'),
(5244, 414, '905.270', '2012-08-20'),
(5245, 41, '2828.710', '2012-08-20'),
(5246, 421441, '31.410', '2012-08-20'),
(5247, 421, '31.410', '2012-08-20'),
(5248, 422444, '309.730', '2012-08-20'),
(5249, 422446, '135.750', '2012-08-20'),
(5250, 422447, '257.290', '2012-08-20'),
(5251, 422, '702.770', '2012-08-20'),
(5252, 423451, '164.000', '2012-08-20'),
(5253, 423452, '47.290', '2012-08-20'),
(5254, 423, '211.290', '2012-08-20'),
(5255, 424455, '9.650', '2012-08-20'),
(5256, 424456, '59.410', '2012-08-20'),
(5257, 424457, '88.480', '2012-08-20'),
(5258, 424, '157.540', '2012-08-20'),
(5259, 425460, '7.200', '2012-08-20'),
(5260, 425461, '18.780', '2012-08-20'),
(5261, 425462, '11.420', '2012-08-20'),
(5262, 425463, '3.900', '2012-08-20'),
(5263, 425464, '24.540', '2012-08-20'),
(5264, 425465, '14.700', '2012-08-20'),
(5265, 425466, '25.740', '2012-08-20'),
(5266, 425467, '12.400', '2012-08-20'),
(5267, 425468, '4.500', '2012-08-20'),
(5268, 425469, '8.200', '2012-08-20'),
(5269, 425, '131.380', '2012-08-20'),
(5270, 426473, '22.900', '2012-08-20'),
(5271, 426475, '9.990', '2012-08-20'),
(5272, 426476, '7.050', '2012-08-20'),
(5273, 426477, '54.560', '2012-08-20'),
(5274, 426478, '9.960', '2012-08-20'),
(5275, 426479, '19.990', '2012-08-20'),
(5276, 426, '124.450', '2012-08-20'),
(5277, 42, '1358.840', '2012-08-20'),
(5278, 431703, '418.000', '2012-08-20'),
(5279, 431704, '478.000', '2012-08-20'),
(5280, 431706, '199.000', '2012-08-20'),
(5281, 431708, '169.000', '2012-08-20'),
(5282, 431, '1264.000', '2012-08-20'),
(5283, 432720, '417.390', '2012-08-20'),
(5284, 432721, '152.680', '2012-08-20'),
(5285, 432722, '333.860', '2012-08-20'),
(5286, 432724, '11.630', '2012-08-20'),
(5287, 432, '915.560', '2012-08-20'),
(5288, 434740, '36.680', '2012-08-20'),
(5289, 434741, '1075.900', '2012-08-20'),
(5290, 434742, '144.900', '2012-08-20'),
(5291, 434743, '54.980', '2012-08-20'),
(5292, 434744, '5.000', '2012-08-20'),
(5293, 434745, '198.650', '2012-08-20'),
(5294, 434, '1516.110', '2012-08-20'),
(5295, 43, '3695.670', '2012-08-20'),
(5296, 441750, '42.600', '2012-08-20'),
(5297, 441752, '19.040', '2012-08-20'),
(5298, 441753, '14.190', '2012-08-20'),
(5299, 441755, '17.900', '2012-08-20'),
(5300, 441756, '9.890', '2012-08-20'),
(5301, 441757, '23.290', '2012-08-20'),
(5302, 441, '126.910', '2012-08-20'),
(5303, 442762, '122.310', '2012-08-20'),
(5304, 442, '122.310', '2012-08-20'),
(5305, 443767, '6.990', '2012-08-20'),
(5306, 443, '6.990', '2012-08-20'),
(5307, 444770, '84.890', '2012-08-20'),
(5308, 444773, '125.230', '2012-08-20'),
(5309, 444775, '34.960', '2012-08-20'),
(5310, 444, '245.080', '2012-08-20'),
(5311, 44, '501.290', '2012-08-20'),
(5312, 4, '8384.510', '2012-08-20'),
(5313, 511500, '829.430', '2012-08-20'),
(5314, 511, '829.430', '2012-08-20'),
(5315, 512503, '748.240', '2012-08-20'),
(5316, 512, '748.240', '2012-08-20'),
(5317, 51, '1577.670', '2012-08-20'),
(5318, 521506, '480.200', '2012-08-20'),
(5319, 521, '480.200', '2012-08-20'),
(5320, 522509, '142.940', '2012-08-20'),
(5321, 522, '142.940', '2012-08-20'),
(5322, 52, '623.140', '2012-08-20'),
(5323, 531512, '919.690', '2012-08-20'),
(5324, 531, '919.690', '2012-08-20'),
(5325, 532515, '1106.090', '2012-08-20'),
(5326, 532517, '56.740', '2012-08-20'),
(5327, 532, '1162.830', '2012-08-20'),
(5328, 53, '2082.520', '2012-08-20'),
(5329, 541520, '508.930', '2012-08-20'),
(5330, 541, '508.930', '2012-08-20'),
(5331, 542523, '1402.140', '2012-08-20'),
(5332, 542524, '1102.250', '2012-08-20'),
(5333, 542525, '252.810', '2012-08-20'),
(5334, 542526, '70.820', '2012-08-20'),
(5335, 542527, '92.620', '2012-08-20'),
(5336, 542528, '53.130', '2012-08-20'),
(5337, 542529, '46.440', '2012-08-20'),
(5338, 542530, '819.130', '2012-08-20'),
(5339, 542531, '117.200', '2012-08-20'),
(5340, 542, '3956.540', '2012-08-20'),
(5341, 54, '4465.470', '2012-08-20'),
(5342, 551533, '414.620', '2012-08-20'),
(5343, 551534, '2.580', '2012-08-20'),
(5344, 551, '417.200', '2012-08-20'),
(5345, 552537, '282.070', '2012-08-20');
INSERT INTO `vendas` (`ve_id`, `ve_fam_id`, `ve_valor`, `ve_date`) VALUES
(5346, 552538, '148.790', '2012-08-20'),
(5347, 552539, '114.430', '2012-08-20'),
(5348, 552540, '443.900', '2012-08-20'),
(5349, 552542, '21.650', '2012-08-20'),
(5350, 552, '1010.840', '2012-08-20'),
(5351, 55, '1428.040', '2012-08-20'),
(5352, 561544, '790.120', '2012-08-20'),
(5353, 561545, '115.040', '2012-08-20'),
(5354, 561546, '13.740', '2012-08-20'),
(5355, 561, '918.900', '2012-08-20'),
(5356, 562548, '402.660', '2012-08-20'),
(5357, 562549, '85.890', '2012-08-20'),
(5358, 562, '488.550', '2012-08-20'),
(5359, 565555, '92.620', '2012-08-20'),
(5360, 565, '92.620', '2012-08-20'),
(5361, 566557, '68.640', '2012-08-20'),
(5362, 566, '68.640', '2012-08-20'),
(5363, 567560, '3.870', '2012-08-20'),
(5364, 567, '3.870', '2012-08-20'),
(5365, 56, '1572.580', '2012-08-20'),
(5366, 571563, '67.390', '2012-08-20'),
(5367, 571, '67.390', '2012-08-20'),
(5368, 572566, '493.280', '2012-08-20'),
(5369, 572, '493.280', '2012-08-20'),
(5370, 573569, '8.970', '2012-08-20'),
(5371, 573, '8.970', '2012-08-20'),
(5372, 574572, '8.160', '2012-08-20'),
(5373, 574, '8.160', '2012-08-20'),
(5374, 575575, '71.000', '2012-08-20'),
(5375, 575576, '2.700', '2012-08-20'),
(5376, 575, '73.700', '2012-08-20'),
(5377, 576579, '679.210', '2012-08-20'),
(5378, 576581, '10.080', '2012-08-20'),
(5379, 576, '689.290', '2012-08-20'),
(5380, 57, '1340.790', '2012-08-20'),
(5381, 581584, '458.410', '2012-08-20'),
(5382, 581, '458.410', '2012-08-20'),
(5383, 582588, '427.280', '2012-08-20'),
(5384, 582, '427.280', '2012-08-20'),
(5385, 583591, '35.860', '2012-08-20'),
(5386, 583592, '470.560', '2012-08-20'),
(5387, 583, '506.420', '2012-08-20'),
(5388, 58, '1392.110', '2012-08-20'),
(5389, 5, '14482.320', '2012-08-20'),
(5390, 611600, '42.380', '2012-08-20'),
(5391, 611, '42.380', '2012-08-20'),
(5392, 612601, '44.750', '2012-08-20'),
(5393, 612, '44.750', '2012-08-20'),
(5394, 613602, '31.200', '2012-08-20'),
(5395, 613, '31.200', '2012-08-20'),
(5396, 614603, '90.800', '2012-08-20'),
(5397, 614, '90.800', '2012-08-20'),
(5398, 615604, '31.990', '2012-08-20'),
(5399, 615, '31.990', '2012-08-20'),
(5400, 616605, '222.680', '2012-08-20'),
(5401, 616, '222.680', '2012-08-20'),
(5402, 61, '463.800', '2012-08-20'),
(5403, 621610, '57.500', '2012-08-20'),
(5404, 621611, '67.150', '2012-08-20'),
(5405, 621, '124.650', '2012-08-20'),
(5406, 622612, '191.900', '2012-08-20'),
(5407, 622613, '220.540', '2012-08-20'),
(5408, 622, '412.440', '2012-08-20'),
(5409, 623614, '77.470', '2012-08-20'),
(5410, 623615, '117.710', '2012-08-20'),
(5411, 623, '195.180', '2012-08-20'),
(5412, 624616, '227.540', '2012-08-20'),
(5413, 624, '227.540', '2012-08-20'),
(5414, 625617, '210.550', '2012-08-20'),
(5415, 625, '210.550', '2012-08-20'),
(5416, 626618, '78.340', '2012-08-20'),
(5417, 626, '78.340', '2012-08-20'),
(5418, 62, '1248.700', '2012-08-20'),
(5419, 631620, '379.280', '2012-08-20'),
(5420, 631, '379.280', '2012-08-20'),
(5421, 63, '379.280', '2012-08-20'),
(5422, 641630, '241.120', '2012-08-20'),
(5423, 641, '241.120', '2012-08-20'),
(5424, 64, '241.120', '2012-08-20'),
(5425, 6, '2332.900', '2012-08-20'),
(5426, 111100, '258.340', '2012-08-21'),
(5427, 111102, '36.000', '2012-08-21'),
(5428, 111104, '105.980', '2012-08-21'),
(5429, 111106, '378.240', '2012-08-21'),
(5430, 111108, '22.680', '2012-08-21'),
(5431, 111110, '139.580', '2012-08-21'),
(5432, 111112, '31.690', '2012-08-21'),
(5433, 111114, '222.320', '2012-08-21'),
(5434, 111116, '21.480', '2012-08-21'),
(5435, 111118, '52.860', '2012-08-21'),
(5436, 111120, '142.990', '2012-08-21'),
(5437, 111122, '61.900', '2012-08-21'),
(5438, 111124, '33.240', '2012-08-21'),
(5439, 111126, '17.920', '2012-08-21'),
(5440, 111128, '179.980', '2012-08-21'),
(5441, 111130, '64.120', '2012-08-21'),
(5442, 111132, '49.670', '2012-08-21'),
(5443, 111, '1818.990', '2012-08-21'),
(5444, 112140, '235.550', '2012-08-21'),
(5445, 112142, '578.660', '2012-08-21'),
(5446, 112144, '55.860', '2012-08-21'),
(5447, 112146, '437.730', '2012-08-21'),
(5448, 112148, '13.480', '2012-08-21'),
(5449, 112150, '46.470', '2012-08-21'),
(5450, 112152, '187.700', '2012-08-21'),
(5451, 112154, '19.300', '2012-08-21'),
(5452, 112156, '57.530', '2012-08-21'),
(5453, 112158, '200.560', '2012-08-21'),
(5454, 112160, '406.420', '2012-08-21'),
(5455, 112162, '617.070', '2012-08-21'),
(5456, 112164, '98.340', '2012-08-21'),
(5457, 112166, '169.090', '2012-08-21'),
(5458, 112168, '0.990', '2012-08-21'),
(5459, 112170, '278.170', '2012-08-21'),
(5460, 112172, '98.870', '2012-08-21'),
(5461, 112174, '25.860', '2012-08-21'),
(5462, 112176, '1.940', '2012-08-21'),
(5463, 112178, '299.990', '2012-08-21'),
(5464, 112, '3829.580', '2012-08-21'),
(5465, 11, '5648.570', '2012-08-21'),
(5466, 121200, '595.460', '2012-08-21'),
(5467, 121205, '370.840', '2012-08-21'),
(5468, 121210, '248.070', '2012-08-21'),
(5469, 121220, '541.800', '2012-08-21'),
(5470, 121, '1756.170', '2012-08-21'),
(5471, 122230, '967.310', '2012-08-21'),
(5472, 122235, '2772.500', '2012-08-21'),
(5473, 122240, '357.170', '2012-08-21'),
(5474, 122245, '3123.450', '2012-08-21'),
(5475, 122250, '1514.830', '2012-08-21'),
(5476, 122, '8735.260', '2012-08-21'),
(5477, 12, '10491.430', '2012-08-21'),
(5478, 131300, '1425.630', '2012-08-21'),
(5479, 131, '1425.630', '2012-08-21'),
(5480, 132310, '2144.530', '2012-08-21'),
(5481, 132, '2144.530', '2012-08-21'),
(5482, 133320, '921.760', '2012-08-21'),
(5483, 133, '921.760', '2012-08-21'),
(5484, 134330, '128.340', '2012-08-21'),
(5485, 134, '128.340', '2012-08-21'),
(5486, 13, '4620.260', '2012-08-21'),
(5487, 1, '20760.260', '2012-08-21'),
(5488, 411400, '190.590', '2012-08-21'),
(5489, 411401, '26.480', '2012-08-21'),
(5490, 411402, '30.000', '2012-08-21'),
(5491, 411403, '125.650', '2012-08-21'),
(5492, 411406, '123.690', '2012-08-21'),
(5493, 411, '496.410', '2012-08-21'),
(5494, 412410, '20.110', '2012-08-21'),
(5495, 412411, '332.380', '2012-08-21'),
(5496, 412, '352.490', '2012-08-21'),
(5497, 413414, '144.290', '2012-08-21'),
(5498, 413415, '62.140', '2012-08-21'),
(5499, 413416, '23.510', '2012-08-21'),
(5500, 413417, '0.840', '2012-08-21'),
(5501, 413418, '1.990', '2012-08-21'),
(5502, 413419, '24.850', '2012-08-21'),
(5503, 413420, '13.390', '2012-08-21'),
(5504, 413421, '23.520', '2012-08-21'),
(5505, 413422, '72.610', '2012-08-21'),
(5506, 413423, '119.790', '2012-08-21'),
(5507, 413424, '98.030', '2012-08-21'),
(5508, 413425, '17.000', '2012-08-21'),
(5509, 413426, '38.100', '2012-08-21'),
(5510, 413427, '73.890', '2012-08-21'),
(5511, 413428, '74.800', '2012-08-21'),
(5512, 413429, '9.000', '2012-08-21'),
(5513, 413, '797.750', '2012-08-21'),
(5514, 414433, '562.660', '2012-08-21'),
(5515, 414434, '114.850', '2012-08-21'),
(5516, 414, '677.510', '2012-08-21'),
(5517, 41, '2324.160', '2012-08-21'),
(5518, 422444, '209.850', '2012-08-21'),
(5519, 422446, '33.900', '2012-08-21'),
(5520, 422447, '46.950', '2012-08-21'),
(5521, 422, '290.700', '2012-08-21'),
(5522, 423451, '79.950', '2012-08-21'),
(5523, 423452, '73.950', '2012-08-21'),
(5524, 423, '153.900', '2012-08-21'),
(5525, 424455, '2.150', '2012-08-21'),
(5526, 424456, '92.990', '2012-08-21'),
(5527, 424457, '56.300', '2012-08-21'),
(5528, 424, '151.440', '2012-08-21'),
(5529, 425460, '11.390', '2012-08-21'),
(5530, 425461, '31.870', '2012-08-21'),
(5531, 425462, '1.290', '2012-08-21'),
(5532, 425463, '3.250', '2012-08-21'),
(5533, 425464, '5.590', '2012-08-21'),
(5534, 425465, '16.270', '2012-08-21'),
(5535, 425466, '8.690', '2012-08-21'),
(5536, 425467, '93.350', '2012-08-21'),
(5537, 425469, '0.690', '2012-08-21'),
(5538, 425, '172.390', '2012-08-21'),
(5539, 426472, '15.900', '2012-08-21'),
(5540, 426473, '50.510', '2012-08-21'),
(5541, 426477, '6.780', '2012-08-21'),
(5542, 426478, '21.520', '2012-08-21'),
(5543, 426, '94.710', '2012-08-21'),
(5544, 42, '863.140', '2012-08-21'),
(5545, 431700, '697.000', '2012-08-21'),
(5546, 431703, '488.000', '2012-08-21'),
(5547, 431706, '44.900', '2012-08-21'),
(5548, 431, '1229.900', '2012-08-21'),
(5549, 432720, '14.900', '2012-08-21'),
(5550, 432721, '93.300', '2012-08-21'),
(5551, 432722, '49.880', '2012-08-21'),
(5552, 432724, '13.790', '2012-08-21'),
(5553, 432, '171.870', '2012-08-21'),
(5554, 434740, '210.600', '2012-08-21'),
(5555, 434741, '428.000', '2012-08-21'),
(5556, 434743, '12.490', '2012-08-21'),
(5557, 434744, '39.900', '2012-08-21'),
(5558, 434745, '305.740', '2012-08-21'),
(5559, 434747, '99.890', '2012-08-21'),
(5560, 434, '1096.620', '2012-08-21'),
(5561, 43, '2498.390', '2012-08-21'),
(5562, 441750, '4.400', '2012-08-21'),
(5563, 441752, '49.800', '2012-08-21'),
(5564, 441753, '26.830', '2012-08-21'),
(5565, 441754, '1.000', '2012-08-21'),
(5566, 441757, '4.990', '2012-08-21'),
(5567, 441758, '26.990', '2012-08-21'),
(5568, 441, '114.010', '2012-08-21'),
(5569, 442762, '67.650', '2012-08-21'),
(5570, 442, '67.650', '2012-08-21'),
(5571, 444770, '191.790', '2012-08-21'),
(5572, 444773, '79.520', '2012-08-21'),
(5573, 444775, '104.910', '2012-08-21'),
(5574, 444, '376.220', '2012-08-21'),
(5575, 44, '557.880', '2012-08-21'),
(5576, 4, '6243.570', '2012-08-21'),
(5577, 511500, '686.640', '2012-08-21'),
(5578, 511, '686.640', '2012-08-21'),
(5579, 512503, '707.330', '2012-08-21'),
(5580, 512, '707.330', '2012-08-21'),
(5581, 51, '1393.970', '2012-08-21'),
(5582, 521506, '612.530', '2012-08-21'),
(5583, 521, '612.530', '2012-08-21'),
(5584, 522509, '63.130', '2012-08-21'),
(5585, 522, '63.130', '2012-08-21'),
(5586, 52, '675.660', '2012-08-21'),
(5587, 531512, '773.160', '2012-08-21'),
(5588, 531, '773.160', '2012-08-21'),
(5589, 532515, '1131.890', '2012-08-21'),
(5590, 532517, '97.690', '2012-08-21'),
(5591, 532, '1229.580', '2012-08-21'),
(5592, 53, '2002.740', '2012-08-21'),
(5593, 541520, '447.480', '2012-08-21'),
(5594, 541, '447.480', '2012-08-21'),
(5595, 542523, '651.490', '2012-08-21'),
(5596, 542524, '949.670', '2012-08-21'),
(5597, 542525, '192.010', '2012-08-21'),
(5598, 542526, '53.090', '2012-08-21'),
(5599, 542527, '123.310', '2012-08-21'),
(5600, 542528, '31.020', '2012-08-21'),
(5601, 542529, '19.330', '2012-08-21'),
(5602, 542530, '447.230', '2012-08-21'),
(5603, 542531, '112.830', '2012-08-21'),
(5604, 542, '2579.980', '2012-08-21'),
(5605, 54, '3027.460', '2012-08-21'),
(5606, 551533, '353.490', '2012-08-21'),
(5607, 551534, '8.370', '2012-08-21'),
(5608, 551535, '4.290', '2012-08-21'),
(5609, 551, '366.150', '2012-08-21'),
(5610, 552537, '205.600', '2012-08-21'),
(5611, 552538, '115.480', '2012-08-21'),
(5612, 552539, '399.540', '2012-08-21'),
(5613, 552540, '306.460', '2012-08-21'),
(5614, 552541, '5.680', '2012-08-21'),
(5615, 552542, '17.930', '2012-08-21'),
(5616, 552, '1050.690', '2012-08-21'),
(5617, 55, '1416.840', '2012-08-21'),
(5618, 561544, '532.340', '2012-08-21'),
(5619, 561545, '87.020', '2012-08-21'),
(5620, 561546, '22.680', '2012-08-21'),
(5621, 561, '642.040', '2012-08-21'),
(5622, 562548, '360.480', '2012-08-21'),
(5623, 562549, '74.540', '2012-08-21'),
(5624, 562, '435.020', '2012-08-21'),
(5625, 565555, '48.700', '2012-08-21'),
(5626, 565, '48.700', '2012-08-21'),
(5627, 566557, '62.690', '2012-08-21'),
(5628, 566, '62.690', '2012-08-21'),
(5629, 567560, '2.580', '2012-08-21'),
(5630, 567, '2.580', '2012-08-21'),
(5631, 56, '1191.030', '2012-08-21'),
(5632, 571563, '93.330', '2012-08-21'),
(5633, 571, '93.330', '2012-08-21'),
(5634, 572566, '457.350', '2012-08-21'),
(5635, 572, '457.350', '2012-08-21'),
(5636, 574572, '26.880', '2012-08-21'),
(5637, 574, '26.880', '2012-08-21'),
(5638, 575575, '67.400', '2012-08-21'),
(5639, 575576, '2.650', '2012-08-21'),
(5640, 575, '70.050', '2012-08-21'),
(5641, 576579, '708.200', '2012-08-21'),
(5642, 576581, '1.250', '2012-08-21'),
(5643, 576, '709.450', '2012-08-21'),
(5644, 57, '1357.060', '2012-08-21'),
(5645, 581584, '992.840', '2012-08-21'),
(5646, 581, '992.840', '2012-08-21'),
(5647, 582588, '372.740', '2012-08-21'),
(5648, 582, '372.740', '2012-08-21'),
(5649, 583591, '73.320', '2012-08-21'),
(5650, 583592, '168.580', '2012-08-21'),
(5651, 583, '241.900', '2012-08-21'),
(5652, 58, '1607.480', '2012-08-21'),
(5653, 5, '12672.240', '2012-08-21'),
(5654, 611600, '24.990', '2012-08-21'),
(5655, 611, '24.990', '2012-08-21'),
(5656, 612601, '12.890', '2012-08-21'),
(5657, 612, '12.890', '2012-08-21'),
(5658, 613602, '49.800', '2012-08-21'),
(5659, 613, '49.800', '2012-08-21'),
(5660, 614603, '26.990', '2012-08-21'),
(5661, 614, '26.990', '2012-08-21'),
(5662, 615604, '29.100', '2012-08-21'),
(5663, 615, '29.100', '2012-08-21'),
(5664, 616605, '208.680', '2012-08-21'),
(5665, 616, '208.680', '2012-08-21'),
(5666, 617606, '9.900', '2012-08-21'),
(5667, 617, '9.900', '2012-08-21'),
(5668, 61, '362.350', '2012-08-21'),
(5669, 621610, '57.990', '2012-08-21'),
(5670, 621611, '30.430', '2012-08-21'),
(5671, 621, '88.420', '2012-08-21'),
(5672, 622612, '97.450', '2012-08-21'),
(5673, 622613, '143.820', '2012-08-21'),
(5674, 622, '241.270', '2012-08-21'),
(5675, 623614, '32.980', '2012-08-21'),
(5676, 623615, '32.880', '2012-08-21'),
(5677, 623, '65.860', '2012-08-21'),
(5678, 624616, '94.840', '2012-08-21'),
(5679, 624, '94.840', '2012-08-21'),
(5680, 625617, '79.290', '2012-08-21'),
(5681, 625, '79.290', '2012-08-21'),
(5682, 626618, '82.790', '2012-08-21'),
(5683, 626, '82.790', '2012-08-21'),
(5684, 62, '652.470', '2012-08-21'),
(5685, 631620, '176.090', '2012-08-21'),
(5686, 631, '176.090', '2012-08-21'),
(5687, 63, '176.090', '2012-08-21'),
(5688, 641630, '181.630', '2012-08-21'),
(5689, 641, '181.630', '2012-08-21'),
(5690, 64, '181.630', '2012-08-21'),
(5691, 6, '1372.540', '2012-08-21'),
(5692, 111100, '208.770', '2012-08-22'),
(5693, 111102, '31.510', '2012-08-22'),
(5694, 111104, '149.780', '2012-08-22'),
(5695, 111106, '546.270', '2012-08-22'),
(5696, 111108, '30.470', '2012-08-22'),
(5697, 111110, '117.060', '2012-08-22'),
(5698, 111112, '26.460', '2012-08-22'),
(5699, 111114, '229.760', '2012-08-22'),
(5700, 111116, '29.540', '2012-08-22'),
(5701, 111118, '62.130', '2012-08-22'),
(5702, 111120, '141.280', '2012-08-22'),
(5703, 111122, '108.560', '2012-08-22'),
(5704, 111124, '67.390', '2012-08-22'),
(5705, 111126, '8.730', '2012-08-22'),
(5706, 111128, '287.110', '2012-08-22'),
(5707, 111130, '131.900', '2012-08-22'),
(5708, 111132, '56.350', '2012-08-22'),
(5709, 111, '2233.070', '2012-08-22'),
(5710, 112140, '137.490', '2012-08-22'),
(5711, 112142, '966.970', '2012-08-22'),
(5712, 112144, '104.790', '2012-08-22'),
(5713, 112146, '431.770', '2012-08-22'),
(5714, 112148, '4.070', '2012-08-22'),
(5715, 112150, '53.310', '2012-08-22'),
(5716, 112152, '246.090', '2012-08-22'),
(5717, 112154, '28.140', '2012-08-22'),
(5718, 112156, '46.040', '2012-08-22'),
(5719, 112158, '197.590', '2012-08-22'),
(5720, 112160, '366.120', '2012-08-22'),
(5721, 112162, '657.710', '2012-08-22'),
(5722, 112164, '151.670', '2012-08-22'),
(5723, 112166, '177.850', '2012-08-22'),
(5724, 112170, '380.320', '2012-08-22'),
(5725, 112172, '160.620', '2012-08-22'),
(5726, 112174, '19.170', '2012-08-22'),
(5727, 112176, '1.940', '2012-08-22'),
(5728, 112178, '399.370', '2012-08-22'),
(5729, 112, '4531.030', '2012-08-22'),
(5730, 11, '6764.100', '2012-08-22'),
(5731, 121200, '544.340', '2012-08-22'),
(5732, 121205, '463.190', '2012-08-22'),
(5733, 121210, '277.500', '2012-08-22'),
(5734, 121220, '469.930', '2012-08-22'),
(5735, 121, '1754.960', '2012-08-22'),
(5736, 122230, '1087.110', '2012-08-22'),
(5737, 122235, '2895.370', '2012-08-22'),
(5738, 122240, '288.890', '2012-08-22'),
(5739, 122245, '5587.990', '2012-08-22'),
(5740, 122250, '1721.430', '2012-08-22'),
(5741, 122, '11580.790', '2012-08-22'),
(5742, 12, '13335.750', '2012-08-22'),
(5743, 131300, '1414.540', '2012-08-22'),
(5744, 131, '1414.540', '2012-08-22'),
(5745, 132310, '1880.730', '2012-08-22'),
(5746, 132, '1880.730', '2012-08-22'),
(5747, 133320, '937.970', '2012-08-22'),
(5748, 133, '937.970', '2012-08-22'),
(5749, 134330, '151.460', '2012-08-22'),
(5750, 134, '151.460', '2012-08-22'),
(5751, 13, '4384.700', '2012-08-22'),
(5752, 1, '24484.550', '2012-08-22'),
(5753, 411400, '166.960', '2012-08-22'),
(5754, 411401, '66.610', '2012-08-22'),
(5755, 411402, '2.500', '2012-08-22'),
(5756, 411403, '173.490', '2012-08-22'),
(5757, 411406, '189.820', '2012-08-22'),
(5758, 411, '599.380', '2012-08-22'),
(5759, 412410, '17.940', '2012-08-22'),
(5760, 412411, '603.190', '2012-08-22'),
(5761, 412, '621.130', '2012-08-22'),
(5762, 413414, '160.180', '2012-08-22'),
(5763, 413415, '84.620', '2012-08-22'),
(5764, 413416, '10.200', '2012-08-22'),
(5765, 413417, '17.300', '2012-08-22'),
(5766, 413419, '19.520', '2012-08-22'),
(5767, 413420, '29.170', '2012-08-22'),
(5768, 413421, '28.670', '2012-08-22'),
(5769, 413422, '81.550', '2012-08-22'),
(5770, 413423, '89.170', '2012-08-22'),
(5771, 413424, '94.910', '2012-08-22'),
(5772, 413425, '30.000', '2012-08-22'),
(5773, 413426, '56.030', '2012-08-22'),
(5774, 413427, '102.190', '2012-08-22'),
(5775, 413428, '25.260', '2012-08-22'),
(5776, 413429, '21.400', '2012-08-22'),
(5777, 413430, '18.500', '2012-08-22'),
(5778, 413, '868.670', '2012-08-22'),
(5779, 414433, '676.500', '2012-08-22'),
(5780, 414434, '164.490', '2012-08-22'),
(5781, 414, '840.990', '2012-08-22'),
(5782, 41, '2930.170', '2012-08-22'),
(5783, 421441, '68.860', '2012-08-22'),
(5784, 421, '68.860', '2012-08-22'),
(5785, 422444, '354.920', '2012-08-22'),
(5786, 422445, '20.000', '2012-08-22'),
(5787, 422446, '267.850', '2012-08-22'),
(5788, 422447, '100.270', '2012-08-22'),
(5789, 422, '743.040', '2012-08-22'),
(5790, 423451, '89.000', '2012-08-22'),
(5791, 423452, '36.830', '2012-08-22'),
(5792, 423, '125.830', '2012-08-22'),
(5793, 424455, '28.350', '2012-08-22'),
(5794, 424456, '105.700', '2012-08-22'),
(5795, 424457, '55.540', '2012-08-22'),
(5796, 424, '189.590', '2012-08-22'),
(5797, 425460, '1.600', '2012-08-22'),
(5798, 425461, '47.340', '2012-08-22'),
(5799, 425462, '12.650', '2012-08-22'),
(5800, 425463, '3.630', '2012-08-22'),
(5801, 425464, '29.740', '2012-08-22'),
(5802, 425465, '62.950', '2012-08-22'),
(5803, 425466, '53.320', '2012-08-22'),
(5804, 425467, '222.510', '2012-08-22'),
(5805, 425468, '3.330', '2012-08-22'),
(5806, 425, '437.070', '2012-08-22'),
(5807, 426472, '159.750', '2012-08-22'),
(5808, 426473, '39.460', '2012-08-22'),
(5809, 426475, '18.360', '2012-08-22'),
(5810, 426477, '4.590', '2012-08-22'),
(5811, 426478, '38.610', '2012-08-22'),
(5812, 426479, '10.620', '2012-08-22'),
(5813, 426, '271.390', '2012-08-22'),
(5814, 42, '1835.780', '2012-08-22'),
(5815, 431703, '458.000', '2012-08-22'),
(5816, 431704, '219.000', '2012-08-22'),
(5817, 431705, '219.000', '2012-08-22'),
(5818, 431706, '413.900', '2012-08-22'),
(5819, 431707, '149.000', '2012-08-22'),
(5820, 431, '1458.900', '2012-08-22'),
(5821, 432720, '439.280', '2012-08-22'),
(5822, 432721, '119.800', '2012-08-22'),
(5823, 432722, '328.780', '2012-08-22'),
(5824, 432723, '34.980', '2012-08-22'),
(5825, 432724, '38.700', '2012-08-22'),
(5826, 432, '961.540', '2012-08-22'),
(5827, 434740, '39.080', '2012-08-22'),
(5828, 434741, '339.000', '2012-08-22'),
(5829, 434742, '29.900', '2012-08-22'),
(5830, 434745, '265.750', '2012-08-22'),
(5831, 434, '673.730', '2012-08-22'),
(5832, 43, '3094.170', '2012-08-22'),
(5833, 441752, '39.790', '2012-08-22'),
(5834, 441753, '39.200', '2012-08-22'),
(5835, 441755, '5.550', '2012-08-22'),
(5836, 441756, '22.570', '2012-08-22'),
(5837, 441757, '2.990', '2012-08-22'),
(5838, 441758, '9.900', '2012-08-22'),
(5839, 441, '120.000', '2012-08-22'),
(5840, 442762, '89.870', '2012-08-22'),
(5841, 442, '89.870', '2012-08-22'),
(5842, 444770, '141.760', '2012-08-22'),
(5843, 444773, '136.640', '2012-08-22'),
(5844, 444775, '69.970', '2012-08-22'),
(5845, 444, '348.370', '2012-08-22'),
(5846, 44, '558.240', '2012-08-22'),
(5847, 4, '8418.360', '2012-08-22'),
(5848, 511500, '583.020', '2012-08-22'),
(5849, 511, '583.020', '2012-08-22'),
(5850, 512503, '902.850', '2012-08-22'),
(5851, 512, '902.850', '2012-08-22'),
(5852, 51, '1485.870', '2012-08-22'),
(5853, 521506, '569.730', '2012-08-22'),
(5854, 521, '569.730', '2012-08-22'),
(5855, 522509, '66.360', '2012-08-22'),
(5856, 522, '66.360', '2012-08-22'),
(5857, 52, '636.090', '2012-08-22'),
(5858, 531512, '867.060', '2012-08-22'),
(5859, 531, '867.060', '2012-08-22'),
(5860, 532515, '1331.040', '2012-08-22'),
(5861, 532517, '82.360', '2012-08-22'),
(5862, 532, '1413.400', '2012-08-22'),
(5863, 53, '2280.460', '2012-08-22'),
(5864, 541520, '521.170', '2012-08-22'),
(5865, 541, '521.170', '2012-08-22'),
(5866, 542523, '791.890', '2012-08-22'),
(5867, 542524, '945.890', '2012-08-22'),
(5868, 542525, '231.280', '2012-08-22'),
(5869, 542526, '86.130', '2012-08-22'),
(5870, 542527, '92.970', '2012-08-22'),
(5871, 542528, '49.180', '2012-08-22'),
(5872, 542529, '33.790', '2012-08-22'),
(5873, 542530, '663.550', '2012-08-22'),
(5874, 542531, '198.490', '2012-08-22'),
(5875, 542, '3093.170', '2012-08-22'),
(5876, 54, '3614.340', '2012-08-22'),
(5877, 551533, '267.190', '2012-08-22'),
(5878, 551, '267.190', '2012-08-22'),
(5879, 552537, '176.850', '2012-08-22'),
(5880, 552538, '111.830', '2012-08-22'),
(5881, 552539, '202.870', '2012-08-22'),
(5882, 552540, '274.750', '2012-08-22'),
(5883, 552541, '3.690', '2012-08-22'),
(5884, 552542, '18.900', '2012-08-22'),
(5885, 552, '788.890', '2012-08-22'),
(5886, 55, '1056.080', '2012-08-22'),
(5887, 561544, '541.300', '2012-08-22'),
(5888, 561545, '134.520', '2012-08-22'),
(5889, 561, '675.820', '2012-08-22'),
(5890, 562548, '245.520', '2012-08-22'),
(5891, 562549, '48.370', '2012-08-22'),
(5892, 562, '293.890', '2012-08-22'),
(5893, 565555, '54.820', '2012-08-22'),
(5894, 565, '54.820', '2012-08-22'),
(5895, 566557, '59.440', '2012-08-22'),
(5896, 566, '59.440', '2012-08-22'),
(5897, 567560, '1.290', '2012-08-22'),
(5898, 567, '1.290', '2012-08-22'),
(5899, 56, '1085.260', '2012-08-22'),
(5900, 571563, '47.950', '2012-08-22'),
(5901, 571, '47.950', '2012-08-22'),
(5902, 572566, '463.260', '2012-08-22'),
(5903, 572, '463.260', '2012-08-22'),
(5904, 573569, '2.990', '2012-08-22'),
(5905, 573, '2.990', '2012-08-22'),
(5906, 574572, '25.260', '2012-08-22'),
(5907, 574, '25.260', '2012-08-22'),
(5908, 575575, '43.380', '2012-08-22'),
(5909, 575576, '9.400', '2012-08-22'),
(5910, 575, '52.780', '2012-08-22'),
(5911, 576579, '761.730', '2012-08-22'),
(5912, 576581, '26.290', '2012-08-22'),
(5913, 576, '788.020', '2012-08-22'),
(5914, 57, '1380.260', '2012-08-22'),
(5915, 581584, '621.620', '2012-08-22'),
(5916, 581, '621.620', '2012-08-22'),
(5917, 582588, '516.340', '2012-08-22'),
(5918, 582, '516.340', '2012-08-22'),
(5919, 583591, '74.490', '2012-08-22'),
(5920, 583592, '1581.890', '2012-08-22'),
(5921, 583, '1656.380', '2012-08-22'),
(5922, 58, '2794.340', '2012-08-22'),
(5923, 5, '14332.700', '2012-08-22'),
(5924, 611600, '31.900', '2012-08-22'),
(5925, 611, '31.900', '2012-08-22'),
(5926, 612601, '43.730', '2012-08-22'),
(5927, 612, '43.730', '2012-08-22'),
(5928, 613602, '18.400', '2012-08-22'),
(5929, 613, '18.400', '2012-08-22'),
(5930, 614603, '12.990', '2012-08-22'),
(5931, 614, '12.990', '2012-08-22'),
(5932, 615604, '100.590', '2012-08-22'),
(5933, 615, '100.590', '2012-08-22'),
(5934, 616605, '179.220', '2012-08-22'),
(5935, 616, '179.220', '2012-08-22'),
(5936, 61, '386.830', '2012-08-22'),
(5937, 621610, '36.290', '2012-08-22'),
(5938, 621611, '45.750', '2012-08-22'),
(5939, 621, '82.040', '2012-08-22'),
(5940, 622612, '208.560', '2012-08-22'),
(5941, 622613, '202.740', '2012-08-22'),
(5942, 622, '411.300', '2012-08-22'),
(5943, 623614, '65.500', '2012-08-22'),
(5944, 623615, '52.490', '2012-08-22'),
(5945, 623, '117.990', '2012-08-22'),
(5946, 624616, '47.130', '2012-08-22'),
(5947, 624, '47.130', '2012-08-22'),
(5948, 625617, '54.850', '2012-08-22'),
(5949, 625, '54.850', '2012-08-22'),
(5950, 626618, '18.380', '2012-08-22'),
(5951, 626, '18.380', '2012-08-22'),
(5952, 62, '731.690', '2012-08-22'),
(5953, 631620, '207.650', '2012-08-22'),
(5954, 631, '207.650', '2012-08-22'),
(5955, 63, '207.650', '2012-08-22'),
(5956, 641630, '162.060', '2012-08-22'),
(5957, 641, '162.060', '2012-08-22'),
(5958, 64, '162.060', '2012-08-22'),
(5959, 6, '1488.230', '2012-08-22'),
(5960, 111100, '234.610', '2012-08-23'),
(5961, 111102, '27.680', '2012-08-23'),
(5962, 111104, '112.230', '2012-08-23'),
(5963, 111106, '386.170', '2012-08-23'),
(5964, 111108, '26.250', '2012-08-23'),
(5965, 111110, '118.760', '2012-08-23'),
(5966, 111112, '15.200', '2012-08-23'),
(5967, 111114, '197.880', '2012-08-23'),
(5968, 111116, '16.940', '2012-08-23'),
(5969, 111118, '44.880', '2012-08-23'),
(5970, 111120, '138.300', '2012-08-23'),
(5971, 111122, '79.620', '2012-08-23'),
(5972, 111124, '42.470', '2012-08-23'),
(5973, 111126, '6.030', '2012-08-23'),
(5974, 111128, '192.810', '2012-08-23'),
(5975, 111130, '58.080', '2012-08-23'),
(5976, 111132, '87.400', '2012-08-23'),
(5977, 111, '1785.310', '2012-08-23'),
(5978, 112140, '184.340', '2012-08-23'),
(5979, 112142, '624.060', '2012-08-23'),
(5980, 112144, '61.830', '2012-08-23'),
(5981, 112146, '367.190', '2012-08-23'),
(5982, 112148, '3.430', '2012-08-23'),
(5983, 112150, '20.070', '2012-08-23'),
(5984, 112152, '239.870', '2012-08-23'),
(5985, 112154, '23.960', '2012-08-23'),
(5986, 112156, '33.250', '2012-08-23'),
(5987, 112158, '141.830', '2012-08-23'),
(5988, 112160, '381.430', '2012-08-23'),
(5989, 112162, '585.210', '2012-08-23'),
(5990, 112164, '100.490', '2012-08-23'),
(5991, 112166, '220.680', '2012-08-23'),
(5992, 112170, '350.170', '2012-08-23'),
(5993, 112172, '137.090', '2012-08-23'),
(5994, 112174, '24.880', '2012-08-23'),
(5995, 112176, '0.970', '2012-08-23'),
(5996, 112178, '367.250', '2012-08-23'),
(5997, 112, '3868.000', '2012-08-23'),
(5998, 11, '5653.310', '2012-08-23'),
(5999, 121200, '556.200', '2012-08-23'),
(6000, 121205, '415.290', '2012-08-23'),
(6001, 121210, '233.320', '2012-08-23'),
(6002, 121220, '399.520', '2012-08-23'),
(6003, 121, '1604.330', '2012-08-23'),
(6004, 122230, '684.010', '2012-08-23'),
(6005, 122235, '2434.400', '2012-08-23'),
(6006, 122240, '171.950', '2012-08-23'),
(6007, 122245, '4151.000', '2012-08-23'),
(6008, 122250, '1798.280', '2012-08-23'),
(6009, 122, '9239.640', '2012-08-23'),
(6010, 12, '10843.970', '2012-08-23'),
(6011, 131300, '1280.070', '2012-08-23'),
(6012, 131, '1280.070', '2012-08-23'),
(6013, 132310, '1693.350', '2012-08-23'),
(6014, 132, '1693.350', '2012-08-23'),
(6015, 133320, '1050.530', '2012-08-23'),
(6016, 133, '1050.530', '2012-08-23'),
(6017, 134330, '73.800', '2012-08-23'),
(6018, 134, '73.800', '2012-08-23'),
(6019, 13, '4097.750', '2012-08-23'),
(6020, 1, '20595.030', '2012-08-23'),
(6021, 411400, '275.190', '2012-08-23'),
(6022, 411401, '116.610', '2012-08-23'),
(6023, 411402, '2.500', '2012-08-23'),
(6024, 411403, '204.080', '2012-08-23'),
(6025, 411405, '2.390', '2012-08-23'),
(6026, 411406, '162.220', '2012-08-23'),
(6027, 411407, '1.590', '2012-08-23'),
(6028, 411, '764.580', '2012-08-23'),
(6029, 412410, '14.950', '2012-08-23'),
(6030, 412411, '494.240', '2012-08-23'),
(6031, 412, '509.190', '2012-08-23'),
(6032, 413414, '67.080', '2012-08-23'),
(6033, 413415, '36.010', '2012-08-23'),
(6034, 413416, '5.160', '2012-08-23'),
(6035, 413417, '18.500', '2012-08-23'),
(6036, 413419, '7.750', '2012-08-23'),
(6037, 413420, '61.110', '2012-08-23'),
(6038, 413421, '54.870', '2012-08-23'),
(6039, 413422, '92.650', '2012-08-23'),
(6040, 413423, '67.720', '2012-08-23'),
(6041, 413424, '68.230', '2012-08-23'),
(6042, 413426, '36.830', '2012-08-23'),
(6043, 413427, '44.110', '2012-08-23'),
(6044, 413428, '56.260', '2012-08-23'),
(6045, 413429, '9.800', '2012-08-23'),
(6046, 413, '626.080', '2012-08-23'),
(6047, 414433, '380.460', '2012-08-23'),
(6048, 414434, '114.870', '2012-08-23'),
(6049, 414, '495.330', '2012-08-23'),
(6050, 41, '2395.180', '2012-08-23'),
(6051, 421441, '27.000', '2012-08-23'),
(6052, 421, '27.000', '2012-08-23'),
(6053, 422444, '366.730', '2012-08-23'),
(6054, 422445, '9.900', '2012-08-23'),
(6055, 422446, '142.100', '2012-08-23'),
(6056, 422447, '110.680', '2012-08-23'),
(6057, 422, '629.410', '2012-08-23'),
(6058, 423452, '47.700', '2012-08-23'),
(6059, 423, '47.700', '2012-08-23'),
(6060, 424455, '4.500', '2012-08-23'),
(6061, 424456, '89.900', '2012-08-23'),
(6062, 424457, '100.950', '2012-08-23'),
(6063, 424, '195.350', '2012-08-23'),
(6064, 425460, '4.690', '2012-08-23'),
(6065, 425461, '60.500', '2012-08-23'),
(6066, 425462, '20.110', '2012-08-23'),
(6067, 425463, '15.870', '2012-08-23'),
(6068, 425464, '46.120', '2012-08-23'),
(6069, 425465, '142.340', '2012-08-23'),
(6070, 425466, '97.420', '2012-08-23'),
(6071, 425467, '188.960', '2012-08-23'),
(6072, 425469, '5.300', '2012-08-23'),
(6073, 425, '581.310', '2012-08-23'),
(6074, 426472, '19.000', '2012-08-23'),
(6075, 426473, '13.300', '2012-08-23'),
(6076, 426475, '9.990', '2012-08-23'),
(6077, 426477, '20.770', '2012-08-23'),
(6078, 426478, '11.660', '2012-08-23'),
(6079, 426479, '5.310', '2012-08-23'),
(6080, 426, '80.030', '2012-08-23'),
(6081, 42, '1560.800', '2012-08-23'),
(6082, 431700, '249.000', '2012-08-23'),
(6083, 431701, '149.900', '2012-08-23'),
(6084, 431706, '14.900', '2012-08-23'),
(6085, 431707, '159.000', '2012-08-23'),
(6086, 431, '572.800', '2012-08-23'),
(6087, 432720, '295.100', '2012-08-23'),
(6088, 432721, '48.800', '2012-08-23'),
(6089, 432722, '133.860', '2012-08-23'),
(6090, 432724, '29.180', '2012-08-23'),
(6091, 432, '506.940', '2012-08-23'),
(6092, 434740, '222.840', '2012-08-23'),
(6093, 434742, '50.000', '2012-08-23'),
(6094, 434744, '9.990', '2012-08-23'),
(6095, 434745, '117.240', '2012-08-23'),
(6096, 434, '400.070', '2012-08-23'),
(6097, 43, '1479.810', '2012-08-23'),
(6098, 441750, '7.500', '2012-08-23'),
(6099, 441752, '107.700', '2012-08-23'),
(6100, 441753, '31.290', '2012-08-23'),
(6101, 441754, '2.000', '2012-08-23'),
(6102, 441755, '38.650', '2012-08-23'),
(6103, 441756, '12.020', '2012-08-23'),
(6104, 441757, '6.000', '2012-08-23'),
(6105, 441, '205.160', '2012-08-23'),
(6106, 442762, '89.860', '2012-08-23'),
(6107, 442764, '9.980', '2012-08-23'),
(6108, 442, '99.840', '2012-08-23'),
(6109, 443767, '13.980', '2012-08-23'),
(6110, 443, '13.980', '2012-08-23'),
(6111, 444770, '457.860', '2012-08-23'),
(6112, 444773, '136.030', '2012-08-23'),
(6113, 444775, '24.980', '2012-08-23'),
(6114, 444, '618.870', '2012-08-23'),
(6115, 44, '937.850', '2012-08-23'),
(6116, 4, '6373.640', '2012-08-23'),
(6117, 511500, '530.380', '2012-08-23'),
(6118, 511, '530.380', '2012-08-23'),
(6119, 512503, '671.660', '2012-08-23'),
(6120, 512, '671.660', '2012-08-23'),
(6121, 51, '1202.040', '2012-08-23'),
(6122, 521506, '470.080', '2012-08-23'),
(6123, 521, '470.080', '2012-08-23'),
(6124, 522509, '40.240', '2012-08-23'),
(6125, 522, '40.240', '2012-08-23'),
(6126, 52, '510.320', '2012-08-23'),
(6127, 531512, '803.900', '2012-08-23'),
(6128, 531, '803.900', '2012-08-23'),
(6129, 532515, '1031.080', '2012-08-23'),
(6130, 532516, '36.880', '2012-08-23'),
(6131, 532517, '82.460', '2012-08-23'),
(6132, 532, '1150.420', '2012-08-23'),
(6133, 53, '1954.320', '2012-08-23'),
(6134, 541520, '510.820', '2012-08-23'),
(6135, 541, '510.820', '2012-08-23'),
(6136, 542523, '997.280', '2012-08-23'),
(6137, 542524, '782.500', '2012-08-23'),
(6138, 542525, '198.640', '2012-08-23'),
(6139, 542526, '39.890', '2012-08-23'),
(6140, 542527, '89.560', '2012-08-23'),
(6141, 542528, '36.750', '2012-08-23'),
(6142, 542529, '42.990', '2012-08-23'),
(6143, 542530, '561.040', '2012-08-23'),
(6144, 542531, '125.030', '2012-08-23'),
(6145, 542, '2873.680', '2012-08-23'),
(6146, 54, '3384.500', '2012-08-23'),
(6147, 551533, '262.410', '2012-08-23'),
(6148, 551534, '3.870', '2012-08-23'),
(6149, 551, '266.280', '2012-08-23'),
(6150, 552537, '270.010', '2012-08-23'),
(6151, 552538, '96.260', '2012-08-23'),
(6152, 552539, '113.140', '2012-08-23'),
(6153, 552540, '321.300', '2012-08-23'),
(6154, 552541, '3.690', '2012-08-23'),
(6155, 552542, '16.160', '2012-08-23'),
(6156, 552, '820.560', '2012-08-23'),
(6157, 55, '1086.840', '2012-08-23'),
(6158, 561544, '422.090', '2012-08-23'),
(6159, 561545, '88.440', '2012-08-23'),
(6160, 561546, '4.500', '2012-08-23'),
(6161, 561, '515.030', '2012-08-23'),
(6162, 562548, '268.090', '2012-08-23'),
(6163, 562549, '39.520', '2012-08-23'),
(6164, 562, '307.610', '2012-08-23'),
(6165, 563551, '2.430', '2012-08-23'),
(6166, 563, '2.430', '2012-08-23'),
(6167, 565555, '49.640', '2012-08-23'),
(6168, 565, '49.640', '2012-08-23'),
(6169, 566557, '37.680', '2012-08-23'),
(6170, 566, '37.680', '2012-08-23'),
(6171, 56, '912.390', '2012-08-23'),
(6172, 571563, '59.990', '2012-08-23'),
(6173, 571, '59.990', '2012-08-23'),
(6174, 572566, '655.810', '2012-08-23'),
(6175, 572, '655.810', '2012-08-23'),
(6176, 573569, '5.980', '2012-08-23'),
(6177, 573, '5.980', '2012-08-23'),
(6178, 574572, '40.990', '2012-08-23'),
(6179, 574, '40.990', '2012-08-23'),
(6180, 575575, '61.910', '2012-08-23'),
(6181, 575576, '1.700', '2012-08-23'),
(6182, 575, '63.610', '2012-08-23'),
(6183, 576579, '604.850', '2012-08-23'),
(6184, 576581, '34.730', '2012-08-23'),
(6185, 576, '639.580', '2012-08-23'),
(6186, 57, '1465.960', '2012-08-23'),
(6187, 581584, '586.260', '2012-08-23'),
(6188, 581, '586.260', '2012-08-23'),
(6189, 582588, '278.280', '2012-08-23'),
(6190, 582, '278.280', '2012-08-23'),
(6191, 583591, '81.910', '2012-08-23'),
(6192, 583592, '1199.490', '2012-08-23'),
(6193, 583, '1281.400', '2012-08-23'),
(6194, 58, '2145.940', '2012-08-23'),
(6195, 5, '12662.310', '2012-08-23'),
(6196, 611600, '8.480', '2012-08-23'),
(6197, 611, '8.480', '2012-08-23'),
(6198, 612601, '50.620', '2012-08-23'),
(6199, 612, '50.620', '2012-08-23'),
(6200, 613602, '42.600', '2012-08-23'),
(6201, 613, '42.600', '2012-08-23'),
(6202, 614603, '55.040', '2012-08-23'),
(6203, 614, '55.040', '2012-08-23'),
(6204, 615604, '30.290', '2012-08-23'),
(6205, 615, '30.290', '2012-08-23'),
(6206, 616605, '183.810', '2012-08-23'),
(6207, 616, '183.810', '2012-08-23'),
(6208, 617606, '6.870', '2012-08-23'),
(6209, 617, '6.870', '2012-08-23'),
(6210, 61, '377.710', '2012-08-23'),
(6211, 621610, '16.900', '2012-08-23'),
(6212, 621611, '54.710', '2012-08-23'),
(6213, 621, '71.610', '2012-08-23'),
(6214, 622612, '165.880', '2012-08-23'),
(6215, 622613, '164.340', '2012-08-23'),
(6216, 622, '330.220', '2012-08-23'),
(6217, 623614, '58.980', '2012-08-23'),
(6218, 623615, '20.990', '2012-08-23'),
(6219, 623, '79.970', '2012-08-23'),
(6220, 624616, '176.730', '2012-08-23'),
(6221, 624, '176.730', '2012-08-23'),
(6222, 625617, '99.650', '2012-08-23'),
(6223, 625, '99.650', '2012-08-23'),
(6224, 626618, '29.980', '2012-08-23'),
(6225, 626, '29.980', '2012-08-23'),
(6226, 62, '788.160', '2012-08-23'),
(6227, 631620, '270.970', '2012-08-23'),
(6228, 631, '270.970', '2012-08-23'),
(6229, 63, '270.970', '2012-08-23'),
(6230, 641630, '346.780', '2012-08-23'),
(6231, 641, '346.780', '2012-08-23'),
(6232, 64, '346.780', '2012-08-23'),
(6233, 6, '1783.620', '2012-08-23'),
(6234, 111100, '308.990', '2012-08-24'),
(6235, 111102, '34.580', '2012-08-24'),
(6236, 111104, '134.860', '2012-08-24'),
(6237, 111106, '421.260', '2012-08-24'),
(6238, 111108, '35.120', '2012-08-24'),
(6239, 111110, '119.000', '2012-08-24'),
(6240, 111112, '25.040', '2012-08-24'),
(6241, 111114, '247.160', '2012-08-24'),
(6242, 111116, '17.590', '2012-08-24'),
(6243, 111118, '93.680', '2012-08-24'),
(6244, 111120, '161.920', '2012-08-24'),
(6245, 111122, '77.980', '2012-08-24'),
(6246, 111124, '45.690', '2012-08-24'),
(6247, 111126, '19.310', '2012-08-24'),
(6248, 111128, '251.700', '2012-08-24'),
(6249, 111130, '79.080', '2012-08-24'),
(6250, 111132, '44.890', '2012-08-24'),
(6251, 111, '2117.850', '2012-08-24'),
(6252, 112140, '185.260', '2012-08-24'),
(6253, 112142, '912.730', '2012-08-24'),
(6254, 112144, '110.250', '2012-08-24'),
(6255, 112146, '301.540', '2012-08-24'),
(6256, 112148, '9.640', '2012-08-24'),
(6257, 112150, '35.010', '2012-08-24'),
(6258, 112152, '284.790', '2012-08-24'),
(6259, 112154, '13.260', '2012-08-24'),
(6260, 112156, '42.780', '2012-08-24'),
(6261, 112158, '193.000', '2012-08-24'),
(6262, 112160, '507.360', '2012-08-24'),
(6263, 112162, '699.230', '2012-08-24'),
(6264, 112164, '122.960', '2012-08-24'),
(6265, 112166, '283.300', '2012-08-24'),
(6266, 112170, '331.290', '2012-08-24'),
(6267, 112172, '131.280', '2012-08-24'),
(6268, 112174, '24.980', '2012-08-24'),
(6269, 112178, '335.100', '2012-08-24'),
(6270, 112, '4523.760', '2012-08-24'),
(6271, 11, '6641.610', '2012-08-24'),
(6272, 121200, '490.980', '2012-08-24'),
(6273, 121205, '498.380', '2012-08-24'),
(6274, 121210, '194.290', '2012-08-24'),
(6275, 121220, '298.220', '2012-08-24'),
(6276, 121, '1481.870', '2012-08-24'),
(6277, 122230, '632.860', '2012-08-24'),
(6278, 122235, '2669.000', '2012-08-24'),
(6279, 122240, '278.780', '2012-08-24'),
(6280, 122245, '4212.100', '2012-08-24'),
(6281, 122250, '1539.120', '2012-08-24'),
(6282, 122, '9331.860', '2012-08-24'),
(6283, 124201, '11.990', '2012-08-24'),
(6284, 124, '11.990', '2012-08-24'),
(6285, 12, '10825.720', '2012-08-24'),
(6286, 131300, '1562.910', '2012-08-24'),
(6287, 131, '1562.910', '2012-08-24'),
(6288, 132310, '1938.690', '2012-08-24'),
(6289, 132, '1938.690', '2012-08-24'),
(6290, 133320, '1174.860', '2012-08-24'),
(6291, 133, '1174.860', '2012-08-24'),
(6292, 134330, '89.690', '2012-08-24'),
(6293, 134, '89.690', '2012-08-24'),
(6294, 13, '4766.150', '2012-08-24'),
(6295, 1, '22233.480', '2012-08-24'),
(6296, 411400, '366.710', '2012-08-24'),
(6297, 411401, '87.570', '2012-08-24'),
(6298, 411402, '1.150', '2012-08-24'),
(6299, 411403, '263.810', '2012-08-24'),
(6300, 411405, '2.390', '2012-08-24'),
(6301, 411406, '149.230', '2012-08-24'),
(6302, 411, '870.860', '2012-08-24'),
(6303, 412410, '11.960', '2012-08-24'),
(6304, 412411, '554.030', '2012-08-24'),
(6305, 412, '565.990', '2012-08-24'),
(6306, 413414, '48.610', '2012-08-24'),
(6307, 413415, '63.880', '2012-08-24'),
(6308, 413416, '21.650', '2012-08-24'),
(6309, 413417, '35.100', '2012-08-24'),
(6310, 413418, '9.000', '2012-08-24'),
(6311, 413419, '16.640', '2012-08-24'),
(6312, 413420, '77.890', '2012-08-24'),
(6313, 413421, '37.470', '2012-08-24'),
(6314, 413422, '70.660', '2012-08-24'),
(6315, 413423, '135.520', '2012-08-24'),
(6316, 413424, '60.320', '2012-08-24'),
(6317, 413425, '45.200', '2012-08-24'),
(6318, 413426, '87.300', '2012-08-24'),
(6319, 413427, '63.310', '2012-08-24'),
(6320, 413428, '42.610', '2012-08-24'),
(6321, 413429, '20.700', '2012-08-24'),
(6322, 413, '835.860', '2012-08-24'),
(6323, 414433, '567.860', '2012-08-24'),
(6324, 414434, '121.480', '2012-08-24'),
(6325, 414, '689.340', '2012-08-24'),
(6326, 41, '2962.050', '2012-08-24'),
(6327, 421440, '12.900', '2012-08-24'),
(6328, 421441, '60.800', '2012-08-24'),
(6329, 421, '73.700', '2012-08-24'),
(6330, 422444, '100.640', '2012-08-24'),
(6331, 422446, '149.160', '2012-08-24'),
(6332, 422447, '5.000', '2012-08-24'),
(6333, 422, '254.800', '2012-08-24'),
(6334, 423452, '43.750', '2012-08-24'),
(6335, 423, '43.750', '2012-08-24'),
(6336, 424455, '3.150', '2012-08-24'),
(6337, 424456, '130.380', '2012-08-24'),
(6338, 424457, '27.390', '2012-08-24'),
(6339, 424, '160.920', '2012-08-24'),
(6340, 425460, '18.600', '2012-08-24'),
(6341, 425461, '93.640', '2012-08-24'),
(6342, 425462, '20.750', '2012-08-24'),
(6343, 425463, '22.340', '2012-08-24'),
(6344, 425464, '63.620', '2012-08-24'),
(6345, 425465, '117.110', '2012-08-24'),
(6346, 425466, '47.370', '2012-08-24'),
(6347, 425467, '122.400', '2012-08-24'),
(6348, 425468, '8.000', '2012-08-24'),
(6349, 425, '513.830', '2012-08-24'),
(6350, 426472, '72.720', '2012-08-24'),
(6351, 426473, '2.700', '2012-08-24'),
(6352, 426475, '3.970', '2012-08-24'),
(6353, 426477, '51.610', '2012-08-24'),
(6354, 426478, '6.770', '2012-08-24'),
(6355, 426479, '70.260', '2012-08-24'),
(6356, 426, '208.030', '2012-08-24'),
(6357, 42, '1255.030', '2012-08-24'),
(6358, 431701, '-149.890', '2012-08-24'),
(6359, 431, '-149.890', '2012-08-24'),
(6360, 432720, '648.890', '2012-08-24'),
(6361, 432721, '92.780', '2012-08-24'),
(6362, 432722, '368.030', '2012-08-24'),
(6363, 432723, '4.990', '2012-08-24'),
(6364, 432724, '9.990', '2012-08-24'),
(6365, 432, '1124.680', '2012-08-24'),
(6366, 434740, '268.980', '2012-08-24'),
(6367, 434741, '1395.890', '2012-08-24'),
(6368, 434743, '9.570', '2012-08-24'),
(6369, 434744, '1.990', '2012-08-24'),
(6370, 434745, '477.490', '2012-08-24'),
(6371, 434746, '9.500', '2012-08-24'),
(6372, 434, '2163.420', '2012-08-24'),
(6373, 43, '3138.210', '2012-08-24'),
(6374, 441750, '7.500', '2012-08-24'),
(6375, 441752, '25.000', '2012-08-24'),
(6376, 441753, '45.870', '2012-08-24'),
(6377, 441755, '12.950', '2012-08-24'),
(6378, 441756, '9.800', '2012-08-24'),
(6379, 441757, '11.290', '2012-08-24'),
(6380, 441758, '14.540', '2012-08-24'),
(6381, 441, '126.950', '2012-08-24'),
(6382, 442762, '72.830', '2012-08-24'),
(6383, 442764, '4.990', '2012-08-24'),
(6384, 442, '77.820', '2012-08-24'),
(6385, 443767, '36.960', '2012-08-24'),
(6386, 443768, '9.990', '2012-08-24'),
(6387, 443, '46.950', '2012-08-24'),
(6388, 444770, '882.660', '2012-08-24'),
(6389, 444773, '137.410', '2012-08-24'),
(6390, 444775, '93.950', '2012-08-24'),
(6391, 444, '1114.020', '2012-08-24'),
(6392, 44, '1365.740', '2012-08-24'),
(6393, 4, '8721.030', '2012-08-24'),
(6394, 511500, '726.660', '2012-08-24'),
(6395, 511, '726.660', '2012-08-24'),
(6396, 512503, '786.010', '2012-08-24'),
(6397, 512, '786.010', '2012-08-24'),
(6398, 51, '1512.670', '2012-08-24'),
(6399, 521506, '749.550', '2012-08-24'),
(6400, 521, '749.550', '2012-08-24'),
(6401, 522509, '94.460', '2012-08-24'),
(6402, 522, '94.460', '2012-08-24'),
(6403, 52, '844.010', '2012-08-24'),
(6404, 531512, '930.470', '2012-08-24'),
(6405, 531, '930.470', '2012-08-24'),
(6406, 532515, '1039.450', '2012-08-24'),
(6407, 532516, '20.210', '2012-08-24'),
(6408, 532517, '108.830', '2012-08-24'),
(6409, 532, '1168.490', '2012-08-24'),
(6410, 53, '2098.960', '2012-08-24'),
(6411, 541520, '540.530', '2012-08-24'),
(6412, 541, '540.530', '2012-08-24'),
(6413, 542523, '776.380', '2012-08-24'),
(6414, 542524, '756.210', '2012-08-24'),
(6415, 542525, '251.750', '2012-08-24'),
(6416, 542526, '49.210', '2012-08-24'),
(6417, 542527, '146.140', '2012-08-24'),
(6418, 542528, '58.480', '2012-08-24'),
(6419, 542529, '19.980', '2012-08-24'),
(6420, 542530, '796.010', '2012-08-24'),
(6421, 542531, '136.760', '2012-08-24'),
(6422, 542, '2990.920', '2012-08-24'),
(6423, 54, '3531.450', '2012-08-24'),
(6424, 551533, '235.840', '2012-08-24'),
(6425, 551534, '15.740', '2012-08-24'),
(6426, 551, '251.580', '2012-08-24'),
(6427, 552537, '158.790', '2012-08-24'),
(6428, 552538, '124.980', '2012-08-24'),
(6429, 552539, '316.390', '2012-08-24'),
(6430, 552540, '413.170', '2012-08-24'),
(6431, 552541, '7.380', '2012-08-24'),
(6432, 552542, '21.930', '2012-08-24'),
(6433, 552, '1042.640', '2012-08-24'),
(6434, 55, '1294.220', '2012-08-24'),
(6435, 561544, '447.190', '2012-08-24'),
(6436, 561545, '86.980', '2012-08-24'),
(6437, 561546, '6.000', '2012-08-24'),
(6438, 561, '540.170', '2012-08-24'),
(6439, 562548, '365.660', '2012-08-24'),
(6440, 562549, '119.120', '2012-08-24'),
(6441, 562, '484.780', '2012-08-24'),
(6442, 565555, '53.390', '2012-08-24'),
(6443, 565, '53.390', '2012-08-24'),
(6444, 566557, '61.580', '2012-08-24'),
(6445, 566, '61.580', '2012-08-24'),
(6446, 567560, '3.870', '2012-08-24'),
(6447, 567, '3.870', '2012-08-24'),
(6448, 56, '1143.790', '2012-08-24'),
(6449, 571563, '51.290', '2012-08-24'),
(6450, 571, '51.290', '2012-08-24'),
(6451, 572566, '510.470', '2012-08-24'),
(6452, 572, '510.470', '2012-08-24'),
(6453, 574572, '17.000', '2012-08-24'),
(6454, 574, '17.000', '2012-08-24'),
(6455, 575575, '72.640', '2012-08-24'),
(6456, 575576, '5.800', '2012-08-24'),
(6457, 575, '78.440', '2012-08-24'),
(6458, 576579, '859.190', '2012-08-24'),
(6459, 576581, '19.930', '2012-08-24'),
(6460, 576, '879.120', '2012-08-24'),
(6461, 57, '1536.320', '2012-08-24'),
(6462, 581584, '554.040', '2012-08-24'),
(6463, 581, '554.040', '2012-08-24'),
(6464, 582588, '309.070', '2012-08-24'),
(6465, 582, '309.070', '2012-08-24'),
(6466, 583591, '48.970', '2012-08-24'),
(6467, 583592, '984.380', '2012-08-24'),
(6468, 583, '1033.350', '2012-08-24'),
(6469, 58, '1896.460', '2012-08-24'),
(6470, 5, '13857.880', '2012-08-24'),
(6471, 611600, '66.650', '2012-08-24'),
(6472, 611, '66.650', '2012-08-24'),
(6473, 612601, '59.200', '2012-08-24'),
(6474, 612, '59.200', '2012-08-24'),
(6475, 613602, '23.390', '2012-08-24'),
(6476, 613, '23.390', '2012-08-24'),
(6477, 614603, '47.090', '2012-08-24'),
(6478, 614, '47.090', '2012-08-24'),
(6479, 615604, '104.040', '2012-08-24'),
(6480, 615, '104.040', '2012-08-24'),
(6481, 616605, '222.870', '2012-08-24'),
(6482, 616, '222.870', '2012-08-24'),
(6483, 617606, '10.550', '2012-08-24'),
(6484, 617, '10.550', '2012-08-24'),
(6485, 61, '533.790', '2012-08-24'),
(6486, 621610, '34.880', '2012-08-24'),
(6487, 621611, '31.650', '2012-08-24'),
(6488, 621, '66.530', '2012-08-24'),
(6489, 622612, '204.370', '2012-08-24'),
(6490, 622613, '270.110', '2012-08-24'),
(6491, 622, '474.480', '2012-08-24'),
(6492, 623614, '69.270', '2012-08-24'),
(6493, 623615, '45.980', '2012-08-24'),
(6494, 623, '115.250', '2012-08-24'),
(6495, 624616, '95.590', '2012-08-24'),
(6496, 624, '95.590', '2012-08-24'),
(6497, 625617, '145.550', '2012-08-24'),
(6498, 625, '145.550', '2012-08-24'),
(6499, 626618, '49.890', '2012-08-24'),
(6500, 626, '49.890', '2012-08-24'),
(6501, 62, '947.290', '2012-08-24'),
(6502, 631620, '121.890', '2012-08-24'),
(6503, 631, '121.890', '2012-08-24'),
(6504, 63, '121.890', '2012-08-24'),
(6505, 641630, '280.200', '2012-08-24'),
(6506, 641, '280.200', '2012-08-24'),
(6507, 64, '280.200', '2012-08-24'),
(6508, 6, '1883.170', '2012-08-24'),
(6509, 111100, '230.060', '2012-08-25'),
(6510, 111102, '27.030', '2012-08-25'),
(6511, 111104, '166.940', '2012-08-25'),
(6512, 111106, '723.000', '2012-08-25'),
(6513, 111108, '28.660', '2012-08-25'),
(6514, 111110, '128.580', '2012-08-25'),
(6515, 111112, '21.100', '2012-08-25'),
(6516, 111114, '234.910', '2012-08-25'),
(6517, 111116, '26.120', '2012-08-25'),
(6518, 111118, '84.850', '2012-08-25'),
(6519, 111120, '133.660', '2012-08-25'),
(6520, 111122, '74.780', '2012-08-25'),
(6521, 111124, '47.740', '2012-08-25'),
(6522, 111126, '14.090', '2012-08-25'),
(6523, 111128, '238.870', '2012-08-25'),
(6524, 111130, '84.140', '2012-08-25'),
(6525, 111132, '39.970', '2012-08-25'),
(6526, 111, '2304.500', '2012-08-25'),
(6527, 112140, '187.350', '2012-08-25'),
(6528, 112142, '964.890', '2012-08-25'),
(6529, 112144, '88.600', '2012-08-25'),
(6530, 112146, '501.180', '2012-08-25'),
(6531, 112148, '14.520', '2012-08-25'),
(6532, 112150, '56.030', '2012-08-25'),
(6533, 112152, '248.050', '2012-08-25'),
(6534, 112154, '11.770', '2012-08-25'),
(6535, 112156, '56.950', '2012-08-25'),
(6536, 112158, '191.570', '2012-08-25'),
(6537, 112160, '528.950', '2012-08-25'),
(6538, 112162, '754.900', '2012-08-25'),
(6539, 112164, '121.960', '2012-08-25'),
(6540, 112166, '230.250', '2012-08-25'),
(6541, 112168, '0.990', '2012-08-25'),
(6542, 112170, '279.500', '2012-08-25'),
(6543, 112172, '158.740', '2012-08-25'),
(6544, 112174, '29.860', '2012-08-25'),
(6545, 112176, '2.910', '2012-08-25'),
(6546, 112178, '366.590', '2012-08-25'),
(6547, 112, '4795.560', '2012-08-25'),
(6548, 11, '7100.060', '2012-08-25'),
(6549, 121200, '531.100', '2012-08-25'),
(6550, 121205, '434.570', '2012-08-25'),
(6551, 121210, '217.680', '2012-08-25'),
(6552, 121220, '318.680', '2012-08-25'),
(6553, 121, '1502.030', '2012-08-25'),
(6554, 122230, '780.940', '2012-08-25'),
(6555, 122235, '2637.920', '2012-08-25'),
(6556, 122240, '218.740', '2012-08-25'),
(6557, 122245, '2893.140', '2012-08-25'),
(6558, 122250, '1522.400', '2012-08-25'),
(6559, 122, '8053.140', '2012-08-25'),
(6560, 12, '9555.170', '2012-08-25'),
(6561, 131300, '1428.130', '2012-08-25'),
(6562, 131, '1428.130', '2012-08-25'),
(6563, 132310, '2191.520', '2012-08-25'),
(6564, 132, '2191.520', '2012-08-25'),
(6565, 133320, '1069.920', '2012-08-25'),
(6566, 133, '1069.920', '2012-08-25'),
(6567, 134330, '107.080', '2012-08-25'),
(6568, 134, '107.080', '2012-08-25'),
(6569, 13, '4796.650', '2012-08-25'),
(6570, 1, '21451.880', '2012-08-25'),
(6571, 411400, '176.060', '2012-08-25'),
(6572, 411401, '150.740', '2012-08-25'),
(6573, 411402, '6.570', '2012-08-25'),
(6574, 411403, '262.980', '2012-08-25'),
(6575, 411405, '2.390', '2012-08-25'),
(6576, 411406, '202.740', '2012-08-25'),
(6577, 411407, '12.720', '2012-08-25'),
(6578, 411, '814.200', '2012-08-25'),
(6579, 412410, '7.730', '2012-08-25'),
(6580, 412411, '703.760', '2012-08-25'),
(6581, 412, '711.490', '2012-08-25'),
(6582, 413414, '61.340', '2012-08-25'),
(6583, 413415, '39.900', '2012-08-25'),
(6584, 413416, '34.140', '2012-08-25'),
(6585, 413417, '44.690', '2012-08-25'),
(6586, 413419, '20.490', '2012-08-25'),
(6587, 413420, '93.240', '2012-08-25'),
(6588, 413421, '38.790', '2012-08-25'),
(6589, 413422, '77.540', '2012-08-25'),
(6590, 413423, '77.830', '2012-08-25'),
(6591, 413424, '51.420', '2012-08-25'),
(6592, 413425, '22.700', '2012-08-25'),
(6593, 413426, '87.160', '2012-08-25'),
(6594, 413427, '75.320', '2012-08-25'),
(6595, 413428, '13.920', '2012-08-25'),
(6596, 413429, '39.250', '2012-08-25'),
(6597, 413430, '19.900', '2012-08-25'),
(6598, 413, '797.630', '2012-08-25'),
(6599, 414433, '559.070', '2012-08-25'),
(6600, 414434, '82.540', '2012-08-25'),
(6601, 414, '641.610', '2012-08-25'),
(6602, 41, '2964.930', '2012-08-25'),
(6603, 421440, '12.900', '2012-08-25'),
(6604, 421441, '139.600', '2012-08-25'),
(6605, 421, '152.500', '2012-08-25'),
(6606, 422444, '171.990', '2012-08-25'),
(6607, 422446, '68.950', '2012-08-25'),
(6608, 422447, '64.900', '2012-08-25'),
(6609, 422, '305.840', '2012-08-25'),
(6610, 423452, '47.240', '2012-08-25'),
(6611, 423, '47.240', '2012-08-25'),
(6612, 424455, '4.500', '2012-08-25'),
(6613, 424456, '53.580', '2012-08-25'),
(6614, 424457, '25.990', '2012-08-25'),
(6615, 424, '84.070', '2012-08-25'),
(6616, 425460, '12.300', '2012-08-25'),
(6617, 425461, '39.110', '2012-08-25'),
(6618, 425462, '3.670', '2012-08-25'),
(6619, 425463, '6.520', '2012-08-25'),
(6620, 425464, '42.120', '2012-08-25'),
(6621, 425465, '76.340', '2012-08-25'),
(6622, 425466, '81.870', '2012-08-25'),
(6623, 425467, '139.450', '2012-08-25'),
(6624, 425469, '0.990', '2012-08-25'),
(6625, 425, '402.370', '2012-08-25'),
(6626, 426472, '28.370', '2012-08-25'),
(6627, 426473, '18.850', '2012-08-25'),
(6628, 426475, '11.990', '2012-08-25'),
(6629, 426476, '21.850', '2012-08-25'),
(6630, 426477, '6.330', '2012-08-25'),
(6631, 426478, '2.290', '2012-08-25'),
(6632, 426479, '13.000', '2012-08-25'),
(6633, 426, '102.680', '2012-08-25'),
(6634, 42, '1094.700', '2012-08-25'),
(6635, 431702, '269.000', '2012-08-25'),
(6636, 431706, '44.900', '2012-08-25'),
(6637, 431708, '169.000', '2012-08-25'),
(6638, 431, '482.900', '2012-08-25'),
(6639, 432720, '337.170', '2012-08-25'),
(6640, 432721, '-5.000', '2012-08-25'),
(6641, 432722, '49.980', '2012-08-25'),
(6642, 432723, '9.990', '2012-08-25'),
(6643, 432724, '9.490', '2012-08-25'),
(6644, 432, '401.630', '2012-08-25'),
(6645, 434740, '25.740', '2012-08-25'),
(6646, 434741, '299.000', '2012-08-25'),
(6647, 434742, '49.890', '2012-08-25'),
(6648, 434744, '39.900', '2012-08-25'),
(6649, 434745, '203.600', '2012-08-25'),
(6650, 434746, '7.990', '2012-08-25'),
(6651, 434, '626.120', '2012-08-25'),
(6652, 43, '1510.650', '2012-08-25'),
(6653, 441752, '50.790', '2012-08-25'),
(6654, 441753, '10.510', '2012-08-25'),
(6655, 441754, '18.800', '2012-08-25'),
(6656, 441756, '46.340', '2012-08-25'),
(6657, 441757, '7.800', '2012-08-25'),
(6658, 441758, '6.990', '2012-08-25'),
(6659, 441, '141.230', '2012-08-25'),
(6660, 442762, '115.090', '2012-08-25'),
(6661, 442, '115.090', '2012-08-25'),
(6662, 444770, '337.670', '2012-08-25'),
(6663, 444773, '173.960', '2012-08-25'),
(6664, 444775, '269.850', '2012-08-25'),
(6665, 444, '781.480', '2012-08-25'),
(6666, 44, '1037.800', '2012-08-25'),
(6667, 4, '6608.080', '2012-08-25'),
(6668, 511500, '1156.270', '2012-08-25'),
(6669, 511, '1156.270', '2012-08-25'),
(6670, 512503, '1239.850', '2012-08-25'),
(6671, 512, '1239.850', '2012-08-25'),
(6672, 51, '2396.120', '2012-08-25'),
(6673, 521506, '357.990', '2012-08-25'),
(6674, 521, '357.990', '2012-08-25');
INSERT INTO `vendas` (`ve_id`, `ve_fam_id`, `ve_valor`, `ve_date`) VALUES
(6675, 522509, '195.500', '2012-08-25'),
(6676, 522, '195.500', '2012-08-25'),
(6677, 52, '553.490', '2012-08-25'),
(6678, 531512, '807.040', '2012-08-25'),
(6679, 531, '807.040', '2012-08-25'),
(6680, 532515, '1266.370', '2012-08-25'),
(6681, 532516, '5.440', '2012-08-25'),
(6682, 532517, '95.740', '2012-08-25'),
(6683, 532, '1367.550', '2012-08-25'),
(6684, 53, '2174.590', '2012-08-25'),
(6685, 541520, '677.270', '2012-08-25'),
(6686, 541, '677.270', '2012-08-25'),
(6687, 542523, '1089.610', '2012-08-25'),
(6688, 542524, '895.690', '2012-08-25'),
(6689, 542525, '332.710', '2012-08-25'),
(6690, 542526, '80.400', '2012-08-25'),
(6691, 542527, '155.150', '2012-08-25'),
(6692, 542528, '41.710', '2012-08-25'),
(6693, 542529, '21.170', '2012-08-25'),
(6694, 542530, '593.720', '2012-08-25'),
(6695, 542531, '179.760', '2012-08-25'),
(6696, 542, '3389.920', '2012-08-25'),
(6697, 54, '4067.190', '2012-08-25'),
(6698, 551533, '250.370', '2012-08-25'),
(6699, 551534, '8.770', '2012-08-25'),
(6700, 551535, '10.470', '2012-08-25'),
(6701, 551, '269.610', '2012-08-25'),
(6702, 552537, '150.150', '2012-08-25'),
(6703, 552538, '170.570', '2012-08-25'),
(6704, 552539, '182.680', '2012-08-25'),
(6705, 552540, '351.160', '2012-08-25'),
(6706, 552541, '6.780', '2012-08-25'),
(6707, 552542, '47.430', '2012-08-25'),
(6708, 552, '908.770', '2012-08-25'),
(6709, 55, '1178.380', '2012-08-25'),
(6710, 561544, '674.880', '2012-08-25'),
(6711, 561545, '167.410', '2012-08-25'),
(6712, 561546, '42.830', '2012-08-25'),
(6713, 561, '885.120', '2012-08-25'),
(6714, 562548, '444.860', '2012-08-25'),
(6715, 562549, '71.140', '2012-08-25'),
(6716, 562, '516.000', '2012-08-25'),
(6717, 565555, '93.600', '2012-08-25'),
(6718, 565, '93.600', '2012-08-25'),
(6719, 566557, '99.310', '2012-08-25'),
(6720, 566, '99.310', '2012-08-25'),
(6721, 567560, '3.870', '2012-08-25'),
(6722, 567, '3.870', '2012-08-25'),
(6723, 56, '1597.900', '2012-08-25'),
(6724, 571563, '11.970', '2012-08-25'),
(6725, 571, '11.970', '2012-08-25'),
(6726, 572566, '596.500', '2012-08-25'),
(6727, 572, '596.500', '2012-08-25'),
(6728, 573569, '5.980', '2012-08-25'),
(6729, 573, '5.980', '2012-08-25'),
(6730, 574572, '20.570', '2012-08-25'),
(6731, 574, '20.570', '2012-08-25'),
(6732, 575575, '103.870', '2012-08-25'),
(6733, 575576, '5.400', '2012-08-25'),
(6734, 575, '109.270', '2012-08-25'),
(6735, 576579, '1194.340', '2012-08-25'),
(6736, 576581, '10.450', '2012-08-25'),
(6737, 576, '1204.790', '2012-08-25'),
(6738, 57, '1949.080', '2012-08-25'),
(6739, 581584, '579.950', '2012-08-25'),
(6740, 581, '579.950', '2012-08-25'),
(6741, 582588, '408.580', '2012-08-25'),
(6742, 582, '408.580', '2012-08-25'),
(6743, 583591, '36.640', '2012-08-25'),
(6744, 583592, '853.400', '2012-08-25'),
(6745, 583, '890.040', '2012-08-25'),
(6746, 58, '1878.570', '2012-08-25'),
(6747, 5, '15795.320', '2012-08-25'),
(6748, 611600, '64.380', '2012-08-25'),
(6749, 611, '64.380', '2012-08-25'),
(6750, 612601, '65.860', '2012-08-25'),
(6751, 612, '65.860', '2012-08-25'),
(6752, 613602, '30.400', '2012-08-25'),
(6753, 613, '30.400', '2012-08-25'),
(6754, 614603, '40.960', '2012-08-25'),
(6755, 614, '40.960', '2012-08-25'),
(6756, 616605, '223.460', '2012-08-25'),
(6757, 616, '223.460', '2012-08-25'),
(6758, 617606, '6.290', '2012-08-25'),
(6759, 617, '6.290', '2012-08-25'),
(6760, 61, '431.350', '2012-08-25'),
(6761, 621610, '34.890', '2012-08-25'),
(6762, 621611, '57.330', '2012-08-25'),
(6763, 621, '92.220', '2012-08-25'),
(6764, 622612, '264.530', '2012-08-25'),
(6765, 622613, '168.900', '2012-08-25'),
(6766, 622, '433.430', '2012-08-25'),
(6767, 623614, '108.010', '2012-08-25'),
(6768, 623615, '7.720', '2012-08-25'),
(6769, 623, '115.730', '2012-08-25'),
(6770, 624616, '161.400', '2012-08-25'),
(6771, 624, '161.400', '2012-08-25'),
(6772, 625617, '83.850', '2012-08-25'),
(6773, 625, '83.850', '2012-08-25'),
(6774, 626618, '50.190', '2012-08-25'),
(6775, 626, '50.190', '2012-08-25'),
(6776, 62, '936.820', '2012-08-25'),
(6777, 631620, '588.590', '2012-08-25'),
(6778, 631, '588.590', '2012-08-25'),
(6779, 63, '588.590', '2012-08-25'),
(6780, 641630, '322.720', '2012-08-25'),
(6781, 641, '322.720', '2012-08-25'),
(6782, 64, '322.720', '2012-08-25'),
(6783, 6, '2279.480', '2012-08-25'),
(6784, 111100, '215.910', '2012-08-26'),
(6785, 111102, '17.490', '2012-08-26'),
(6786, 111104, '109.260', '2012-08-26'),
(6787, 111106, '357.440', '2012-08-26'),
(6788, 111108, '22.780', '2012-08-26'),
(6789, 111110, '67.680', '2012-08-26'),
(6790, 111112, '14.950', '2012-08-26'),
(6791, 111114, '151.370', '2012-08-26'),
(6792, 111116, '10.890', '2012-08-26'),
(6793, 111118, '35.240', '2012-08-26'),
(6794, 111120, '82.660', '2012-08-26'),
(6795, 111122, '36.510', '2012-08-26'),
(6796, 111124, '26.290', '2012-08-26'),
(6797, 111126, '7.050', '2012-08-26'),
(6798, 111128, '180.830', '2012-08-26'),
(6799, 111130, '77.640', '2012-08-26'),
(6800, 111132, '48.590', '2012-08-26'),
(6801, 111, '1462.580', '2012-08-26'),
(6802, 112140, '120.110', '2012-08-26'),
(6803, 112142, '579.520', '2012-08-26'),
(6804, 112144, '62.320', '2012-08-26'),
(6805, 112146, '253.270', '2012-08-26'),
(6806, 112148, '5.000', '2012-08-26'),
(6807, 112150, '20.570', '2012-08-26'),
(6808, 112152, '169.240', '2012-08-26'),
(6809, 112154, '37.520', '2012-08-26'),
(6810, 112156, '36.810', '2012-08-26'),
(6811, 112158, '132.200', '2012-08-26'),
(6812, 112160, '322.200', '2012-08-26'),
(6813, 112162, '440.510', '2012-08-26'),
(6814, 112164, '74.700', '2012-08-26'),
(6815, 112166, '97.430', '2012-08-26'),
(6816, 112170, '197.190', '2012-08-26'),
(6817, 112172, '95.180', '2012-08-26'),
(6818, 112174, '16.920', '2012-08-26'),
(6819, 112178, '302.390', '2012-08-26'),
(6820, 112, '2963.080', '2012-08-26'),
(6821, 11, '4425.660', '2012-08-26'),
(6822, 121200, '346.560', '2012-08-26'),
(6823, 121205, '366.320', '2012-08-26'),
(6824, 121210, '218.600', '2012-08-26'),
(6825, 121220, '233.930', '2012-08-26'),
(6826, 121, '1165.410', '2012-08-26'),
(6827, 122230, '632.710', '2012-08-26'),
(6828, 122235, '1474.880', '2012-08-26'),
(6829, 122240, '273.500', '2012-08-26'),
(6830, 122245, '1412.620', '2012-08-26'),
(6831, 122250, '1171.980', '2012-08-26'),
(6832, 122, '4965.690', '2012-08-26'),
(6833, 12, '6131.100', '2012-08-26'),
(6834, 131300, '1058.710', '2012-08-26'),
(6835, 131, '1058.710', '2012-08-26'),
(6836, 132310, '1916.480', '2012-08-26'),
(6837, 132, '1916.480', '2012-08-26'),
(6838, 133320, '718.980', '2012-08-26'),
(6839, 133, '718.980', '2012-08-26'),
(6840, 134330, '66.170', '2012-08-26'),
(6841, 134, '66.170', '2012-08-26'),
(6842, 13, '3760.340', '2012-08-26'),
(6843, 1, '14317.100', '2012-08-26'),
(6844, 411400, '141.290', '2012-08-26'),
(6845, 411401, '86.620', '2012-08-26'),
(6846, 411402, '1.150', '2012-08-26'),
(6847, 411403, '266.850', '2012-08-26'),
(6848, 411405, '11.500', '2012-08-26'),
(6849, 411406, '61.710', '2012-08-26'),
(6850, 411407, '3.790', '2012-08-26'),
(6851, 411, '572.910', '2012-08-26'),
(6852, 412410, '8.730', '2012-08-26'),
(6853, 412411, '513.290', '2012-08-26'),
(6854, 412, '522.020', '2012-08-26'),
(6855, 413414, '148.890', '2012-08-26'),
(6856, 413415, '23.260', '2012-08-26'),
(6857, 413416, '21.680', '2012-08-26'),
(6858, 413417, '18.940', '2012-08-26'),
(6859, 413419, '3.840', '2012-08-26'),
(6860, 413420, '75.220', '2012-08-26'),
(6861, 413421, '53.100', '2012-08-26'),
(6862, 413422, '59.340', '2012-08-26'),
(6863, 413423, '52.900', '2012-08-26'),
(6864, 413424, '101.580', '2012-08-26'),
(6865, 413425, '8.000', '2012-08-26'),
(6866, 413426, '69.540', '2012-08-26'),
(6867, 413427, '34.010', '2012-08-26'),
(6868, 413428, '28.710', '2012-08-26'),
(6869, 413429, '5.850', '2012-08-26'),
(6870, 413, '704.860', '2012-08-26'),
(6871, 414433, '621.270', '2012-08-26'),
(6872, 414434, '104.520', '2012-08-26'),
(6873, 414, '725.790', '2012-08-26'),
(6874, 41, '2525.580', '2012-08-26'),
(6875, 421441, '18.900', '2012-08-26'),
(6876, 421, '18.900', '2012-08-26'),
(6877, 422444, '397.460', '2012-08-26'),
(6878, 422446, '43.750', '2012-08-26'),
(6879, 422447, '8.000', '2012-08-26'),
(6880, 422, '449.210', '2012-08-26'),
(6881, 423452, '38.990', '2012-08-26'),
(6882, 423, '38.990', '2012-08-26'),
(6883, 424455, '6.950', '2012-08-26'),
(6884, 424456, '12.000', '2012-08-26'),
(6885, 424457, '41.420', '2012-08-26'),
(6886, 424, '60.370', '2012-08-26'),
(6887, 425460, '7.600', '2012-08-26'),
(6888, 425461, '56.100', '2012-08-26'),
(6889, 425462, '7.620', '2012-08-26'),
(6890, 425463, '6.520', '2012-08-26'),
(6891, 425464, '51.760', '2012-08-26'),
(6892, 425465, '65.400', '2012-08-26'),
(6893, 425466, '44.760', '2012-08-26'),
(6894, 425467, '147.940', '2012-08-26'),
(6895, 425469, '3.450', '2012-08-26'),
(6896, 425, '391.150', '2012-08-26'),
(6897, 426473, '24.570', '2012-08-26'),
(6898, 426475, '0.990', '2012-08-26'),
(6899, 426476, '15.250', '2012-08-26'),
(6900, 426477, '16.480', '2012-08-26'),
(6901, 426479, '-14.950', '2012-08-26'),
(6902, 426, '42.340', '2012-08-26'),
(6903, 42, '1000.960', '2012-08-26'),
(6904, 431703, '299.900', '2012-08-26'),
(6905, 431, '299.900', '2012-08-26'),
(6906, 432720, '514.200', '2012-08-26'),
(6907, 432721, '101.690', '2012-08-26'),
(6908, 432722, '89.880', '2012-08-26'),
(6909, 432724, '23.470', '2012-08-26'),
(6910, 432, '729.240', '2012-08-26'),
(6911, 434740, '48.950', '2012-08-26'),
(6912, 434742, '145.600', '2012-08-26'),
(6913, 434743, '1.180', '2012-08-26'),
(6914, 434745, '94.960', '2012-08-26'),
(6915, 434747, '6.990', '2012-08-26'),
(6916, 434, '297.680', '2012-08-26'),
(6917, 43, '1326.820', '2012-08-26'),
(6918, 441752, '4.990', '2012-08-26'),
(6919, 441753, '8.500', '2012-08-26'),
(6920, 441754, '1.000', '2012-08-26'),
(6921, 441755, '18.650', '2012-08-26'),
(6922, 441756, '10.100', '2012-08-26'),
(6923, 441757, '29.780', '2012-08-26'),
(6924, 441, '73.020', '2012-08-26'),
(6925, 442762, '56.320', '2012-08-26'),
(6926, 442, '56.320', '2012-08-26'),
(6927, 443768, '4.990', '2012-08-26'),
(6928, 443, '4.990', '2012-08-26'),
(6929, 444770, '109.980', '2012-08-26'),
(6930, 444773, '166.410', '2012-08-26'),
(6931, 444775, '199.760', '2012-08-26'),
(6932, 444, '476.150', '2012-08-26'),
(6933, 44, '610.480', '2012-08-26'),
(6934, 4, '5463.840', '2012-08-26'),
(6935, 511500, '464.130', '2012-08-26'),
(6936, 511, '464.130', '2012-08-26'),
(6937, 512503, '514.640', '2012-08-26'),
(6938, 512, '514.640', '2012-08-26'),
(6939, 51, '978.770', '2012-08-26'),
(6940, 521506, '228.130', '2012-08-26'),
(6941, 521, '228.130', '2012-08-26'),
(6942, 522509, '79.280', '2012-08-26'),
(6943, 522, '79.280', '2012-08-26'),
(6944, 52, '307.410', '2012-08-26'),
(6945, 531512, '526.550', '2012-08-26'),
(6946, 531, '526.550', '2012-08-26'),
(6947, 532515, '741.770', '2012-08-26'),
(6948, 532516, '19.480', '2012-08-26'),
(6949, 532517, '131.270', '2012-08-26'),
(6950, 532, '892.520', '2012-08-26'),
(6951, 53, '1419.070', '2012-08-26'),
(6952, 541520, '438.870', '2012-08-26'),
(6953, 541, '438.870', '2012-08-26'),
(6954, 542523, '701.790', '2012-08-26'),
(6955, 542524, '716.420', '2012-08-26'),
(6956, 542525, '180.690', '2012-08-26'),
(6957, 542526, '65.220', '2012-08-26'),
(6958, 542527, '99.700', '2012-08-26'),
(6959, 542528, '31.220', '2012-08-26'),
(6960, 542529, '17.150', '2012-08-26'),
(6961, 542530, '430.590', '2012-08-26'),
(6962, 542531, '90.410', '2012-08-26'),
(6963, 542, '2333.190', '2012-08-26'),
(6964, 54, '2772.060', '2012-08-26'),
(6965, 551533, '329.600', '2012-08-26'),
(6966, 551534, '15.840', '2012-08-26'),
(6967, 551, '345.440', '2012-08-26'),
(6968, 552537, '106.030', '2012-08-26'),
(6969, 552538, '121.810', '2012-08-26'),
(6970, 552539, '84.620', '2012-08-26'),
(6971, 552540, '268.860', '2012-08-26'),
(6972, 552541, '1.990', '2012-08-26'),
(6973, 552542, '25.900', '2012-08-26'),
(6974, 552, '609.210', '2012-08-26'),
(6975, 55, '954.650', '2012-08-26'),
(6976, 561544, '591.620', '2012-08-26'),
(6977, 561545, '84.310', '2012-08-26'),
(6978, 561546, '32.880', '2012-08-26'),
(6979, 561, '708.810', '2012-08-26'),
(6980, 562548, '330.750', '2012-08-26'),
(6981, 562549, '82.620', '2012-08-26'),
(6982, 562, '413.370', '2012-08-26'),
(6983, 565555, '100.220', '2012-08-26'),
(6984, 565, '100.220', '2012-08-26'),
(6985, 566557, '48.940', '2012-08-26'),
(6986, 566, '48.940', '2012-08-26'),
(6987, 567560, '1.290', '2012-08-26'),
(6988, 567, '1.290', '2012-08-26'),
(6989, 56, '1272.630', '2012-08-26'),
(6990, 571563, '6.520', '2012-08-26'),
(6991, 571, '6.520', '2012-08-26'),
(6992, 572566, '585.420', '2012-08-26'),
(6993, 572, '585.420', '2012-08-26'),
(6994, 574572, '19.900', '2012-08-26'),
(6995, 574, '19.900', '2012-08-26'),
(6996, 575575, '54.560', '2012-08-26'),
(6997, 575576, '5.950', '2012-08-26'),
(6998, 575, '60.510', '2012-08-26'),
(6999, 576579, '968.180', '2012-08-26'),
(7000, 576581, '13.300', '2012-08-26'),
(7001, 576, '981.480', '2012-08-26'),
(7002, 57, '1653.830', '2012-08-26'),
(7003, 581584, '318.550', '2012-08-26'),
(7004, 581, '318.550', '2012-08-26'),
(7005, 582588, '243.000', '2012-08-26'),
(7006, 582, '243.000', '2012-08-26'),
(7007, 583591, '15.530', '2012-08-26'),
(7008, 583592, '606.710', '2012-08-26'),
(7009, 583, '622.240', '2012-08-26'),
(7010, 58, '1183.790', '2012-08-26'),
(7011, 5, '10542.210', '2012-08-26'),
(7012, 611600, '36.980', '2012-08-26'),
(7013, 611, '36.980', '2012-08-26'),
(7014, 612601, '38.660', '2012-08-26'),
(7015, 612, '38.660', '2012-08-26'),
(7016, 613602, '6.900', '2012-08-26'),
(7017, 613, '6.900', '2012-08-26'),
(7018, 614603, '16.590', '2012-08-26'),
(7019, 614, '16.590', '2012-08-26'),
(7020, 615604, '26.390', '2012-08-26'),
(7021, 615, '26.390', '2012-08-26'),
(7022, 616605, '140.550', '2012-08-26'),
(7023, 616, '140.550', '2012-08-26'),
(7024, 617606, '5.900', '2012-08-26'),
(7025, 617, '5.900', '2012-08-26'),
(7026, 61, '271.970', '2012-08-26'),
(7027, 621610, '38.250', '2012-08-26'),
(7028, 621611, '36.700', '2012-08-26'),
(7029, 621, '74.950', '2012-08-26'),
(7030, 622612, '289.740', '2012-08-26'),
(7031, 622613, '194.660', '2012-08-26'),
(7032, 622, '484.400', '2012-08-26'),
(7033, 623614, '8.490', '2012-08-26'),
(7034, 623615, '72.600', '2012-08-26'),
(7035, 623, '81.090', '2012-08-26'),
(7036, 624616, '98.360', '2012-08-26'),
(7037, 624, '98.360', '2012-08-26'),
(7038, 625617, '52.700', '2012-08-26'),
(7039, 625, '52.700', '2012-08-26'),
(7040, 626618, '47.390', '2012-08-26'),
(7041, 626, '47.390', '2012-08-26'),
(7042, 62, '838.890', '2012-08-26'),
(7043, 631620, '354.440', '2012-08-26'),
(7044, 631, '354.440', '2012-08-26'),
(7045, 63, '354.440', '2012-08-26'),
(7046, 641630, '139.060', '2012-08-26'),
(7047, 641, '139.060', '2012-08-26'),
(7048, 64, '139.060', '2012-08-26'),
(7049, 6, '1604.360', '2012-08-26'),
(7050, 111100, '300.540', '2012-08-27'),
(7051, 111102, '21.870', '2012-08-27'),
(7052, 111104, '90.840', '2012-08-27'),
(7053, 111106, '359.100', '2012-08-27'),
(7054, 111108, '40.640', '2012-08-27'),
(7055, 111110, '97.650', '2012-08-27'),
(7056, 111112, '11.210', '2012-08-27'),
(7057, 111114, '197.740', '2012-08-27'),
(7058, 111116, '12.940', '2012-08-27'),
(7059, 111118, '50.990', '2012-08-27'),
(7060, 111120, '137.840', '2012-08-27'),
(7061, 111122, '96.410', '2012-08-27'),
(7062, 111124, '28.070', '2012-08-27'),
(7063, 111126, '9.120', '2012-08-27'),
(7064, 111128, '298.190', '2012-08-27'),
(7065, 111130, '73.610', '2012-08-27'),
(7066, 111132, '62.230', '2012-08-27'),
(7067, 111, '1888.990', '2012-08-27'),
(7068, 112140, '116.520', '2012-08-27'),
(7069, 112142, '738.060', '2012-08-27'),
(7070, 112144, '53.370', '2012-08-27'),
(7071, 112146, '399.710', '2012-08-27'),
(7072, 112148, '11.920', '2012-08-27'),
(7073, 112150, '19.820', '2012-08-27'),
(7074, 112152, '188.710', '2012-08-27'),
(7075, 112154, '9.340', '2012-08-27'),
(7076, 112156, '30.600', '2012-08-27'),
(7077, 112158, '128.640', '2012-08-27'),
(7078, 112160, '414.630', '2012-08-27'),
(7079, 112162, '532.280', '2012-08-27'),
(7080, 112164, '77.190', '2012-08-27'),
(7081, 112166, '220.990', '2012-08-27'),
(7082, 112170, '346.990', '2012-08-27'),
(7083, 112172, '111.240', '2012-08-27'),
(7084, 112174, '9.150', '2012-08-27'),
(7085, 112178, '246.260', '2012-08-27'),
(7086, 112, '3655.420', '2012-08-27'),
(7087, 11, '5544.410', '2012-08-27'),
(7088, 121200, '312.130', '2012-08-27'),
(7089, 121205, '303.220', '2012-08-27'),
(7090, 121210, '157.160', '2012-08-27'),
(7091, 121220, '292.400', '2012-08-27'),
(7092, 121, '1064.910', '2012-08-27'),
(7093, 122230, '313.590', '2012-08-27'),
(7094, 122235, '1256.130', '2012-08-27'),
(7095, 122240, '115.420', '2012-08-27'),
(7096, 122245, '3005.340', '2012-08-27'),
(7097, 122250, '1399.670', '2012-08-27'),
(7098, 122, '6090.150', '2012-08-27'),
(7099, 12, '7155.060', '2012-08-27'),
(7100, 131300, '1285.480', '2012-08-27'),
(7101, 131, '1285.480', '2012-08-27'),
(7102, 132310, '1524.120', '2012-08-27'),
(7103, 132, '1524.120', '2012-08-27'),
(7104, 133320, '903.230', '2012-08-27'),
(7105, 133, '903.230', '2012-08-27'),
(7106, 134330, '50.450', '2012-08-27'),
(7107, 134, '50.450', '2012-08-27'),
(7108, 13, '3763.280', '2012-08-27'),
(7109, 1, '16462.750', '2012-08-27'),
(7110, 411400, '136.280', '2012-08-27'),
(7111, 411401, '46.080', '2012-08-27'),
(7112, 411402, '29.660', '2012-08-27'),
(7113, 411403, '129.100', '2012-08-27'),
(7114, 411405, '2.390', '2012-08-27'),
(7115, 411406, '109.890', '2012-08-27'),
(7116, 411, '453.400', '2012-08-27'),
(7117, 412411, '344.680', '2012-08-27'),
(7118, 412, '344.680', '2012-08-27'),
(7119, 413414, '52.110', '2012-08-27'),
(7120, 413415, '23.340', '2012-08-27'),
(7121, 413416, '48.550', '2012-08-27'),
(7122, 413417, '17.260', '2012-08-27'),
(7123, 413419, '34.390', '2012-08-27'),
(7124, 413420, '61.210', '2012-08-27'),
(7125, 413421, '32.990', '2012-08-27'),
(7126, 413422, '94.400', '2012-08-27'),
(7127, 413423, '32.450', '2012-08-27'),
(7128, 413424, '45.080', '2012-08-27'),
(7129, 413425, '4.900', '2012-08-27'),
(7130, 413426, '33.350', '2012-08-27'),
(7131, 413427, '54.250', '2012-08-27'),
(7132, 413428, '6.960', '2012-08-27'),
(7133, 413429, '13.610', '2012-08-27'),
(7134, 413, '554.850', '2012-08-27'),
(7135, 414433, '487.980', '2012-08-27'),
(7136, 414434, '68.240', '2012-08-27'),
(7137, 414, '556.220', '2012-08-27'),
(7138, 41, '1909.150', '2012-08-27'),
(7139, 421441, '122.800', '2012-08-27'),
(7140, 421, '122.800', '2012-08-27'),
(7141, 422444, '413.800', '2012-08-27'),
(7142, 422446, '41.850', '2012-08-27'),
(7143, 422447, '69.700', '2012-08-27'),
(7144, 422, '525.350', '2012-08-27'),
(7145, 423452, '118.100', '2012-08-27'),
(7146, 423, '118.100', '2012-08-27'),
(7147, 424455, '6.950', '2012-08-27'),
(7148, 424456, '68.810', '2012-08-27'),
(7149, 424457, '65.720', '2012-08-27'),
(7150, 424, '141.480', '2012-08-27'),
(7151, 425460, '5.600', '2012-08-27'),
(7152, 425461, '84.820', '2012-08-27'),
(7153, 425462, '26.910', '2012-08-27'),
(7154, 425463, '10.190', '2012-08-27'),
(7155, 425464, '64.000', '2012-08-27'),
(7156, 425465, '161.200', '2012-08-27'),
(7157, 425466, '64.140', '2012-08-27'),
(7158, 425467, '67.110', '2012-08-27'),
(7159, 425469, '2.900', '2012-08-27'),
(7160, 425, '486.870', '2012-08-27'),
(7161, 426473, '45.330', '2012-08-27'),
(7162, 426476, '20.700', '2012-08-27'),
(7163, 426477, '21.800', '2012-08-27'),
(7164, 426478, '8.760', '2012-08-27'),
(7165, 426, '96.590', '2012-08-27'),
(7166, 42, '1491.190', '2012-08-27'),
(7167, 431700, '199.000', '2012-08-27'),
(7168, 431706, '44.900', '2012-08-27'),
(7169, 431, '243.900', '2012-08-27'),
(7170, 432720, '360.390', '2012-08-27'),
(7171, 432721, '128.690', '2012-08-27'),
(7172, 432722, '69.890', '2012-08-27'),
(7173, 432724, '4.990', '2012-08-27'),
(7174, 432, '563.960', '2012-08-27'),
(7175, 434740, '47.640', '2012-08-27'),
(7176, 434742, '69.800', '2012-08-27'),
(7177, 434745, '296.940', '2012-08-27'),
(7178, 434746, '19.900', '2012-08-27'),
(7179, 434, '434.280', '2012-08-27'),
(7180, 43, '1242.140', '2012-08-27'),
(7181, 441752, '5.000', '2012-08-27'),
(7182, 441753, '7.000', '2012-08-27'),
(7183, 441755, '13.300', '2012-08-27'),
(7184, 441756, '6.930', '2012-08-27'),
(7185, 441757, '6.800', '2012-08-27'),
(7186, 441758, '2.000', '2012-08-27'),
(7187, 441, '41.030', '2012-08-27'),
(7188, 442762, '90.270', '2012-08-27'),
(7189, 442764, '4.990', '2012-08-27'),
(7190, 442, '95.260', '2012-08-27'),
(7191, 444770, '31.880', '2012-08-27'),
(7192, 444773, '95.200', '2012-08-27'),
(7193, 444775, '438.930', '2012-08-27'),
(7194, 444, '566.010', '2012-08-27'),
(7195, 44, '702.300', '2012-08-27'),
(7196, 4, '5344.780', '2012-08-27'),
(7197, 511500, '556.570', '2012-08-27'),
(7198, 511, '556.570', '2012-08-27'),
(7199, 512503, '800.130', '2012-08-27'),
(7200, 512, '800.130', '2012-08-27'),
(7201, 51, '1356.700', '2012-08-27'),
(7202, 521506, '223.170', '2012-08-27'),
(7203, 521, '223.170', '2012-08-27'),
(7204, 522509, '254.210', '2012-08-27'),
(7205, 522, '254.210', '2012-08-27'),
(7206, 52, '477.380', '2012-08-27'),
(7207, 531512, '625.730', '2012-08-27'),
(7208, 531, '625.730', '2012-08-27'),
(7209, 532515, '950.380', '2012-08-27'),
(7210, 532516, '3.070', '2012-08-27'),
(7211, 532517, '128.020', '2012-08-27'),
(7212, 532, '1081.470', '2012-08-27'),
(7213, 53, '1707.200', '2012-08-27'),
(7214, 541520, '401.130', '2012-08-27'),
(7215, 541, '401.130', '2012-08-27'),
(7216, 542523, '770.870', '2012-08-27'),
(7217, 542524, '624.970', '2012-08-27'),
(7218, 542525, '222.380', '2012-08-27'),
(7219, 542526, '41.550', '2012-08-27'),
(7220, 542527, '72.440', '2012-08-27'),
(7221, 542528, '23.560', '2012-08-27'),
(7222, 542529, '20.960', '2012-08-27'),
(7223, 542530, '492.920', '2012-08-27'),
(7224, 542531, '115.070', '2012-08-27'),
(7225, 542, '2384.720', '2012-08-27'),
(7226, 54, '2785.850', '2012-08-27'),
(7227, 551533, '190.940', '2012-08-27'),
(7228, 551534, '11.460', '2012-08-27'),
(7229, 551, '202.400', '2012-08-27'),
(7230, 552537, '106.440', '2012-08-27'),
(7231, 552538, '152.980', '2012-08-27'),
(7232, 552539, '97.540', '2012-08-27'),
(7233, 552540, '254.360', '2012-08-27'),
(7234, 552542, '11.930', '2012-08-27'),
(7235, 552, '623.250', '2012-08-27'),
(7236, 55, '825.650', '2012-08-27'),
(7237, 561544, '427.990', '2012-08-27'),
(7238, 561545, '82.050', '2012-08-27'),
(7239, 561546, '19.470', '2012-08-27'),
(7240, 561, '529.510', '2012-08-27'),
(7241, 562548, '276.890', '2012-08-27'),
(7242, 562549, '60.900', '2012-08-27'),
(7243, 562, '337.790', '2012-08-27'),
(7244, 565555, '39.750', '2012-08-27'),
(7245, 565, '39.750', '2012-08-27'),
(7246, 566557, '34.280', '2012-08-27'),
(7247, 566, '34.280', '2012-08-27'),
(7248, 567560, '3.870', '2012-08-27'),
(7249, 567, '3.870', '2012-08-27'),
(7250, 56, '945.200', '2012-08-27'),
(7251, 571563, '2.960', '2012-08-27'),
(7252, 571, '2.960', '2012-08-27'),
(7253, 572566, '435.930', '2012-08-27'),
(7254, 572, '435.930', '2012-08-27'),
(7255, 574572, '10.310', '2012-08-27'),
(7256, 574, '10.310', '2012-08-27'),
(7257, 575575, '83.590', '2012-08-27'),
(7258, 575576, '10.950', '2012-08-27'),
(7259, 575, '94.540', '2012-08-27'),
(7260, 576579, '699.190', '2012-08-27'),
(7261, 576581, '15.050', '2012-08-27'),
(7262, 576, '714.240', '2012-08-27'),
(7263, 57, '1257.980', '2012-08-27'),
(7264, 581584, '313.190', '2012-08-27'),
(7265, 581, '313.190', '2012-08-27'),
(7266, 582588, '238.100', '2012-08-27'),
(7267, 582, '238.100', '2012-08-27'),
(7268, 583591, '24.310', '2012-08-27'),
(7269, 583592, '451.130', '2012-08-27'),
(7270, 583, '475.440', '2012-08-27'),
(7271, 58, '1026.730', '2012-08-27'),
(7272, 5, '10382.690', '2012-08-27'),
(7273, 611600, '29.980', '2012-08-27'),
(7274, 611, '29.980', '2012-08-27'),
(7275, 612601, '55.830', '2012-08-27'),
(7276, 612, '55.830', '2012-08-27'),
(7277, 613602, '5.500', '2012-08-27'),
(7278, 613, '5.500', '2012-08-27'),
(7279, 614603, '34.130', '2012-08-27'),
(7280, 614, '34.130', '2012-08-27'),
(7281, 615604, '51.590', '2012-08-27'),
(7282, 615, '51.590', '2012-08-27'),
(7283, 616605, '186.640', '2012-08-27'),
(7284, 616, '186.640', '2012-08-27'),
(7285, 617606, '8.900', '2012-08-27'),
(7286, 617, '8.900', '2012-08-27'),
(7287, 61, '372.570', '2012-08-27'),
(7288, 621610, '59.300', '2012-08-27'),
(7289, 621611, '9.500', '2012-08-27'),
(7290, 621, '68.800', '2012-08-27'),
(7291, 622612, '314.730', '2012-08-27'),
(7292, 622613, '209.280', '2012-08-27'),
(7293, 622, '524.010', '2012-08-27'),
(7294, 623614, '74.220', '2012-08-27'),
(7295, 623615, '14.000', '2012-08-27'),
(7296, 623, '88.220', '2012-08-27'),
(7297, 624616, '57.660', '2012-08-27'),
(7298, 624, '57.660', '2012-08-27'),
(7299, 625617, '121.850', '2012-08-27'),
(7300, 625, '121.850', '2012-08-27'),
(7301, 626618, '56.000', '2012-08-27'),
(7302, 626, '56.000', '2012-08-27'),
(7303, 62, '916.540', '2012-08-27'),
(7304, 631620, '147.000', '2012-08-27'),
(7305, 631, '147.000', '2012-08-27'),
(7306, 63, '147.000', '2012-08-27'),
(7307, 641630, '314.930', '2012-08-27'),
(7308, 641, '314.930', '2012-08-27'),
(7309, 64, '314.930', '2012-08-27'),
(7310, 6, '1751.040', '2012-08-27'),
(7311, 111100, '232.380', '2012-08-28'),
(7312, 111102, '15.230', '2012-08-28'),
(7313, 111104, '185.390', '2012-08-28'),
(7314, 111106, '481.360', '2012-08-28'),
(7315, 111108, '21.300', '2012-08-28'),
(7316, 111110, '104.890', '2012-08-28'),
(7317, 111112, '24.860', '2012-08-28'),
(7318, 111114, '209.220', '2012-08-28'),
(7319, 111116, '14.030', '2012-08-28'),
(7320, 111118, '47.920', '2012-08-28'),
(7321, 111120, '133.410', '2012-08-28'),
(7322, 111122, '113.800', '2012-08-28'),
(7323, 111124, '34.530', '2012-08-28'),
(7324, 111126, '16.270', '2012-08-28'),
(7325, 111128, '160.120', '2012-08-28'),
(7326, 111130, '58.760', '2012-08-28'),
(7327, 111132, '59.390', '2012-08-28'),
(7328, 111, '1912.860', '2012-08-28'),
(7329, 112140, '154.110', '2012-08-28'),
(7330, 112142, '650.850', '2012-08-28'),
(7331, 112144, '97.640', '2012-08-28'),
(7332, 112146, '269.670', '2012-08-28'),
(7333, 112148, '14.640', '2012-08-28'),
(7334, 112150, '25.940', '2012-08-28'),
(7335, 112152, '218.570', '2012-08-28'),
(7336, 112154, '12.050', '2012-08-28'),
(7337, 112156, '51.090', '2012-08-28'),
(7338, 112158, '143.510', '2012-08-28'),
(7339, 112160, '331.640', '2012-08-28'),
(7340, 112162, '473.570', '2012-08-28'),
(7341, 112164, '90.730', '2012-08-28'),
(7342, 112166, '149.790', '2012-08-28'),
(7343, 112170, '245.300', '2012-08-28'),
(7344, 112172, '180.060', '2012-08-28'),
(7345, 112174, '17.680', '2012-08-28'),
(7346, 112178, '204.370', '2012-08-28'),
(7347, 112, '3331.210', '2012-08-28'),
(7348, 11, '5244.070', '2012-08-28'),
(7349, 121200, '357.910', '2012-08-28'),
(7350, 121205, '248.010', '2012-08-28'),
(7351, 121210, '162.540', '2012-08-28'),
(7352, 121220, '240.910', '2012-08-28'),
(7353, 121, '1009.370', '2012-08-28'),
(7354, 122230, '350.360', '2012-08-28'),
(7355, 122235, '1535.110', '2012-08-28'),
(7356, 122240, '423.700', '2012-08-28'),
(7357, 122245, '3829.080', '2012-08-28'),
(7358, 122250, '1457.520', '2012-08-28'),
(7359, 122, '7595.770', '2012-08-28'),
(7360, 12, '8605.140', '2012-08-28'),
(7361, 131300, '1528.920', '2012-08-28'),
(7362, 131, '1528.920', '2012-08-28'),
(7363, 132310, '1428.870', '2012-08-28'),
(7364, 132, '1428.870', '2012-08-28'),
(7365, 133320, '842.400', '2012-08-28'),
(7366, 133, '842.400', '2012-08-28'),
(7367, 134330, '71.890', '2012-08-28'),
(7368, 134, '71.890', '2012-08-28'),
(7369, 13, '3872.080', '2012-08-28'),
(7370, 1, '17721.290', '2012-08-28'),
(7371, 411400, '125.750', '2012-08-28'),
(7372, 411401, '29.720', '2012-08-28'),
(7373, 411403, '179.580', '2012-08-28'),
(7374, 411405, '2.390', '2012-08-28'),
(7375, 411406, '184.670', '2012-08-28'),
(7376, 411, '522.110', '2012-08-28'),
(7377, 412411, '551.320', '2012-08-28'),
(7378, 412, '551.320', '2012-08-28'),
(7379, 413414, '82.970', '2012-08-28'),
(7380, 413415, '12.760', '2012-08-28'),
(7381, 413416, '15.520', '2012-08-28'),
(7382, 413417, '7.220', '2012-08-28'),
(7383, 413418, '1.990', '2012-08-28'),
(7384, 413419, '68.060', '2012-08-28'),
(7385, 413420, '32.070', '2012-08-28'),
(7386, 413421, '24.060', '2012-08-28'),
(7387, 413422, '60.360', '2012-08-28'),
(7388, 413423, '37.710', '2012-08-28'),
(7389, 413424, '61.900', '2012-08-28'),
(7390, 413425, '38.650', '2012-08-28'),
(7391, 413426, '41.300', '2012-08-28'),
(7392, 413427, '56.360', '2012-08-28'),
(7393, 413428, '8.680', '2012-08-28'),
(7394, 413429, '11.500', '2012-08-28'),
(7395, 413, '561.110', '2012-08-28'),
(7396, 414433, '522.980', '2012-08-28'),
(7397, 414434, '160.150', '2012-08-28'),
(7398, 414, '683.130', '2012-08-28'),
(7399, 41, '2317.670', '2012-08-28'),
(7400, 422444, '469.420', '2012-08-28'),
(7401, 422446, '58.900', '2012-08-28'),
(7402, 422, '528.320', '2012-08-28'),
(7403, 423452, '18.950', '2012-08-28'),
(7404, 423, '18.950', '2012-08-28'),
(7405, 424456, '47.300', '2012-08-28'),
(7406, 424457, '5.250', '2012-08-28'),
(7407, 424, '52.550', '2012-08-28'),
(7408, 425460, '5.950', '2012-08-28'),
(7409, 425461, '50.660', '2012-08-28'),
(7410, 425462, '18.400', '2012-08-28'),
(7411, 425463, '7.560', '2012-08-28'),
(7412, 425464, '41.790', '2012-08-28'),
(7413, 425465, '82.100', '2012-08-28'),
(7414, 425466, '48.020', '2012-08-28'),
(7415, 425467, '193.310', '2012-08-28'),
(7416, 425, '447.790', '2012-08-28'),
(7417, 426472, '16.800', '2012-08-28'),
(7418, 426473, '1.950', '2012-08-28'),
(7419, 426476, '12.890', '2012-08-28'),
(7420, 426477, '17.980', '2012-08-28'),
(7421, 426478, '1.490', '2012-08-28'),
(7422, 426, '51.110', '2012-08-28'),
(7423, 42, '1098.720', '2012-08-28'),
(7424, 431700, '498.000', '2012-08-28'),
(7425, 431702, '229.000', '2012-08-28'),
(7426, 431704, '637.000', '2012-08-28'),
(7427, 431705, '279.000', '2012-08-28'),
(7428, 431706, '44.900', '2012-08-28'),
(7429, 431, '1687.900', '2012-08-28'),
(7430, 432720, '76.840', '2012-08-28'),
(7431, 432722, '104.890', '2012-08-28'),
(7432, 432724, '4.450', '2012-08-28'),
(7433, 432, '186.180', '2012-08-28'),
(7434, 434740, '168.240', '2012-08-28'),
(7435, 434741, '308.900', '2012-08-28'),
(7436, 434742, '164.830', '2012-08-28'),
(7437, 434743, '0.590', '2012-08-28'),
(7438, 434745, '219.100', '2012-08-28'),
(7439, 434, '861.660', '2012-08-28'),
(7440, 43, '2735.740', '2012-08-28'),
(7441, 441752, '40.340', '2012-08-28'),
(7442, 441753, '18.400', '2012-08-28'),
(7443, 441754, '1.000', '2012-08-28'),
(7444, 441755, '60.330', '2012-08-28'),
(7445, 441756, '26.870', '2012-08-28'),
(7446, 441757, '9.690', '2012-08-28'),
(7447, 441, '156.630', '2012-08-28'),
(7448, 442762, '56.090', '2012-08-28'),
(7449, 442, '56.090', '2012-08-28'),
(7450, 443767, '21.980', '2012-08-28'),
(7451, 443, '21.980', '2012-08-28'),
(7452, 444770, '10.000', '2012-08-28'),
(7453, 444773, '114.790', '2012-08-28'),
(7454, 444775, '608.820', '2012-08-28'),
(7455, 444, '733.610', '2012-08-28'),
(7456, 44, '968.310', '2012-08-28'),
(7457, 4, '7120.440', '2012-08-28'),
(7458, 511500, '466.720', '2012-08-28'),
(7459, 511, '466.720', '2012-08-28'),
(7460, 512503, '599.410', '2012-08-28'),
(7461, 512, '599.410', '2012-08-28'),
(7462, 51, '1066.130', '2012-08-28'),
(7463, 521506, '297.920', '2012-08-28'),
(7464, 521, '297.920', '2012-08-28'),
(7465, 522509, '119.210', '2012-08-28'),
(7466, 522, '119.210', '2012-08-28'),
(7467, 52, '417.130', '2012-08-28'),
(7468, 531512, '689.760', '2012-08-28'),
(7469, 531, '689.760', '2012-08-28'),
(7470, 532515, '764.590', '2012-08-28'),
(7471, 532516, '16.240', '2012-08-28'),
(7472, 532517, '69.650', '2012-08-28'),
(7473, 532, '850.480', '2012-08-28'),
(7474, 53, '1540.240', '2012-08-28'),
(7475, 541520, '506.390', '2012-08-28'),
(7476, 541, '506.390', '2012-08-28'),
(7477, 542523, '628.720', '2012-08-28'),
(7478, 542524, '702.220', '2012-08-28'),
(7479, 542525, '169.000', '2012-08-28'),
(7480, 542526, '60.970', '2012-08-28'),
(7481, 542527, '125.830', '2012-08-28'),
(7482, 542528, '40.600', '2012-08-28'),
(7483, 542529, '31.510', '2012-08-28'),
(7484, 542530, '446.100', '2012-08-28'),
(7485, 542531, '98.010', '2012-08-28'),
(7486, 542, '2302.960', '2012-08-28'),
(7487, 54, '2809.350', '2012-08-28'),
(7488, 551533, '115.060', '2012-08-28'),
(7489, 551534, '10.560', '2012-08-28'),
(7490, 551, '125.620', '2012-08-28'),
(7491, 552537, '158.200', '2012-08-28'),
(7492, 552538, '69.150', '2012-08-28'),
(7493, 552539, '256.940', '2012-08-28'),
(7494, 552540, '231.520', '2012-08-28'),
(7495, 552541, '4.790', '2012-08-28'),
(7496, 552542, '6.470', '2012-08-28'),
(7497, 552, '727.070', '2012-08-28'),
(7498, 55, '852.690', '2012-08-28'),
(7499, 561544, '465.260', '2012-08-28'),
(7500, 561545, '63.790', '2012-08-28'),
(7501, 561546, '18.000', '2012-08-28'),
(7502, 561, '547.050', '2012-08-28'),
(7503, 562548, '280.360', '2012-08-28'),
(7504, 562549, '47.980', '2012-08-28'),
(7505, 562, '328.340', '2012-08-28'),
(7506, 565555, '46.630', '2012-08-28'),
(7507, 565, '46.630', '2012-08-28'),
(7508, 566557, '52.190', '2012-08-28'),
(7509, 566, '52.190', '2012-08-28'),
(7510, 567560, '6.450', '2012-08-28'),
(7511, 567, '6.450', '2012-08-28'),
(7512, 56, '980.660', '2012-08-28'),
(7513, 571563, '4.990', '2012-08-28'),
(7514, 571, '4.990', '2012-08-28'),
(7515, 572566, '605.700', '2012-08-28'),
(7516, 572, '605.700', '2012-08-28'),
(7517, 573569, '5.980', '2012-08-28'),
(7518, 573, '5.980', '2012-08-28'),
(7519, 574572, '10.780', '2012-08-28'),
(7520, 574, '10.780', '2012-08-28'),
(7521, 575575, '50.670', '2012-08-28'),
(7522, 575576, '3.400', '2012-08-28'),
(7523, 575, '54.070', '2012-08-28'),
(7524, 576579, '631.490', '2012-08-28'),
(7525, 576581, '3.270', '2012-08-28'),
(7526, 576, '634.760', '2012-08-28'),
(7527, 57, '1316.280', '2012-08-28'),
(7528, 581584, '507.920', '2012-08-28'),
(7529, 581, '507.920', '2012-08-28'),
(7530, 582588, '205.750', '2012-08-28'),
(7531, 582, '205.750', '2012-08-28'),
(7532, 583591, '62.700', '2012-08-28'),
(7533, 583592, '848.940', '2012-08-28'),
(7534, 583, '911.640', '2012-08-28'),
(7535, 58, '1625.310', '2012-08-28'),
(7536, 5, '10607.790', '2012-08-28'),
(7537, 611600, '34.270', '2012-08-28'),
(7538, 611, '34.270', '2012-08-28'),
(7539, 612601, '32.680', '2012-08-28'),
(7540, 612, '32.680', '2012-08-28'),
(7541, 613602, '13.400', '2012-08-28'),
(7542, 613, '13.400', '2012-08-28'),
(7543, 614603, '54.670', '2012-08-28'),
(7544, 614, '54.670', '2012-08-28'),
(7545, 615604, '41.070', '2012-08-28'),
(7546, 615, '41.070', '2012-08-28'),
(7547, 616605, '187.850', '2012-08-28'),
(7548, 616, '187.850', '2012-08-28'),
(7549, 617606, '17.390', '2012-08-28'),
(7550, 617, '17.390', '2012-08-28'),
(7551, 61, '381.330', '2012-08-28'),
(7552, 621610, '79.190', '2012-08-28'),
(7553, 621611, '23.990', '2012-08-28'),
(7554, 621, '103.180', '2012-08-28'),
(7555, 622612, '174.860', '2012-08-28'),
(7556, 622613, '177.440', '2012-08-28'),
(7557, 622, '352.300', '2012-08-28'),
(7558, 623614, '21.990', '2012-08-28'),
(7559, 623615, '13.980', '2012-08-28'),
(7560, 623, '35.970', '2012-08-28'),
(7561, 624616, '35.770', '2012-08-28'),
(7562, 624, '35.770', '2012-08-28'),
(7563, 625617, '62.990', '2012-08-28'),
(7564, 625, '62.990', '2012-08-28'),
(7565, 626618, '19.990', '2012-08-28'),
(7566, 626, '19.990', '2012-08-28'),
(7567, 62, '610.200', '2012-08-28'),
(7568, 631620, '112.090', '2012-08-28'),
(7569, 631, '112.090', '2012-08-28'),
(7570, 63, '112.090', '2012-08-28'),
(7571, 641630, '194.900', '2012-08-28'),
(7572, 641, '194.900', '2012-08-28'),
(7573, 64, '194.900', '2012-08-28'),
(7574, 6, '1298.520', '2012-08-28');

-- --------------------------------------------------------

--
-- Structure for view `user_authorization_menu`
--
DROP TABLE IF EXISTS `user_authorization_menu`;

CREATE ALGORITHM=UNDEFINED DEFINER=`root`@`localhost` SQL SECURITY DEFINER VIEW `user_authorization_menu` AS select `ua`.`usa_id` AS `usa_id`,`ua`.`usa_usr_id` AS `usa_usr_id`,`ua`.`usa_menu_id` AS `usa_menu_id`,`mm`.`menu_id` AS `menu_id`,`mm`.`menu_number` AS `menu_number`,`mm`.`menu_description` AS `menu_description`,`us`.`usr_id` AS `usr_id`,`us`.`usr_login` AS `usr_login`,`us`.`usr_password` AS `usr_password`,`us`.`usr_section` AS `usr_section`,`us`.`usr_enable` AS `usr_enable` from ((`userauth` `ua` join `menumain` `mm`) join `users` `us`) where ((`ua`.`usa_menu_id` = `mm`.`menu_id`) and (`us`.`usr_id` = `ua`.`usa_usr_id`)) WITH CASCADED CHECK OPTION;

-- --------------------------------------------------------

--
-- Structure for view `user_section`
--
DROP TABLE IF EXISTS `user_section`;

CREATE ALGORITHM=UNDEFINED DEFINER=`root`@`localhost` SQL SECURITY DEFINER VIEW `user_section` AS select `us`.`usr_id` AS `usr_id`,`us`.`usr_login` AS `usr_login`,`us`.`usr_section` AS `usr_section`,`sec`.`sec_description` AS `sec_description` from (`users` `us` join `section` `sec`) where (`us`.`usr_section` = `sec`.`sec_id`) WITH CASCADED CHECK OPTION;

-- --------------------------------------------------------

--
-- Structure for view `user_section_comment`
--
DROP TABLE IF EXISTS `user_section_comment`;

CREATE ALGORITHM=UNDEFINED DEFINER=`root`@`localhost` SQL SECURITY DEFINER VIEW `user_section_comment` AS select `comment`.`com_id` AS `com_id`,`comment`.`com_id_user` AS `com_id_user`,`comment`.`com_comments` AS `com_comments`,`comment`.`com_id_section` AS `com_id_section`,`users`.`usr_id` AS `usr_id`,`users`.`usr_login` AS `usr_login`,`users`.`usr_password` AS `usr_password`,`users`.`usr_section` AS `usr_section`,`users`.`usr_enable` AS `usr_enable`,`section`.`sec_id` AS `sec_id`,`section`.`sec_description` AS `sec_description` from ((`comment` join `users`) join `section`) where ((`comment`.`com_id_user` = `users`.`usr_id`) and (`comment`.`com_id_section` = `section`.`sec_id`)) WITH CASCADED CHECK OPTION;

--
-- Constraints for dumped tables
--

--
-- Constraints for table `comment`
--
ALTER TABLE `comment`
  ADD CONSTRAINT `comment_ibfk_2` FOREIGN KEY (`com_id_user`) REFERENCES `users` (`usr_id`) ON DELETE CASCADE ON UPDATE CASCADE,
  ADD CONSTRAINT `sec_id` FOREIGN KEY (`com_id_section`) REFERENCES `section` (`sec_id`) ON DELETE CASCADE ON UPDATE CASCADE;

--
-- Constraints for table `objetivos`
--
ALTER TABLE `objetivos`
  ADD CONSTRAINT `objetivos_ibfk_1` FOREIGN KEY (`obj_fam_id`) REFERENCES `family` (`fam_id`) ON DELETE CASCADE ON UPDATE CASCADE;

--
-- Constraints for table `quebras`
--
ALTER TABLE `quebras`
  ADD CONSTRAINT `quebras_ibfk_1` FOREIGN KEY (`que_fam_id`) REFERENCES `family` (`fam_id`) ON DELETE CASCADE ON UPDATE CASCADE,
  ADD CONSTRAINT `quebras_ibfk_2` FOREIGN KEY (`que_tq_id`) REFERENCES `tipo_quebras` (`tq_id`) ON DELETE CASCADE ON UPDATE CASCADE;

--
-- Constraints for table `userauth`
--
ALTER TABLE `userauth`
  ADD CONSTRAINT `userauth_ibfk_1` FOREIGN KEY (`usa_usr_id`) REFERENCES `users` (`usr_id`) ON DELETE CASCADE ON UPDATE CASCADE,
  ADD CONSTRAINT `userauth_ibfk_2` FOREIGN KEY (`usa_menu_id`) REFERENCES `menumain` (`menu_id`) ON DELETE CASCADE ON UPDATE CASCADE;

--
-- Constraints for table `users`
--
ALTER TABLE `users`
  ADD CONSTRAINT `usr_section` FOREIGN KEY (`usr_section`) REFERENCES `section` (`sec_id`) ON DELETE CASCADE ON UPDATE CASCADE;

--
-- Constraints for table `vendas`
--
ALTER TABLE `vendas`
  ADD CONSTRAINT `vendas_ibfk_1` FOREIGN KEY (`ve_fam_id`) REFERENCES `family` (`fam_id`) ON DELETE CASCADE ON UPDATE CASCADE;

/*!40101 SET CHARACTER_SET_CLIENT=@OLD_CHARACTER_SET_CLIENT */;
/*!40101 SET CHARACTER_SET_RESULTS=@OLD_CHARACTER_SET_RESULTS */;
/*!40101 SET COLLATION_CONNECTION=@OLD_COLLATION_CONNECTION */;
